2026-03-16 18:48:21 [main] INFO  c.e.b.controller.AuthControllerTest - Starting AuthControllerTest using Java 25.0.2 with PID 9988 (started by gorin47 in D:\Projects\Bank_REST\bank_rest)
2026-03-16 18:48:21 [main] DEBUG c.e.b.controller.AuthControllerTest - Running with Spring Boot v4.0.2, Spring v7.0.3
2026-03-16 18:48:21 [main] INFO  c.e.b.controller.AuthControllerTest - No active profile set, falling back to 1 default profile: "default"
2026-03-16 18:48:21 [main] DEBUG o.s.w.c.s.GenericWebApplicationContext - Refreshing org.springframework.web.context.support.GenericWebApplicationContext@7d44a19
2026-03-16 18:48:22 [main] INFO  o.s.s.c.a.a.c.InitializeUserDetailsBeanManagerConfigurer$InitializeUserDetailsManagerConfigurer - Global AuthenticationManager configured with UserDetailsService bean with name userService
2026-03-16 18:48:22 [main] DEBUG o.s.s.web.DefaultSecurityFilterChain - Will secure any request with filters: DisableEncodeUrlFilter, WebAsyncManagerIntegrationFilter, SecurityContextHolderFilter, HeaderWriterFilter, CorsFilter, LogoutFilter, JwtAuthenticationFilter, RequestCacheAwareFilter, SecurityContextHolderAwareRequestFilter, AnonymousAuthenticationFilter, SessionManagementFilter, ExceptionTranslationFilter, AuthorizationFilter
2026-03-16 18:48:22 [main] DEBUG o.s.w.s.m.m.a.RequestMappingHandlerMapping - 7 mappings in 'requestMappingHandlerMapping'
2026-03-16 18:48:22 [main] DEBUG o.s.w.s.h.SimpleUrlHandlerMapping - Patterns [/webjars/**, /**] in 'resourceHandlerMapping'
2026-03-16 18:48:22 [main] DEBUG o.s.w.s.m.m.a.RequestMappingHandlerAdapter - ControllerAdvice beans: 0 @ModelAttribute, 0 @InitBinder, 2 RequestBodyAdvice, 1 ResponseBodyAdvice
2026-03-16 18:48:22 [main] DEBUG o.s.w.s.m.m.a.ExceptionHandlerExceptionResolver - ControllerAdvice beans: 1 @ExceptionHandler, 1 ResponseBodyAdvice
2026-03-16 18:48:22 [main] DEBUG c.e.b.s.JwtAuthenticationFilter - Filter 'jwtAuthenticationFilter' configured for use
2026-03-16 18:48:23 [main] INFO  o.s.b.t.m.w.SpringBootMockServletContext - Initializing Spring TestDispatcherServlet ''
2026-03-16 18:48:23 [main] INFO  o.s.t.w.s.TestDispatcherServlet - Initializing Servlet ''
2026-03-16 18:48:23 [main] INFO  o.s.t.w.s.TestDispatcherServlet - Completed initialization in 1 ms
2026-03-16 18:48:23 [main] INFO  c.e.b.controller.AuthControllerTest - Started AuthControllerTest in 1.522 seconds (process running for 2.255)
2026-03-16 18:48:23 [main] DEBUG o.s.security.web.FilterChainProxy - Securing POST /api/auth/login
2026-03-16 18:48:23 [main] DEBUG o.s.s.w.a.AnonymousAuthenticationFilter - Set SecurityContextHolder to anonymous SecurityContext
2026-03-16 18:48:23 [main] DEBUG o.s.security.web.FilterChainProxy - Secured POST /api/auth/login
2026-03-16 18:48:23 [main] DEBUG o.s.w.s.m.m.a.RequestMappingHandlerMapping - Mapped to com.example.bankcards.controller.AuthController#login(LoginRequestDto)
2026-03-16 18:48:23 [main] DEBUG o.s.w.s.m.m.a.RequestResponseBodyMethodProcessor - Read "application/json;charset=UTF-8" to [LoginRequestDto(username=Admin, password=123)]
2026-03-16 18:48:23 [main] INFO  c.e.b.controller.AuthControllerTest - Starting AuthControllerTest using Java 25.0.2 with PID 7412 (started by gorin47 in D:\Projects\Bank_REST\bank_rest)
2026-03-16 18:48:23 [main] DEBUG c.e.b.controller.AuthControllerTest - Running with Spring Boot v4.0.2, Spring v7.0.3
2026-03-16 18:48:23 [main] INFO  c.e.b.controller.AuthControllerTest - No active profile set, falling back to 1 default profile: "default"
2026-03-16 18:48:23 [main] DEBUG o.s.w.c.s.GenericWebApplicationContext - Refreshing org.springframework.web.context.support.GenericWebApplicationContext@102c577f
2026-03-16 18:48:23 [main] DEBUG o.s.w.s.m.m.a.HttpEntityMethodProcessor - Using 'application/json', given [*/*] and supported [application/json, application/*+json, application/yaml]
2026-03-16 18:48:23 [main] DEBUG o.s.w.s.m.m.a.HttpEntityMethodProcessor - Writing [TokenResponseDto(accessToken=access-token, refreshToken=refresh-token)]
2026-03-16 18:48:23 [main] DEBUG o.s.security.web.FilterChainProxy - Securing POST /api/auth/logout
2026-03-16 18:48:23 [main] DEBUG o.s.s.w.a.AnonymousAuthenticationFilter - Set SecurityContextHolder to anonymous SecurityContext
2026-03-16 18:48:23 [main] DEBUG o.s.security.web.FilterChainProxy - Secured POST /api/auth/logout
2026-03-16 18:48:23 [main] DEBUG o.s.w.s.m.m.a.RequestMappingHandlerMapping - Mapped to com.example.bankcards.controller.AuthController#logout(String)
2026-03-16 18:48:23 [main] DEBUG o.s.w.s.m.m.a.HttpEntityMethodProcessor - Using 'application/json', given [*/*] and supported [application/json, application/*+json, application/yaml]
2026-03-16 18:48:23 [main] DEBUG o.s.w.s.m.m.a.HttpEntityMethodProcessor - Nothing to write: null body
2026-03-16 18:48:23 [main] DEBUG o.s.security.web.FilterChainProxy - Securing POST /api/auth/registration
2026-03-16 18:48:23 [main] DEBUG o.s.s.w.a.AnonymousAuthenticationFilter - Set SecurityContextHolder to anonymous SecurityContext
2026-03-16 18:48:23 [main] DEBUG o.s.security.web.FilterChainProxy - Secured POST /api/auth/registration
2026-03-16 18:48:23 [main] DEBUG o.s.w.s.m.m.a.RequestMappingHandlerMapping - Mapped to com.example.bankcards.controller.AuthController#register(RegistrationDto)
2026-03-16 18:48:23 [main] DEBUG o.s.w.s.m.m.a.RequestResponseBodyMethodProcessor - Read "application/json;charset=UTF-8" to [RegistrationDto(username=Admin, firstName=Иван, lastName=Петров, email=ivanpetrov@example.com, passw (truncated)...]
2026-03-16 18:48:23 [main] DEBUG o.s.w.s.m.m.a.ExceptionHandlerExceptionResolver - Using @ExceptionHandler com.example.bankcards.exception.GlobalExceptionHandler#handleAlreadyExists(AlreadyExistsException, HttpServletRequest)
2026-03-16 18:48:23 [main] DEBUG o.s.w.s.m.m.a.RequestResponseBodyMethodProcessor - Using 'application/json', given [*/*] and supported [application/json, application/*+json, application/yaml]
2026-03-16 18:48:23 [main] DEBUG o.s.w.s.m.m.a.RequestResponseBodyMethodProcessor - Writing [ErrorResponseDTO(timestamp=2026-03-16T18:48:23.289871, path=/api/auth/registration, status=409, erro (truncated)...]
2026-03-16 18:48:23 [main] DEBUG o.s.w.s.m.m.a.ExceptionHandlerExceptionResolver - Resolved [com.example.bankcards.exception.AlreadyExistsException: Имя пользователя уже занято]
2026-03-16 18:48:23 [main] DEBUG o.s.security.web.FilterChainProxy - Securing POST /api/auth/registration
2026-03-16 18:48:23 [main] DEBUG o.s.s.w.a.AnonymousAuthenticationFilter - Set SecurityContextHolder to anonymous SecurityContext
2026-03-16 18:48:23 [main] DEBUG o.s.security.web.FilterChainProxy - Secured POST /api/auth/registration
2026-03-16 18:48:23 [main] DEBUG o.s.w.s.m.m.a.RequestMappingHandlerMapping - Mapped to com.example.bankcards.controller.AuthController#register(RegistrationDto)
2026-03-16 18:48:23 [main] DEBUG o.s.w.s.m.m.a.RequestResponseBodyMethodProcessor - Read "application/json;charset=UTF-8" to [RegistrationDto(username=Admin, firstName=Иван, lastName=Петров, email=ivanpetrov@example.com, passw (truncated)...]
2026-03-16 18:48:23 [main] DEBUG o.s.w.s.m.m.a.ExceptionHandlerExceptionResolver - Using @ExceptionHandler com.example.bankcards.exception.GlobalExceptionHandler#handleAlreadyExists(AlreadyExistsException, HttpServletRequest)
2026-03-16 18:48:23 [main] DEBUG o.s.w.s.m.m.a.RequestResponseBodyMethodProcessor - Using 'application/json', given [*/*] and supported [application/json, application/*+json, application/yaml]
2026-03-16 18:48:23 [main] DEBUG o.s.w.s.m.m.a.RequestResponseBodyMethodProcessor - Writing [ErrorResponseDTO(timestamp=2026-03-16T18:48:23.307871700, path=/api/auth/registration, status=409, e (truncated)...]
2026-03-16 18:48:23 [main] DEBUG o.s.w.s.m.m.a.ExceptionHandlerExceptionResolver - Resolved [com.example.bankcards.exception.AlreadyExistsException: Email уже занят]
2026-03-16 18:48:23 [main] DEBUG o.s.security.web.FilterChainProxy - Securing POST /api/auth/logout
2026-03-16 18:48:23 [main] DEBUG o.s.s.w.a.AnonymousAuthenticationFilter - Set SecurityContextHolder to anonymous SecurityContext
2026-03-16 18:48:23 [main] DEBUG o.s.security.web.FilterChainProxy - Secured POST /api/auth/logout
2026-03-16 18:48:23 [main] DEBUG o.s.w.s.m.m.a.RequestMappingHandlerMapping - Mapped to com.example.bankcards.controller.AuthController#logout(String)
2026-03-16 18:48:23 [main] DEBUG o.s.web.method.HandlerMethod - Could not resolve parameter [0] in public org.springframework.http.ResponseEntity<java.lang.Void> com.example.bankcards.controller.AuthController.logout(java.lang.String): Required request header 'Authorization' for method parameter type String is not present
2026-03-16 18:48:23 [main] DEBUG o.s.w.s.m.m.a.ExceptionHandlerExceptionResolver - Using @ExceptionHandler com.example.bankcards.exception.GlobalExceptionHandler#handleGenericException(Exception, HttpServletRequest)
2026-03-16 18:48:23 [main] DEBUG o.s.w.s.m.m.a.RequestResponseBodyMethodProcessor - Using 'application/json', given [*/*] and supported [application/json, application/*+json, application/yaml]
2026-03-16 18:48:23 [main] DEBUG o.s.w.s.m.m.a.RequestResponseBodyMethodProcessor - Writing [ErrorResponseDTO(timestamp=2026-03-16T18:48:23.321870800, path=/api/auth/logout, status=500, error=I (truncated)...]
2026-03-16 18:48:23 [main] DEBUG o.s.w.s.m.m.a.ExceptionHandlerExceptionResolver - Resolved [org.springframework.web.bind.MissingRequestHeaderException: Required request header 'Authorization' for method parameter type String is not present]
2026-03-16 18:48:23 [main] DEBUG o.s.security.web.FilterChainProxy - Securing POST /api/auth/registration
2026-03-16 18:48:23 [main] DEBUG o.s.s.w.a.AnonymousAuthenticationFilter - Set SecurityContextHolder to anonymous SecurityContext
2026-03-16 18:48:23 [main] DEBUG o.s.security.web.FilterChainProxy - Secured POST /api/auth/registration
2026-03-16 18:48:23 [main] DEBUG o.s.w.s.m.m.a.RequestMappingHandlerMapping - Mapped to com.example.bankcards.controller.AuthController#register(RegistrationDto)
2026-03-16 18:48:23 [main] DEBUG o.s.w.s.m.m.a.RequestResponseBodyMethodProcessor - Read "application/json;charset=UTF-8" to [RegistrationDto(username=, firstName=Иван, lastName=Петров, email=ivanpetrov@example.com, password=1 (truncated)...]
2026-03-16 18:48:23 [main] DEBUG o.s.w.s.m.m.a.ExceptionHandlerExceptionResolver - Using @ExceptionHandler com.example.bankcards.exception.GlobalExceptionHandler#handleMethodArgumentNotValidException(MethodArgumentNotValidException, HttpServletRequest)
2026-03-16 18:48:23 [main] DEBUG o.s.w.s.m.m.a.RequestResponseBodyMethodProcessor - Using 'application/json', given [*/*] and supported [application/json, application/*+json, application/yaml]
2026-03-16 18:48:23 [main] DEBUG o.s.w.s.m.m.a.RequestResponseBodyMethodProcessor - Writing [[ErrorResponseDTO(timestamp=2026-03-16T18:48:23.337872200, path=/api/auth/registration, status=422,  (truncated)...]
2026-03-16 18:48:23 [main] DEBUG o.s.w.s.m.m.a.ExceptionHandlerExceptionResolver - Resolved [org.springframework.web.bind.MethodArgumentNotValidException: Validation failed for argument [0] in public org.springframework.http.ResponseEntity<java.lang.String> com.example.bankcards.controller.AuthController.register(com.example.bankcards.dto.RegistrationDto): [Field error in object 'registrationDto' on field 'username': rejected value []; codes [NotBlank.registrationDto.username,NotBlank.username,NotBlank.java.lang.String,NotBlank]; arguments [org.springframework.context.support.DefaultMessageSourceResolvable: codes [registrationDto.username,username]; arguments []; default message [username]]; default message [поле не может быть пустым]] ]
2026-03-16 18:48:23 [main] DEBUG o.s.security.web.FilterChainProxy - Securing POST /api/auth/registration_list
2026-03-16 18:48:23 [main] DEBUG o.s.s.w.a.AnonymousAuthenticationFilter - Set SecurityContextHolder to anonymous SecurityContext
2026-03-16 18:48:23 [main] DEBUG o.s.security.web.FilterChainProxy - Secured POST /api/auth/registration_list
2026-03-16 18:48:23 [main] DEBUG o.s.w.s.m.m.a.RequestMappingHandlerMapping - Mapped to com.example.bankcards.controller.AuthController#registerList(List)
2026-03-16 18:48:23 [main] DEBUG o.s.w.s.m.m.a.RequestResponseBodyMethodProcessor - Read "application/json;charset=UTF-8" to [[RegistrationDto(username=user1, firstName=Иван1, lastName=Петров1, email=ivanpetrov1@example.com, p (truncated)...]
2026-03-16 18:48:23 [main] DEBUG o.s.w.s.m.m.a.HttpEntityMethodProcessor - Using 'text/plain', given [*/*] and supported [text/plain, */*, application/json, application/*+json, application/yaml]
2026-03-16 18:48:23 [main] DEBUG o.s.w.s.m.m.a.HttpEntityMethodProcessor - Writing ["Регистрация прошла успешно"]
2026-03-16 18:48:23 [main] DEBUG o.s.security.web.FilterChainProxy - Securing POST /api/auth/registration
2026-03-16 18:48:23 [main] DEBUG o.s.s.w.a.AnonymousAuthenticationFilter - Set SecurityContextHolder to anonymous SecurityContext
2026-03-16 18:48:23 [main] DEBUG o.s.security.web.FilterChainProxy - Secured POST /api/auth/registration
2026-03-16 18:48:23 [main] DEBUG o.s.w.s.m.m.a.RequestMappingHandlerMapping - Mapped to com.example.bankcards.controller.AuthController#register(RegistrationDto)
2026-03-16 18:48:23 [main] DEBUG o.s.w.s.m.m.a.RequestResponseBodyMethodProcessor - Read "application/json;charset=UTF-8" to [RegistrationDto(username=Admin, firstName=Иван, lastName=Петров, email=ivanpetrov@example.com, passw (truncated)...]
2026-03-16 18:48:23 [main] DEBUG o.s.w.s.m.m.a.HttpEntityMethodProcessor - Using 'text/plain', given [*/*] and supported [text/plain, */*, application/json, application/*+json, application/yaml]
2026-03-16 18:48:23 [main] DEBUG o.s.w.s.m.m.a.HttpEntityMethodProcessor - Writing ["Регистрация прошла успешно"]
2026-03-16 18:48:23 [main] DEBUG o.s.security.web.FilterChainProxy - Securing POST /api/auth/registration
2026-03-16 18:48:23 [main] DEBUG o.s.s.w.a.AnonymousAuthenticationFilter - Set SecurityContextHolder to anonymous SecurityContext
2026-03-16 18:48:23 [main] DEBUG o.s.security.web.FilterChainProxy - Secured POST /api/auth/registration
2026-03-16 18:48:23 [main] DEBUG o.s.w.s.m.m.a.RequestMappingHandlerMapping - Mapped to com.example.bankcards.controller.AuthController#register(RegistrationDto)
2026-03-16 18:48:23 [main] DEBUG o.s.w.s.m.m.a.RequestResponseBodyMethodProcessor - Read "application/json;charset=UTF-8" to [RegistrationDto(username=null, firstName=Иван, lastName=Петров, email=ivanpetrov@example.com, passwo (truncated)...]
2026-03-16 18:48:23 [main] DEBUG o.s.w.s.m.m.a.ExceptionHandlerExceptionResolver - Using @ExceptionHandler com.example.bankcards.exception.GlobalExceptionHandler#handleMethodArgumentNotValidException(MethodArgumentNotValidException, HttpServletRequest)
2026-03-16 18:48:23 [main] DEBUG o.s.w.s.m.m.a.RequestResponseBodyMethodProcessor - Using 'application/json', given [*/*] and supported [application/json, application/*+json, application/yaml]
2026-03-16 18:48:23 [main] DEBUG o.s.w.s.m.m.a.RequestResponseBodyMethodProcessor - Writing [[ErrorResponseDTO(timestamp=2026-03-16T18:48:23.408870500, path=/api/auth/registration, status=422,  (truncated)...]
2026-03-16 18:48:23 [main] DEBUG o.s.w.s.m.m.a.ExceptionHandlerExceptionResolver - Resolved [org.springframework.web.bind.MethodArgumentNotValidException: Validation failed for argument [0] in public org.springframework.http.ResponseEntity<java.lang.String> com.example.bankcards.controller.AuthController.register(com.example.bankcards.dto.RegistrationDto): [Field error in object 'registrationDto' on field 'username': rejected value [null]; codes [NotBlank.registrationDto.username,NotBlank.username,NotBlank.java.lang.String,NotBlank]; arguments [org.springframework.context.support.DefaultMessageSourceResolvable: codes [registrationDto.username,username]; arguments []; default message [username]]; default message [поле не может быть пустым]] ]
2026-03-16 18:48:23 [main] DEBUG o.s.security.web.FilterChainProxy - Securing POST /api/auth/refresh_token
2026-03-16 18:48:23 [main] DEBUG o.s.s.w.a.AnonymousAuthenticationFilter - Set SecurityContextHolder to anonymous SecurityContext
2026-03-16 18:48:23 [main] DEBUG o.s.security.web.FilterChainProxy - Secured POST /api/auth/refresh_token
2026-03-16 18:48:23 [main] DEBUG o.s.w.s.m.m.a.RequestMappingHandlerMapping - Mapped to com.example.bankcards.controller.AuthController#refreshToken(HttpServletRequest, HttpServletResponse)
2026-03-16 18:48:23 [main] DEBUG o.s.w.s.m.m.a.HttpEntityMethodProcessor - Using 'application/json', given [*/*] and supported [application/json, application/*+json, application/yaml]
2026-03-16 18:48:23 [main] DEBUG o.s.w.s.m.m.a.HttpEntityMethodProcessor - Writing [TokenResponseDto(accessToken=access-token, refreshToken=refresh-token)]
2026-03-16 18:48:23 [main] DEBUG o.s.security.web.FilterChainProxy - Securing POST /api/auth/registration_list
2026-03-16 18:48:23 [main] DEBUG o.s.s.w.a.AnonymousAuthenticationFilter - Set SecurityContextHolder to anonymous SecurityContext
2026-03-16 18:48:23 [main] DEBUG o.s.security.web.FilterChainProxy - Secured POST /api/auth/registration_list
2026-03-16 18:48:23 [main] DEBUG o.s.w.s.m.m.a.RequestMappingHandlerMapping - Mapped to com.example.bankcards.controller.AuthController#registerList(List)
2026-03-16 18:48:23 [main] DEBUG o.s.w.s.m.m.a.RequestResponseBodyMethodProcessor - Read "application/json;charset=UTF-8" to [[RegistrationDto(username=user1, firstName=Иван1, lastName=Петров1, email=ivanpetrov1@example.com, p (truncated)...]
2026-03-16 18:48:23 [main] DEBUG o.s.w.s.m.m.a.ExceptionHandlerExceptionResolver - Using @ExceptionHandler com.example.bankcards.exception.GlobalExceptionHandler#handleAlreadyExists(AlreadyExistsException, HttpServletRequest)
2026-03-16 18:48:23 [main] DEBUG o.s.w.s.m.m.a.RequestResponseBodyMethodProcessor - Using 'application/json', given [*/*] and supported [application/json, application/*+json, application/yaml]
2026-03-16 18:48:23 [main] DEBUG o.s.w.s.m.m.a.RequestResponseBodyMethodProcessor - Writing [ErrorResponseDTO(timestamp=2026-03-16T18:48:23.425868700, path=/api/auth/registration_list, status=4 (truncated)...]
2026-03-16 18:48:23 [main] DEBUG o.s.w.s.m.m.a.ExceptionHandlerExceptionResolver - Resolved [com.example.bankcards.exception.AlreadyExistsException: Имя пользователя 'user2' уже занято]
2026-03-16 18:48:23 [SpringApplicationShutdownHook] DEBUG o.s.w.c.s.GenericWebApplicationContext - Closing org.springframework.web.context.support.GenericWebApplicationContext@7d44a19, started on Mon Mar 16 18:48:21 GMT+05:00 2026
2026-03-16 18:48:24 [main] INFO  o.s.s.c.a.a.c.InitializeUserDetailsBeanManagerConfigurer$InitializeUserDetailsManagerConfigurer - Global AuthenticationManager configured with UserDetailsService bean with name userService
2026-03-16 18:48:24 [main] DEBUG o.s.s.web.DefaultSecurityFilterChain - Will secure any request with filters: DisableEncodeUrlFilter, WebAsyncManagerIntegrationFilter, SecurityContextHolderFilter, HeaderWriterFilter, CorsFilter, LogoutFilter, JwtAuthenticationFilter, RequestCacheAwareFilter, SecurityContextHolderAwareRequestFilter, AnonymousAuthenticationFilter, SessionManagementFilter, ExceptionTranslationFilter, AuthorizationFilter
2026-03-16 18:48:24 [main] DEBUG o.s.w.s.m.m.a.RequestMappingHandlerMapping - 7 mappings in 'requestMappingHandlerMapping'
2026-03-16 18:48:24 [main] DEBUG o.s.w.s.h.SimpleUrlHandlerMapping - Patterns [/webjars/**, /**] in 'resourceHandlerMapping'
2026-03-16 18:48:24 [main] DEBUG o.s.w.s.m.m.a.RequestMappingHandlerAdapter - ControllerAdvice beans: 0 @ModelAttribute, 0 @InitBinder, 2 RequestBodyAdvice, 1 ResponseBodyAdvice
2026-03-16 18:48:24 [main] DEBUG o.s.w.s.m.m.a.ExceptionHandlerExceptionResolver - ControllerAdvice beans: 1 @ExceptionHandler, 1 ResponseBodyAdvice
2026-03-16 18:48:24 [main] DEBUG c.e.b.s.JwtAuthenticationFilter - Filter 'jwtAuthenticationFilter' configured for use
2026-03-16 18:48:24 [main] INFO  o.s.b.t.m.w.SpringBootMockServletContext - Initializing Spring TestDispatcherServlet ''
2026-03-16 18:48:24 [main] INFO  o.s.t.w.s.TestDispatcherServlet - Initializing Servlet ''
2026-03-16 18:48:24 [main] INFO  o.s.t.w.s.TestDispatcherServlet - Completed initialization in 1 ms
2026-03-16 18:48:24 [SpringApplicationShutdownHook] DEBUG o.s.w.c.s.GenericWebApplicationContext - Closing org.springframework.web.context.support.GenericWebApplicationContext@102c577f, started on Mon Mar 16 18:48:23 GMT+05:00 2026
2026-03-16 18:48:26 [main] INFO  c.e.b.controller.AuthControllerTest - Starting AuthControllerTest using Java 25.0.2 with PID 11560 (started by gorin47 in D:\Projects\Bank_REST\bank_rest)
2026-03-16 18:48:26 [main] DEBUG c.e.b.controller.AuthControllerTest - Running with Spring Boot v4.0.2, Spring v7.0.3
2026-03-16 18:48:26 [main] INFO  c.e.b.controller.AuthControllerTest - No active profile set, falling back to 1 default profile: "default"
2026-03-16 18:48:26 [main] DEBUG o.s.w.c.s.GenericWebApplicationContext - Refreshing org.springframework.web.context.support.GenericWebApplicationContext@102c577f
2026-03-16 18:48:27 [main] INFO  o.s.s.c.a.a.c.InitializeUserDetailsBeanManagerConfigurer$InitializeUserDetailsManagerConfigurer - Global AuthenticationManager configured with UserDetailsService bean with name userService
2026-03-16 18:48:27 [main] DEBUG o.s.s.web.DefaultSecurityFilterChain - Will secure any request with filters: DisableEncodeUrlFilter, WebAsyncManagerIntegrationFilter, SecurityContextHolderFilter, HeaderWriterFilter, CorsFilter, LogoutFilter, JwtAuthenticationFilter, RequestCacheAwareFilter, SecurityContextHolderAwareRequestFilter, AnonymousAuthenticationFilter, SessionManagementFilter, ExceptionTranslationFilter, AuthorizationFilter
2026-03-16 18:48:27 [main] DEBUG o.s.w.s.m.m.a.RequestMappingHandlerMapping - 7 mappings in 'requestMappingHandlerMapping'
2026-03-16 18:48:27 [main] DEBUG o.s.w.s.h.SimpleUrlHandlerMapping - Patterns [/webjars/**, /**] in 'resourceHandlerMapping'
2026-03-16 18:48:27 [main] DEBUG o.s.w.s.m.m.a.RequestMappingHandlerAdapter - ControllerAdvice beans: 0 @ModelAttribute, 0 @InitBinder, 2 RequestBodyAdvice, 1 ResponseBodyAdvice
2026-03-16 18:48:27 [main] DEBUG o.s.w.s.m.m.a.ExceptionHandlerExceptionResolver - ControllerAdvice beans: 1 @ExceptionHandler, 1 ResponseBodyAdvice
2026-03-16 18:48:27 [main] DEBUG c.e.b.s.JwtAuthenticationFilter - Filter 'jwtAuthenticationFilter' configured for use
2026-03-16 18:48:27 [main] INFO  o.s.b.t.m.w.SpringBootMockServletContext - Initializing Spring TestDispatcherServlet ''
2026-03-16 18:48:27 [main] INFO  o.s.t.w.s.TestDispatcherServlet - Initializing Servlet ''
2026-03-16 18:48:27 [main] INFO  o.s.t.w.s.TestDispatcherServlet - Completed initialization in 1 ms
2026-03-16 18:48:27 [main] INFO  c.e.b.controller.AuthControllerTest - Started AuthControllerTest in 1.35 seconds (process running for 2.007)
2026-03-16 18:48:27 [main] DEBUG o.s.security.web.FilterChainProxy - Securing POST /api/auth/login
2026-03-16 18:48:27 [main] DEBUG o.s.s.w.a.AnonymousAuthenticationFilter - Set SecurityContextHolder to anonymous SecurityContext
2026-03-16 18:48:27 [main] DEBUG o.s.security.web.FilterChainProxy - Secured POST /api/auth/login
2026-03-16 18:48:27 [main] DEBUG o.s.w.s.m.m.a.RequestMappingHandlerMapping - Mapped to com.example.bankcards.controller.AuthController#login(LoginRequestDto)
2026-03-16 18:48:27 [main] DEBUG o.s.w.s.m.m.a.RequestResponseBodyMethodProcessor - Read "application/json;charset=UTF-8" to [LoginRequestDto(username=Admin, password=123)]
2026-03-16 18:48:27 [main] DEBUG o.s.w.s.m.m.a.HttpEntityMethodProcessor - Using 'application/json', given [*/*] and supported [application/json, application/*+json, application/yaml]
2026-03-16 18:48:27 [main] DEBUG o.s.w.s.m.m.a.HttpEntityMethodProcessor - Writing [TokenResponseDto(accessToken=access-token, refreshToken=refresh-token)]
2026-03-16 18:48:27 [main] DEBUG o.s.security.web.FilterChainProxy - Securing POST /api/auth/logout
2026-03-16 18:48:27 [main] DEBUG o.s.s.w.a.AnonymousAuthenticationFilter - Set SecurityContextHolder to anonymous SecurityContext
2026-03-16 18:48:27 [main] DEBUG o.s.security.web.FilterChainProxy - Secured POST /api/auth/logout
2026-03-16 18:48:27 [main] DEBUG o.s.w.s.m.m.a.RequestMappingHandlerMapping - Mapped to com.example.bankcards.controller.AuthController#logout(String)
2026-03-16 18:48:27 [main] DEBUG o.s.w.s.m.m.a.HttpEntityMethodProcessor - Using 'application/json', given [*/*] and supported [application/json, application/*+json, application/yaml]
2026-03-16 18:48:27 [main] DEBUG o.s.w.s.m.m.a.HttpEntityMethodProcessor - Nothing to write: null body
2026-03-16 18:48:27 [main] DEBUG o.s.security.web.FilterChainProxy - Securing POST /api/auth/registration
2026-03-16 18:48:27 [main] DEBUG o.s.s.w.a.AnonymousAuthenticationFilter - Set SecurityContextHolder to anonymous SecurityContext
2026-03-16 18:48:27 [main] DEBUG o.s.security.web.FilterChainProxy - Secured POST /api/auth/registration
2026-03-16 18:48:27 [main] DEBUG o.s.w.s.m.m.a.RequestMappingHandlerMapping - Mapped to com.example.bankcards.controller.AuthController#register(RegistrationDto)
2026-03-16 18:48:27 [main] DEBUG o.s.w.s.m.m.a.RequestResponseBodyMethodProcessor - Read "application/json;charset=UTF-8" to [RegistrationDto(username=Admin, firstName=Иван, lastName=Петров, email=ivanpetrov@example.com, passw (truncated)...]
2026-03-16 18:48:27 [main] DEBUG o.s.w.s.m.m.a.ExceptionHandlerExceptionResolver - Using @ExceptionHandler com.example.bankcards.exception.GlobalExceptionHandler#handleAlreadyExists(AlreadyExistsException, HttpServletRequest)
2026-03-16 18:48:27 [main] DEBUG o.s.w.s.m.m.a.RequestResponseBodyMethodProcessor - Using 'application/json', given [*/*] and supported [application/json, application/*+json, application/yaml]
2026-03-16 18:48:27 [main] DEBUG o.s.w.s.m.m.a.RequestResponseBodyMethodProcessor - Writing [ErrorResponseDTO(timestamp=2026-03-16T18:48:27.636909300, path=/api/auth/registration, status=409, e (truncated)...]
2026-03-16 18:48:27 [main] DEBUG o.s.w.s.m.m.a.ExceptionHandlerExceptionResolver - Resolved [com.example.bankcards.exception.AlreadyExistsException: Имя пользователя уже занято]
2026-03-16 18:48:27 [main] DEBUG o.s.security.web.FilterChainProxy - Securing POST /api/auth/registration
2026-03-16 18:48:27 [main] DEBUG o.s.s.w.a.AnonymousAuthenticationFilter - Set SecurityContextHolder to anonymous SecurityContext
2026-03-16 18:48:27 [main] DEBUG o.s.security.web.FilterChainProxy - Secured POST /api/auth/registration
2026-03-16 18:48:27 [main] DEBUG o.s.w.s.m.m.a.RequestMappingHandlerMapping - Mapped to com.example.bankcards.controller.AuthController#register(RegistrationDto)
2026-03-16 18:48:27 [main] DEBUG o.s.w.s.m.m.a.RequestResponseBodyMethodProcessor - Read "application/json;charset=UTF-8" to [RegistrationDto(username=Admin, firstName=Иван, lastName=Петров, email=ivanpetrov@example.com, passw (truncated)...]
2026-03-16 18:48:27 [main] DEBUG o.s.w.s.m.m.a.ExceptionHandlerExceptionResolver - Using @ExceptionHandler com.example.bankcards.exception.GlobalExceptionHandler#handleAlreadyExists(AlreadyExistsException, HttpServletRequest)
2026-03-16 18:48:27 [main] DEBUG o.s.w.s.m.m.a.RequestResponseBodyMethodProcessor - Using 'application/json', given [*/*] and supported [application/json, application/*+json, application/yaml]
2026-03-16 18:48:27 [main] DEBUG o.s.w.s.m.m.a.RequestResponseBodyMethodProcessor - Writing [ErrorResponseDTO(timestamp=2026-03-16T18:48:27.652908900, path=/api/auth/registration, status=409, e (truncated)...]
2026-03-16 18:48:27 [main] DEBUG o.s.w.s.m.m.a.ExceptionHandlerExceptionResolver - Resolved [com.example.bankcards.exception.AlreadyExistsException: Email уже занят]
2026-03-16 18:48:27 [main] DEBUG o.s.security.web.FilterChainProxy - Securing POST /api/auth/logout
2026-03-16 18:48:27 [main] DEBUG o.s.s.w.a.AnonymousAuthenticationFilter - Set SecurityContextHolder to anonymous SecurityContext
2026-03-16 18:48:27 [main] DEBUG o.s.security.web.FilterChainProxy - Secured POST /api/auth/logout
2026-03-16 18:48:27 [main] DEBUG o.s.w.s.m.m.a.RequestMappingHandlerMapping - Mapped to com.example.bankcards.controller.AuthController#logout(String)
2026-03-16 18:48:27 [main] DEBUG o.s.web.method.HandlerMethod - Could not resolve parameter [0] in public org.springframework.http.ResponseEntity<java.lang.Void> com.example.bankcards.controller.AuthController.logout(java.lang.String): Required request header 'Authorization' for method parameter type String is not present
2026-03-16 18:48:27 [main] DEBUG o.s.w.s.m.m.a.ExceptionHandlerExceptionResolver - Using @ExceptionHandler com.example.bankcards.exception.GlobalExceptionHandler#handleGenericException(Exception, HttpServletRequest)
2026-03-16 18:48:27 [main] DEBUG o.s.w.s.m.m.a.RequestResponseBodyMethodProcessor - Using 'application/json', given [*/*] and supported [application/json, application/*+json, application/yaml]
2026-03-16 18:48:27 [main] DEBUG o.s.w.s.m.m.a.RequestResponseBodyMethodProcessor - Writing [ErrorResponseDTO(timestamp=2026-03-16T18:48:27.662908700, path=/api/auth/logout, status=500, error=I (truncated)...]
2026-03-16 18:48:27 [main] DEBUG o.s.w.s.m.m.a.ExceptionHandlerExceptionResolver - Resolved [org.springframework.web.bind.MissingRequestHeaderException: Required request header 'Authorization' for method parameter type String is not present]
2026-03-16 18:48:27 [main] DEBUG o.s.security.web.FilterChainProxy - Securing POST /api/auth/registration
2026-03-16 18:48:27 [main] DEBUG o.s.s.w.a.AnonymousAuthenticationFilter - Set SecurityContextHolder to anonymous SecurityContext
2026-03-16 18:48:27 [main] DEBUG o.s.security.web.FilterChainProxy - Secured POST /api/auth/registration
2026-03-16 18:48:27 [main] DEBUG o.s.w.s.m.m.a.RequestMappingHandlerMapping - Mapped to com.example.bankcards.controller.AuthController#register(RegistrationDto)
2026-03-16 18:48:27 [main] DEBUG o.s.w.s.m.m.a.RequestResponseBodyMethodProcessor - Read "application/json;charset=UTF-8" to [RegistrationDto(username=, firstName=Иван, lastName=Петров, email=ivanpetrov@example.com, password=1 (truncated)...]
2026-03-16 18:48:27 [main] DEBUG o.s.w.s.m.m.a.ExceptionHandlerExceptionResolver - Using @ExceptionHandler com.example.bankcards.exception.GlobalExceptionHandler#handleMethodArgumentNotValidException(MethodArgumentNotValidException, HttpServletRequest)
2026-03-16 18:48:27 [main] DEBUG o.s.w.s.m.m.a.RequestResponseBodyMethodProcessor - Using 'application/json', given [*/*] and supported [application/json, application/*+json, application/yaml]
2026-03-16 18:48:27 [main] DEBUG o.s.w.s.m.m.a.RequestResponseBodyMethodProcessor - Writing [[ErrorResponseDTO(timestamp=2026-03-16T18:48:27.674908900, path=/api/auth/registration, status=422,  (truncated)...]
2026-03-16 18:48:27 [main] DEBUG o.s.w.s.m.m.a.ExceptionHandlerExceptionResolver - Resolved [org.springframework.web.bind.MethodArgumentNotValidException: Validation failed for argument [0] in public org.springframework.http.ResponseEntity<java.lang.String> com.example.bankcards.controller.AuthController.register(com.example.bankcards.dto.RegistrationDto): [Field error in object 'registrationDto' on field 'username': rejected value []; codes [NotBlank.registrationDto.username,NotBlank.username,NotBlank.java.lang.String,NotBlank]; arguments [org.springframework.context.support.DefaultMessageSourceResolvable: codes [registrationDto.username,username]; arguments []; default message [username]]; default message [поле не может быть пустым]] ]
2026-03-16 18:48:27 [main] DEBUG o.s.security.web.FilterChainProxy - Securing POST /api/auth/registration_list
2026-03-16 18:48:27 [main] DEBUG o.s.s.w.a.AnonymousAuthenticationFilter - Set SecurityContextHolder to anonymous SecurityContext
2026-03-16 18:48:27 [main] DEBUG o.s.security.web.FilterChainProxy - Secured POST /api/auth/registration_list
2026-03-16 18:48:27 [main] DEBUG o.s.w.s.m.m.a.RequestMappingHandlerMapping - Mapped to com.example.bankcards.controller.AuthController#registerList(List)
2026-03-16 18:48:27 [main] DEBUG o.s.w.s.m.m.a.RequestResponseBodyMethodProcessor - Read "application/json;charset=UTF-8" to [[RegistrationDto(username=user1, firstName=Иван1, lastName=Петров1, email=ivanpetrov1@example.com, p (truncated)...]
2026-03-16 18:48:27 [main] DEBUG o.s.w.s.m.m.a.HttpEntityMethodProcessor - Using 'text/plain', given [*/*] and supported [text/plain, */*, application/json, application/*+json, application/yaml]
2026-03-16 18:48:27 [main] DEBUG o.s.w.s.m.m.a.HttpEntityMethodProcessor - Writing ["Регистрация прошла успешно"]
2026-03-16 18:48:27 [main] DEBUG o.s.security.web.FilterChainProxy - Securing POST /api/auth/registration
2026-03-16 18:48:27 [main] DEBUG o.s.s.w.a.AnonymousAuthenticationFilter - Set SecurityContextHolder to anonymous SecurityContext
2026-03-16 18:48:27 [main] DEBUG o.s.security.web.FilterChainProxy - Secured POST /api/auth/registration
2026-03-16 18:48:27 [main] DEBUG o.s.w.s.m.m.a.RequestMappingHandlerMapping - Mapped to com.example.bankcards.controller.AuthController#register(RegistrationDto)
2026-03-16 18:48:27 [main] DEBUG o.s.w.s.m.m.a.RequestResponseBodyMethodProcessor - Read "application/json;charset=UTF-8" to [RegistrationDto(username=Admin, firstName=Иван, lastName=Петров, email=ivanpetrov@example.com, passw (truncated)...]
2026-03-16 18:48:27 [main] DEBUG o.s.w.s.m.m.a.HttpEntityMethodProcessor - Using 'text/plain', given [*/*] and supported [text/plain, */*, application/json, application/*+json, application/yaml]
2026-03-16 18:48:27 [main] DEBUG o.s.w.s.m.m.a.HttpEntityMethodProcessor - Writing ["Регистрация прошла успешно"]
2026-03-16 18:48:27 [main] DEBUG o.s.security.web.FilterChainProxy - Securing POST /api/auth/registration
2026-03-16 18:48:27 [main] DEBUG o.s.s.w.a.AnonymousAuthenticationFilter - Set SecurityContextHolder to anonymous SecurityContext
2026-03-16 18:48:27 [main] DEBUG o.s.security.web.FilterChainProxy - Secured POST /api/auth/registration
2026-03-16 18:48:27 [main] DEBUG o.s.w.s.m.m.a.RequestMappingHandlerMapping - Mapped to com.example.bankcards.controller.AuthController#register(RegistrationDto)
2026-03-16 18:48:27 [main] DEBUG o.s.w.s.m.m.a.RequestResponseBodyMethodProcessor - Read "application/json;charset=UTF-8" to [RegistrationDto(username=null, firstName=Иван, lastName=Петров, email=ivanpetrov@example.com, passwo (truncated)...]
2026-03-16 18:48:27 [main] DEBUG o.s.w.s.m.m.a.ExceptionHandlerExceptionResolver - Using @ExceptionHandler com.example.bankcards.exception.GlobalExceptionHandler#handleMethodArgumentNotValidException(MethodArgumentNotValidException, HttpServletRequest)
2026-03-16 18:48:27 [main] DEBUG o.s.w.s.m.m.a.RequestResponseBodyMethodProcessor - Using 'application/json', given [*/*] and supported [application/json, application/*+json, application/yaml]
2026-03-16 18:48:27 [main] DEBUG o.s.w.s.m.m.a.RequestResponseBodyMethodProcessor - Writing [[ErrorResponseDTO(timestamp=2026-03-16T18:48:27.742910, path=/api/auth/registration, status=422, err (truncated)...]
2026-03-16 18:48:27 [main] DEBUG o.s.w.s.m.m.a.ExceptionHandlerExceptionResolver - Resolved [org.springframework.web.bind.MethodArgumentNotValidException: Validation failed for argument [0] in public org.springframework.http.ResponseEntity<java.lang.String> com.example.bankcards.controller.AuthController.register(com.example.bankcards.dto.RegistrationDto): [Field error in object 'registrationDto' on field 'username': rejected value [null]; codes [NotBlank.registrationDto.username,NotBlank.username,NotBlank.java.lang.String,NotBlank]; arguments [org.springframework.context.support.DefaultMessageSourceResolvable: codes [registrationDto.username,username]; arguments []; default message [username]]; default message [поле не может быть пустым]] ]
2026-03-16 18:48:27 [main] DEBUG o.s.security.web.FilterChainProxy - Securing POST /api/auth/refresh_token
2026-03-16 18:48:27 [main] DEBUG o.s.s.w.a.AnonymousAuthenticationFilter - Set SecurityContextHolder to anonymous SecurityContext
2026-03-16 18:48:27 [main] DEBUG o.s.security.web.FilterChainProxy - Secured POST /api/auth/refresh_token
2026-03-16 18:48:27 [main] DEBUG o.s.w.s.m.m.a.RequestMappingHandlerMapping - Mapped to com.example.bankcards.controller.AuthController#refreshToken(HttpServletRequest, HttpServletResponse)
2026-03-16 18:48:27 [main] DEBUG o.s.w.s.m.m.a.HttpEntityMethodProcessor - Using 'application/json', given [*/*] and supported [application/json, application/*+json, application/yaml]
2026-03-16 18:48:27 [main] DEBUG o.s.w.s.m.m.a.HttpEntityMethodProcessor - Writing [TokenResponseDto(accessToken=access-token, refreshToken=refresh-token)]
2026-03-16 18:48:27 [main] DEBUG o.s.security.web.FilterChainProxy - Securing POST /api/auth/registration_list
2026-03-16 18:48:27 [main] DEBUG o.s.s.w.a.AnonymousAuthenticationFilter - Set SecurityContextHolder to anonymous SecurityContext
2026-03-16 18:48:27 [main] DEBUG o.s.security.web.FilterChainProxy - Secured POST /api/auth/registration_list
2026-03-16 18:48:27 [main] DEBUG o.s.w.s.m.m.a.RequestMappingHandlerMapping - Mapped to com.example.bankcards.controller.AuthController#registerList(List)
2026-03-16 18:48:27 [main] DEBUG o.s.w.s.m.m.a.RequestResponseBodyMethodProcessor - Read "application/json;charset=UTF-8" to [[RegistrationDto(username=user1, firstName=Иван1, lastName=Петров1, email=ivanpetrov1@example.com, p (truncated)...]
2026-03-16 18:48:27 [main] DEBUG o.s.w.s.m.m.a.ExceptionHandlerExceptionResolver - Using @ExceptionHandler com.example.bankcards.exception.GlobalExceptionHandler#handleAlreadyExists(AlreadyExistsException, HttpServletRequest)
2026-03-16 18:48:27 [main] DEBUG o.s.w.s.m.m.a.RequestResponseBodyMethodProcessor - Using 'application/json', given [*/*] and supported [application/json, application/*+json, application/yaml]
2026-03-16 18:48:27 [main] DEBUG o.s.w.s.m.m.a.RequestResponseBodyMethodProcessor - Writing [ErrorResponseDTO(timestamp=2026-03-16T18:48:27.759909800, path=/api/auth/registration_list, status=4 (truncated)...]
2026-03-16 18:48:27 [main] DEBUG o.s.w.s.m.m.a.ExceptionHandlerExceptionResolver - Resolved [com.example.bankcards.exception.AlreadyExistsException: Имя пользователя 'user2' уже занято]
2026-03-16 18:48:27 [SpringApplicationShutdownHook] DEBUG o.s.w.c.s.GenericWebApplicationContext - Closing org.springframework.web.context.support.GenericWebApplicationContext@102c577f, started on Mon Mar 16 18:48:26 GMT+05:00 2026
2026-03-16 18:57:59 [main] INFO  c.e.b.controller.AuthControllerTest - Starting AuthControllerTest using Java 25.0.2 with PID 9024 (started by gorin47 in D:\Projects\Bank_REST\bank_rest)
2026-03-16 18:57:59 [main] DEBUG c.e.b.controller.AuthControllerTest - Running with Spring Boot v4.0.2, Spring v7.0.3
2026-03-16 18:57:59 [main] INFO  c.e.b.controller.AuthControllerTest - No active profile set, falling back to 1 default profile: "default"
2026-03-16 18:57:59 [main] DEBUG o.s.w.c.s.GenericWebApplicationContext - Refreshing org.springframework.web.context.support.GenericWebApplicationContext@7d44a19
2026-03-16 18:58:00 [main] INFO  o.s.s.c.a.a.c.InitializeUserDetailsBeanManagerConfigurer$InitializeUserDetailsManagerConfigurer - Global AuthenticationManager configured with UserDetailsService bean with name userService
2026-03-16 18:58:00 [main] DEBUG o.s.s.web.DefaultSecurityFilterChain - Will secure any request with filters: DisableEncodeUrlFilter, WebAsyncManagerIntegrationFilter, SecurityContextHolderFilter, HeaderWriterFilter, CorsFilter, LogoutFilter, JwtAuthenticationFilter, RequestCacheAwareFilter, SecurityContextHolderAwareRequestFilter, AnonymousAuthenticationFilter, SessionManagementFilter, ExceptionTranslationFilter, AuthorizationFilter
2026-03-16 18:58:00 [main] DEBUG o.s.w.s.m.m.a.RequestMappingHandlerMapping - 7 mappings in 'requestMappingHandlerMapping'
2026-03-16 18:58:00 [main] DEBUG o.s.w.s.h.SimpleUrlHandlerMapping - Patterns [/webjars/**, /**] in 'resourceHandlerMapping'
2026-03-16 18:58:00 [main] DEBUG o.s.w.s.m.m.a.RequestMappingHandlerAdapter - ControllerAdvice beans: 0 @ModelAttribute, 0 @InitBinder, 2 RequestBodyAdvice, 1 ResponseBodyAdvice
2026-03-16 18:58:00 [main] DEBUG o.s.w.s.m.m.a.ExceptionHandlerExceptionResolver - ControllerAdvice beans: 1 @ExceptionHandler, 1 ResponseBodyAdvice
2026-03-16 18:58:00 [main] DEBUG c.e.b.s.JwtAuthenticationFilter - Filter 'jwtAuthenticationFilter' configured for use
2026-03-16 18:58:00 [main] INFO  o.s.b.t.m.w.SpringBootMockServletContext - Initializing Spring TestDispatcherServlet ''
2026-03-16 18:58:00 [main] INFO  o.s.t.w.s.TestDispatcherServlet - Initializing Servlet ''
2026-03-16 18:58:00 [main] INFO  o.s.t.w.s.TestDispatcherServlet - Completed initialization in 1 ms
2026-03-16 18:58:00 [main] INFO  c.e.b.controller.AuthControllerTest - Started AuthControllerTest in 1.402 seconds (process running for 2.064)
2026-03-16 18:58:00 [main] DEBUG o.s.security.web.FilterChainProxy - Securing POST /api/auth/login
2026-03-16 18:58:00 [main] DEBUG o.s.s.w.a.AnonymousAuthenticationFilter - Set SecurityContextHolder to anonymous SecurityContext
2026-03-16 18:58:00 [main] DEBUG o.s.security.web.FilterChainProxy - Secured POST /api/auth/login
2026-03-16 18:58:00 [main] DEBUG o.s.w.s.m.m.a.RequestMappingHandlerMapping - Mapped to com.example.bankcards.controller.AuthController#login(LoginRequestDto)
2026-03-16 18:58:00 [main] DEBUG o.s.w.s.m.m.a.RequestResponseBodyMethodProcessor - Read "application/json;charset=UTF-8" to [LoginRequestDto(username=Admin, password=123)]
2026-03-16 18:58:00 [main] DEBUG o.s.w.s.m.m.a.HttpEntityMethodProcessor - Using 'application/json', given [*/*] and supported [application/json, application/*+json, application/yaml]
2026-03-16 18:58:00 [main] DEBUG o.s.w.s.m.m.a.HttpEntityMethodProcessor - Writing [TokenResponseDto(accessToken=access-token, refreshToken=refresh-token)]
2026-03-16 18:58:00 [main] DEBUG o.s.security.web.FilterChainProxy - Securing POST /api/auth/logout
2026-03-16 18:58:00 [main] DEBUG o.s.s.w.a.AnonymousAuthenticationFilter - Set SecurityContextHolder to anonymous SecurityContext
2026-03-16 18:58:00 [main] DEBUG o.s.security.web.FilterChainProxy - Secured POST /api/auth/logout
2026-03-16 18:58:00 [main] DEBUG o.s.w.s.m.m.a.RequestMappingHandlerMapping - Mapped to com.example.bankcards.controller.AuthController#logout(String)
2026-03-16 18:58:00 [main] DEBUG o.s.w.s.m.m.a.HttpEntityMethodProcessor - Using 'application/json', given [*/*] and supported [application/json, application/*+json, application/yaml]
2026-03-16 18:58:00 [main] DEBUG o.s.w.s.m.m.a.HttpEntityMethodProcessor - Nothing to write: null body
2026-03-16 18:58:00 [main] DEBUG o.s.security.web.FilterChainProxy - Securing POST /api/auth/registration
2026-03-16 18:58:00 [main] DEBUG o.s.s.w.a.AnonymousAuthenticationFilter - Set SecurityContextHolder to anonymous SecurityContext
2026-03-16 18:58:00 [main] DEBUG o.s.security.web.FilterChainProxy - Secured POST /api/auth/registration
2026-03-16 18:58:00 [main] DEBUG o.s.w.s.m.m.a.RequestMappingHandlerMapping - Mapped to com.example.bankcards.controller.AuthController#register(RegistrationDto)
2026-03-16 18:58:00 [main] DEBUG o.s.w.s.m.m.a.RequestResponseBodyMethodProcessor - Read "application/json;charset=UTF-8" to [RegistrationDto(username=Admin, firstName=Иван, lastName=Петров, email=ivanpetrov@example.com, passw (truncated)...]
2026-03-16 18:58:00 [main] DEBUG o.s.w.s.m.m.a.ExceptionHandlerExceptionResolver - Using @ExceptionHandler com.example.bankcards.exception.GlobalExceptionHandler#handleAlreadyExists(AlreadyExistsException, HttpServletRequest)
2026-03-16 18:58:00 [main] DEBUG o.s.w.s.m.m.a.RequestResponseBodyMethodProcessor - Using 'application/json', given [*/*] and supported [application/json, application/*+json, application/yaml]
2026-03-16 18:58:00 [main] DEBUG o.s.w.s.m.m.a.RequestResponseBodyMethodProcessor - Writing [ErrorResponseDTO(timestamp=2026-03-16T18:58:00.985657400, path=/api/auth/registration, status=409, e (truncated)...]
2026-03-16 18:58:00 [main] DEBUG o.s.w.s.m.m.a.ExceptionHandlerExceptionResolver - Resolved [com.example.bankcards.exception.AlreadyExistsException: Имя пользователя уже занято]
2026-03-16 18:58:00 [main] DEBUG o.s.security.web.FilterChainProxy - Securing POST /api/auth/registration
2026-03-16 18:58:00 [main] DEBUG o.s.s.w.a.AnonymousAuthenticationFilter - Set SecurityContextHolder to anonymous SecurityContext
2026-03-16 18:58:01 [main] DEBUG o.s.security.web.FilterChainProxy - Secured POST /api/auth/registration
2026-03-16 18:58:01 [main] DEBUG o.s.w.s.m.m.a.RequestMappingHandlerMapping - Mapped to com.example.bankcards.controller.AuthController#register(RegistrationDto)
2026-03-16 18:58:01 [main] DEBUG o.s.w.s.m.m.a.RequestResponseBodyMethodProcessor - Read "application/json;charset=UTF-8" to [RegistrationDto(username=Admin, firstName=Иван, lastName=Петров, email=ivanpetrov@example.com, passw (truncated)...]
2026-03-16 18:58:01 [main] DEBUG o.s.w.s.m.m.a.ExceptionHandlerExceptionResolver - Using @ExceptionHandler com.example.bankcards.exception.GlobalExceptionHandler#handleAlreadyExists(AlreadyExistsException, HttpServletRequest)
2026-03-16 18:58:01 [main] DEBUG o.s.w.s.m.m.a.RequestResponseBodyMethodProcessor - Using 'application/json', given [*/*] and supported [application/json, application/*+json, application/yaml]
2026-03-16 18:58:01 [main] DEBUG o.s.w.s.m.m.a.RequestResponseBodyMethodProcessor - Writing [ErrorResponseDTO(timestamp=2026-03-16T18:58:01.002656600, path=/api/auth/registration, status=409, e (truncated)...]
2026-03-16 18:58:01 [main] DEBUG o.s.w.s.m.m.a.ExceptionHandlerExceptionResolver - Resolved [com.example.bankcards.exception.AlreadyExistsException: Email уже занят]
2026-03-16 18:58:01 [main] DEBUG o.s.security.web.FilterChainProxy - Securing POST /api/auth/logout
2026-03-16 18:58:01 [main] DEBUG o.s.s.w.a.AnonymousAuthenticationFilter - Set SecurityContextHolder to anonymous SecurityContext
2026-03-16 18:58:01 [main] DEBUG o.s.security.web.FilterChainProxy - Secured POST /api/auth/logout
2026-03-16 18:58:01 [main] DEBUG o.s.w.s.m.m.a.RequestMappingHandlerMapping - Mapped to com.example.bankcards.controller.AuthController#logout(String)
2026-03-16 18:58:01 [main] DEBUG o.s.web.method.HandlerMethod - Could not resolve parameter [0] in public org.springframework.http.ResponseEntity<java.lang.Void> com.example.bankcards.controller.AuthController.logout(java.lang.String): Required request header 'Authorization' for method parameter type String is not present
2026-03-16 18:58:01 [main] DEBUG o.s.w.s.m.m.a.ExceptionHandlerExceptionResolver - Using @ExceptionHandler com.example.bankcards.exception.GlobalExceptionHandler#handleGenericException(Exception, HttpServletRequest)
2026-03-16 18:58:01 [main] DEBUG o.s.w.s.m.m.a.RequestResponseBodyMethodProcessor - Using 'application/json', given [*/*] and supported [application/json, application/*+json, application/yaml]
2026-03-16 18:58:01 [main] DEBUG o.s.w.s.m.m.a.RequestResponseBodyMethodProcessor - Writing [ErrorResponseDTO(timestamp=2026-03-16T18:58:01.012712700, path=/api/auth/logout, status=500, error=I (truncated)...]
2026-03-16 18:58:01 [main] DEBUG o.s.w.s.m.m.a.ExceptionHandlerExceptionResolver - Resolved [org.springframework.web.bind.MissingRequestHeaderException: Required request header 'Authorization' for method parameter type String is not present]
2026-03-16 18:58:01 [main] DEBUG o.s.security.web.FilterChainProxy - Securing POST /api/auth/registration
2026-03-16 18:58:01 [main] DEBUG o.s.s.w.a.AnonymousAuthenticationFilter - Set SecurityContextHolder to anonymous SecurityContext
2026-03-16 18:58:01 [main] DEBUG o.s.security.web.FilterChainProxy - Secured POST /api/auth/registration
2026-03-16 18:58:01 [main] DEBUG o.s.w.s.m.m.a.RequestMappingHandlerMapping - Mapped to com.example.bankcards.controller.AuthController#register(RegistrationDto)
2026-03-16 18:58:01 [main] DEBUG o.s.w.s.m.m.a.RequestResponseBodyMethodProcessor - Read "application/json;charset=UTF-8" to [RegistrationDto(username=, firstName=Иван, lastName=Петров, email=ivanpetrov@example.com, password=1 (truncated)...]
2026-03-16 18:58:01 [main] DEBUG o.s.w.s.m.m.a.ExceptionHandlerExceptionResolver - Using @ExceptionHandler com.example.bankcards.exception.GlobalExceptionHandler#handleMethodArgumentNotValidException(MethodArgumentNotValidException, HttpServletRequest)
2026-03-16 18:58:01 [main] DEBUG o.s.w.s.m.m.a.RequestResponseBodyMethodProcessor - Using 'application/json', given [*/*] and supported [application/json, application/*+json, application/yaml]
2026-03-16 18:58:01 [main] DEBUG o.s.w.s.m.m.a.RequestResponseBodyMethodProcessor - Writing [[ErrorResponseDTO(timestamp=2026-03-16T18:58:01.024713400, path=/api/auth/registration, status=422,  (truncated)...]
2026-03-16 18:58:01 [main] DEBUG o.s.w.s.m.m.a.ExceptionHandlerExceptionResolver - Resolved [org.springframework.web.bind.MethodArgumentNotValidException: Validation failed for argument [0] in public org.springframework.http.ResponseEntity<java.lang.String> com.example.bankcards.controller.AuthController.register(com.example.bankcards.dto.RegistrationDto): [Field error in object 'registrationDto' on field 'username': rejected value []; codes [NotBlank.registrationDto.username,NotBlank.username,NotBlank.java.lang.String,NotBlank]; arguments [org.springframework.context.support.DefaultMessageSourceResolvable: codes [registrationDto.username,username]; arguments []; default message [username]]; default message [поле не может быть пустым]] ]
2026-03-16 18:58:01 [main] DEBUG o.s.security.web.FilterChainProxy - Securing POST /api/auth/registration_list
2026-03-16 18:58:01 [main] DEBUG o.s.s.w.a.AnonymousAuthenticationFilter - Set SecurityContextHolder to anonymous SecurityContext
2026-03-16 18:58:01 [main] DEBUG o.s.security.web.FilterChainProxy - Secured POST /api/auth/registration_list
2026-03-16 18:58:01 [main] DEBUG o.s.w.s.m.m.a.RequestMappingHandlerMapping - Mapped to com.example.bankcards.controller.AuthController#registerList(List)
2026-03-16 18:58:01 [main] DEBUG o.s.w.s.m.m.a.RequestResponseBodyMethodProcessor - Read "application/json;charset=UTF-8" to [[RegistrationDto(username=user1, firstName=Иван1, lastName=Петров1, email=ivanpetrov1@example.com, p (truncated)...]
2026-03-16 18:58:01 [main] DEBUG o.s.w.s.m.m.a.HttpEntityMethodProcessor - Using 'text/plain', given [*/*] and supported [text/plain, */*, application/json, application/*+json, application/yaml]
2026-03-16 18:58:01 [main] DEBUG o.s.w.s.m.m.a.HttpEntityMethodProcessor - Writing ["Регистрация прошла успешно"]
2026-03-16 18:58:01 [main] DEBUG o.s.security.web.FilterChainProxy - Securing POST /api/auth/registration
2026-03-16 18:58:01 [main] DEBUG o.s.s.w.a.AnonymousAuthenticationFilter - Set SecurityContextHolder to anonymous SecurityContext
2026-03-16 18:58:01 [main] DEBUG o.s.security.web.FilterChainProxy - Secured POST /api/auth/registration
2026-03-16 18:58:01 [main] DEBUG o.s.w.s.m.m.a.RequestMappingHandlerMapping - Mapped to com.example.bankcards.controller.AuthController#register(RegistrationDto)
2026-03-16 18:58:01 [main] DEBUG o.s.w.s.m.m.a.RequestResponseBodyMethodProcessor - Read "application/json;charset=UTF-8" to [RegistrationDto(username=Admin, firstName=Иван, lastName=Петров, email=ivanpetrov@example.com, passw (truncated)...]
2026-03-16 18:58:01 [main] DEBUG o.s.w.s.m.m.a.HttpEntityMethodProcessor - Using 'text/plain', given [*/*] and supported [text/plain, */*, application/json, application/*+json, application/yaml]
2026-03-16 18:58:01 [main] DEBUG o.s.w.s.m.m.a.HttpEntityMethodProcessor - Writing ["Регистрация прошла успешно"]
2026-03-16 18:58:01 [main] DEBUG o.s.security.web.FilterChainProxy - Securing POST /api/auth/registration
2026-03-16 18:58:01 [main] DEBUG o.s.s.w.a.AnonymousAuthenticationFilter - Set SecurityContextHolder to anonymous SecurityContext
2026-03-16 18:58:01 [main] DEBUG o.s.security.web.FilterChainProxy - Secured POST /api/auth/registration
2026-03-16 18:58:01 [main] DEBUG o.s.w.s.m.m.a.RequestMappingHandlerMapping - Mapped to com.example.bankcards.controller.AuthController#register(RegistrationDto)
2026-03-16 18:58:01 [main] DEBUG o.s.w.s.m.m.a.RequestResponseBodyMethodProcessor - Read "application/json;charset=UTF-8" to [RegistrationDto(username=null, firstName=Иван, lastName=Петров, email=ivanpetrov@example.com, passwo (truncated)...]
2026-03-16 18:58:01 [main] DEBUG o.s.w.s.m.m.a.ExceptionHandlerExceptionResolver - Using @ExceptionHandler com.example.bankcards.exception.GlobalExceptionHandler#handleMethodArgumentNotValidException(MethodArgumentNotValidException, HttpServletRequest)
2026-03-16 18:58:01 [main] DEBUG o.s.w.s.m.m.a.RequestResponseBodyMethodProcessor - Using 'application/json', given [*/*] and supported [application/json, application/*+json, application/yaml]
2026-03-16 18:58:01 [main] DEBUG o.s.w.s.m.m.a.RequestResponseBodyMethodProcessor - Writing [[ErrorResponseDTO(timestamp=2026-03-16T18:58:01.091093, path=/api/auth/registration, status=422, err (truncated)...]
2026-03-16 18:58:01 [main] DEBUG o.s.w.s.m.m.a.ExceptionHandlerExceptionResolver - Resolved [org.springframework.web.bind.MethodArgumentNotValidException: Validation failed for argument [0] in public org.springframework.http.ResponseEntity<java.lang.String> com.example.bankcards.controller.AuthController.register(com.example.bankcards.dto.RegistrationDto): [Field error in object 'registrationDto' on field 'username': rejected value [null]; codes [NotBlank.registrationDto.username,NotBlank.username,NotBlank.java.lang.String,NotBlank]; arguments [org.springframework.context.support.DefaultMessageSourceResolvable: codes [registrationDto.username,username]; arguments []; default message [username]]; default message [поле не может быть пустым]] ]
2026-03-16 18:58:01 [main] DEBUG o.s.security.web.FilterChainProxy - Securing POST /api/auth/refresh_token
2026-03-16 18:58:01 [main] DEBUG o.s.s.w.a.AnonymousAuthenticationFilter - Set SecurityContextHolder to anonymous SecurityContext
2026-03-16 18:58:01 [main] DEBUG o.s.security.web.FilterChainProxy - Secured POST /api/auth/refresh_token
2026-03-16 18:58:01 [main] DEBUG o.s.w.s.m.m.a.RequestMappingHandlerMapping - Mapped to com.example.bankcards.controller.AuthController#refreshToken(HttpServletRequest, HttpServletResponse)
2026-03-16 18:58:01 [main] DEBUG o.s.w.s.m.m.a.HttpEntityMethodProcessor - Using 'application/json', given [*/*] and supported [application/json, application/*+json, application/yaml]
2026-03-16 18:58:01 [main] DEBUG o.s.w.s.m.m.a.HttpEntityMethodProcessor - Writing [TokenResponseDto(accessToken=access-token, refreshToken=refresh-token)]
2026-03-16 18:58:01 [main] DEBUG o.s.security.web.FilterChainProxy - Securing POST /api/auth/registration_list
2026-03-16 18:58:01 [main] DEBUG o.s.s.w.a.AnonymousAuthenticationFilter - Set SecurityContextHolder to anonymous SecurityContext
2026-03-16 18:58:01 [main] DEBUG o.s.security.web.FilterChainProxy - Secured POST /api/auth/registration_list
2026-03-16 18:58:01 [main] DEBUG o.s.w.s.m.m.a.RequestMappingHandlerMapping - Mapped to com.example.bankcards.controller.AuthController#registerList(List)
2026-03-16 18:58:01 [main] DEBUG o.s.w.s.m.m.a.RequestResponseBodyMethodProcessor - Read "application/json;charset=UTF-8" to [[RegistrationDto(username=user1, firstName=Иван1, lastName=Петров1, email=ivanpetrov1@example.com, p (truncated)...]
2026-03-16 18:58:01 [main] DEBUG o.s.w.s.m.m.a.ExceptionHandlerExceptionResolver - Using @ExceptionHandler com.example.bankcards.exception.GlobalExceptionHandler#handleAlreadyExists(AlreadyExistsException, HttpServletRequest)
2026-03-16 18:58:01 [main] DEBUG o.s.w.s.m.m.a.RequestResponseBodyMethodProcessor - Using 'application/json', given [*/*] and supported [application/json, application/*+json, application/yaml]
2026-03-16 18:58:01 [main] DEBUG o.s.w.s.m.m.a.RequestResponseBodyMethodProcessor - Writing [ErrorResponseDTO(timestamp=2026-03-16T18:58:01.108092, path=/api/auth/registration_list, status=409, (truncated)...]
2026-03-16 18:58:01 [main] DEBUG o.s.w.s.m.m.a.ExceptionHandlerExceptionResolver - Resolved [com.example.bankcards.exception.AlreadyExistsException: Имя пользователя 'user2' уже занято]
2026-03-16 18:58:01 [SpringApplicationShutdownHook] DEBUG o.s.w.c.s.GenericWebApplicationContext - Closing org.springframework.web.context.support.GenericWebApplicationContext@7d44a19, started on Mon Mar 16 18:57:59 GMT+05:00 2026
2026-03-16 18:58:35 [main] INFO  c.e.b.c.TransactionControllerTest - Starting TransactionControllerTest using Java 25.0.2 with PID 15784 (started by gorin47 in D:\Projects\Bank_REST\bank_rest)
2026-03-16 18:58:35 [main] DEBUG c.e.b.c.TransactionControllerTest - Running with Spring Boot v4.0.2, Spring v7.0.3
2026-03-16 18:58:35 [main] INFO  c.e.b.c.TransactionControllerTest - No active profile set, falling back to 1 default profile: "default"
2026-03-16 18:58:35 [main] DEBUG o.s.w.c.s.GenericWebApplicationContext - Refreshing org.springframework.web.context.support.GenericWebApplicationContext@350d3f4d
2026-03-16 18:58:36 [main] INFO  o.s.s.c.a.a.c.InitializeUserDetailsBeanManagerConfigurer$InitializeUserDetailsManagerConfigurer - Global AuthenticationManager configured with UserDetailsService bean with name userService
2026-03-16 18:58:36 [main] DEBUG o.s.s.web.DefaultSecurityFilterChain - Will secure any request with filters: DisableEncodeUrlFilter, WebAsyncManagerIntegrationFilter, SecurityContextHolderFilter, HeaderWriterFilter, CorsFilter, LogoutFilter, JwtAuthenticationFilter, RequestCacheAwareFilter, SecurityContextHolderAwareRequestFilter, AnonymousAuthenticationFilter, SessionManagementFilter, ExceptionTranslationFilter, AuthorizationFilter
2026-03-16 18:58:36 [main] DEBUG o.s.w.s.m.m.a.RequestMappingHandlerMapping - 4 mappings in 'requestMappingHandlerMapping'
2026-03-16 18:58:36 [main] DEBUG o.s.w.s.h.SimpleUrlHandlerMapping - Patterns [/webjars/**, /**] in 'resourceHandlerMapping'
2026-03-16 18:58:36 [main] DEBUG o.s.w.s.m.m.a.RequestMappingHandlerAdapter - ControllerAdvice beans: 0 @ModelAttribute, 0 @InitBinder, 2 RequestBodyAdvice, 1 ResponseBodyAdvice
2026-03-16 18:58:36 [main] DEBUG o.s.w.s.m.m.a.ExceptionHandlerExceptionResolver - ControllerAdvice beans: 1 @ExceptionHandler, 1 ResponseBodyAdvice
2026-03-16 18:58:36 [main] DEBUG c.e.b.s.JwtAuthenticationFilter - Filter 'jwtAuthenticationFilter' configured for use
2026-03-16 18:58:36 [main] INFO  o.s.b.t.m.w.SpringBootMockServletContext - Initializing Spring TestDispatcherServlet ''
2026-03-16 18:58:36 [main] INFO  o.s.t.w.s.TestDispatcherServlet - Initializing Servlet ''
2026-03-16 18:58:36 [main] INFO  o.s.t.w.s.TestDispatcherServlet - Completed initialization in 1 ms
2026-03-16 18:58:36 [main] INFO  c.e.b.c.TransactionControllerTest - Started TransactionControllerTest in 1.368 seconds (process running for 1.982)
2026-03-16 18:58:36 [main] DEBUG o.s.security.web.FilterChainProxy - Securing GET /api/transactions
2026-03-16 18:58:36 [main] DEBUG o.s.security.web.FilterChainProxy - Secured GET /api/transactions
2026-03-16 18:58:36 [main] DEBUG o.s.w.s.m.m.a.RequestMappingHandlerMapping - Mapped to com.example.bankcards.controller.TransactionController#getAllTransactions(int, int, LocalDateTime, LocalDateTime)
2026-03-16 18:58:36 [main] DEBUG o.s.s.a.m.AuthorizationManagerBeforeMethodInterceptor - Authorizing method invocation ReflectiveMethodInvocation: public org.springframework.http.ResponseEntity com.example.bankcards.controller.TransactionController.getAllTransactions(int,int,java.time.LocalDateTime,java.time.LocalDateTime); target is of class [com.example.bankcards.controller.TransactionController]
2026-03-16 18:58:36 [main] DEBUG o.s.s.a.m.AuthorizationManagerBeforeMethodInterceptor - Authorized method invocation ReflectiveMethodInvocation: public org.springframework.http.ResponseEntity com.example.bankcards.controller.TransactionController.getAllTransactions(int,int,java.time.LocalDateTime,java.time.LocalDateTime); target is of class [com.example.bankcards.controller.TransactionController]
2026-03-16 18:58:36 [main] DEBUG o.s.w.s.m.m.a.HttpEntityMethodProcessor - Using 'application/json', given [*/*] and supported [application/json, application/*+json, application/yaml]
2026-03-16 18:58:36 [main] DEBUG o.s.w.s.m.m.a.HttpEntityMethodProcessor - Writing [PagedResponse(content=[TransactionDto(id=1, transactionDate=2026-03-16T18:58:36.493677200, amount=10 (truncated)...]
2026-03-16 18:58:36 [main] DEBUG o.s.security.web.FilterChainProxy - Securing GET /api/transactions
2026-03-16 18:58:36 [main] DEBUG o.s.s.w.a.AnonymousAuthenticationFilter - Set SecurityContextHolder to anonymous SecurityContext
2026-03-16 18:58:36 [main] DEBUG o.s.s.w.a.Http403ForbiddenEntryPoint - Pre-authenticated entry point called. Rejecting access
2026-03-16 18:58:36 [main] DEBUG o.s.security.web.FilterChainProxy - Securing GET /api/transactions
2026-03-16 18:58:36 [main] DEBUG o.s.security.web.FilterChainProxy - Secured GET /api/transactions
2026-03-16 18:58:36 [main] DEBUG o.s.w.s.m.m.a.RequestMappingHandlerMapping - Mapped to com.example.bankcards.controller.TransactionController#getAllTransactions(int, int, LocalDateTime, LocalDateTime)
2026-03-16 18:58:36 [main] DEBUG o.s.web.method.HandlerMethod - Could not resolve parameter [2] in public org.springframework.http.ResponseEntity<com.example.bankcards.dto.PagedResponse<com.example.bankcards.dto.TransactionDto>> com.example.bankcards.controller.TransactionController.getAllTransactions(int,int,java.time.LocalDateTime,java.time.LocalDateTime): Required request parameter 'start' for method parameter type LocalDateTime is not present
2026-03-16 18:58:36 [main] DEBUG o.s.w.s.m.m.a.ExceptionHandlerExceptionResolver - Using @ExceptionHandler com.example.bankcards.exception.GlobalExceptionHandler#handleMissingServletRequestParameter(MissingServletRequestParameterException, HttpServletRequest)
2026-03-16 18:58:36 [main] DEBUG o.s.w.s.m.m.a.RequestResponseBodyMethodProcessor - Using 'application/json', given [*/*] and supported [application/json, application/*+json, application/yaml]
2026-03-16 18:58:36 [main] DEBUG o.s.w.s.m.m.a.RequestResponseBodyMethodProcessor - Writing [ErrorResponseDTO(timestamp=2026-03-16T18:58:36.682536300, path=/api/transactions, status=400, error= (truncated)...]
2026-03-16 18:58:36 [main] DEBUG o.s.w.s.m.m.a.ExceptionHandlerExceptionResolver - Resolved [org.springframework.web.bind.MissingServletRequestParameterException: Required request parameter 'start' for method parameter type LocalDateTime is not present]
2026-03-16 18:58:36 [main] DEBUG o.s.security.web.FilterChainProxy - Securing POST /api/transactions/transfer
2026-03-16 18:58:36 [main] DEBUG o.s.security.web.FilterChainProxy - Secured POST /api/transactions/transfer
2026-03-16 18:58:36 [main] DEBUG o.s.w.s.m.m.a.RequestMappingHandlerMapping - Mapped to com.example.bankcards.controller.TransactionController#transferBetweenCards(TransferDto)
2026-03-16 18:58:36 [main] DEBUG o.s.w.s.m.m.a.RequestResponseBodyMethodProcessor - Read "application/json;charset=UTF-8" to [TransferDto(amount=100.0, senderCardId=1, receiverCardId=2, status=null, description=Перевод между к (truncated)...]
2026-03-16 18:58:36 [main] DEBUG o.s.w.s.m.m.a.HttpEntityMethodProcessor - Using 'application/json', given [*/*] and supported [application/json, application/*+json, application/yaml]
2026-03-16 18:58:36 [main] DEBUG o.s.w.s.m.m.a.HttpEntityMethodProcessor - Writing [TransactionDto(id=1, transactionDate=2026-03-16T18:58:36.693531700, amount=100, status=SUCCESSFUL, s (truncated)...]
2026-03-16 18:58:36 [main] DEBUG o.s.security.web.FilterChainProxy - Securing POST /api/transactions/transfer
2026-03-16 18:58:36 [main] DEBUG o.s.security.web.FilterChainProxy - Secured POST /api/transactions/transfer
2026-03-16 18:58:36 [main] DEBUG o.s.w.s.m.m.a.RequestMappingHandlerMapping - Mapped to com.example.bankcards.controller.TransactionController#transferBetweenCards(TransferDto)
2026-03-16 18:58:36 [main] DEBUG o.s.w.s.m.m.a.RequestResponseBodyMethodProcessor - Read "application/json;charset=UTF-8" to [TransferDto(amount=100.0, senderCardId=null, receiverCardId=2, status=null, description=null)]
2026-03-16 18:58:36 [main] DEBUG o.s.w.s.m.m.a.ExceptionHandlerExceptionResolver - Using @ExceptionHandler com.example.bankcards.exception.GlobalExceptionHandler#handleMethodArgumentNotValidException(MethodArgumentNotValidException, HttpServletRequest)
2026-03-16 18:58:36 [main] DEBUG o.s.w.s.m.m.a.RequestResponseBodyMethodProcessor - Using 'application/json', given [*/*] and supported [application/json, application/*+json, application/yaml]
2026-03-16 18:58:36 [main] DEBUG o.s.w.s.m.m.a.RequestResponseBodyMethodProcessor - Writing [[ErrorResponseDTO(timestamp=2026-03-16T18:58:36.755461400, path=/api/transactions/transfer, status=4 (truncated)...]
2026-03-16 18:58:36 [main] DEBUG o.s.w.s.m.m.a.ExceptionHandlerExceptionResolver - Resolved [org.springframework.web.bind.MethodArgumentNotValidException: Validation failed for argument [0] in public org.springframework.http.ResponseEntity<com.example.bankcards.dto.TransactionDto> com.example.bankcards.controller.TransactionController.transferBetweenCards(com.example.bankcards.dto.TransferDto): [Field error in object 'transferDto' on field 'senderCardId': rejected value [null]; codes [NotNull.transferDto.senderCardId,NotNull.senderCardId,NotNull.java.lang.Long,NotNull]; arguments [org.springframework.context.support.DefaultMessageSourceResolvable: codes [transferDto.senderCardId,senderCardId]; arguments []; default message [senderCardId]]; default message [ID карты не может быть пустым]] ]
2026-03-16 18:58:36 [main] DEBUG o.s.security.web.FilterChainProxy - Securing POST /api/transactions/transfer
2026-03-16 18:58:36 [main] DEBUG o.s.security.web.FilterChainProxy - Secured POST /api/transactions/transfer
2026-03-16 18:58:36 [main] DEBUG o.s.w.s.m.m.a.RequestMappingHandlerMapping - Mapped to com.example.bankcards.controller.TransactionController#transferBetweenCards(TransferDto)
2026-03-16 18:58:36 [main] DEBUG o.s.w.s.m.m.a.RequestResponseBodyMethodProcessor - Read "application/json;charset=UTF-8" to [TransferDto(amount=100.0, senderCardId=null, receiverCardId=2, status=null, description=null)]
2026-03-16 18:58:36 [main] DEBUG o.s.w.s.m.m.a.ExceptionHandlerExceptionResolver - Using @ExceptionHandler com.example.bankcards.exception.GlobalExceptionHandler#handleMethodArgumentNotValidException(MethodArgumentNotValidException, HttpServletRequest)
2026-03-16 18:58:36 [main] DEBUG o.s.w.s.m.m.a.RequestResponseBodyMethodProcessor - Using 'application/json', given [*/*] and supported [application/json, application/*+json, application/yaml]
2026-03-16 18:58:36 [main] DEBUG o.s.w.s.m.m.a.RequestResponseBodyMethodProcessor - Writing [[ErrorResponseDTO(timestamp=2026-03-16T18:58:36.771461500, path=/api/transactions/transfer, status=4 (truncated)...]
2026-03-16 18:58:36 [main] DEBUG o.s.w.s.m.m.a.ExceptionHandlerExceptionResolver - Resolved [org.springframework.web.bind.MethodArgumentNotValidException: Validation failed for argument [0] in public org.springframework.http.ResponseEntity<com.example.bankcards.dto.TransactionDto> com.example.bankcards.controller.TransactionController.transferBetweenCards(com.example.bankcards.dto.TransferDto): [Field error in object 'transferDto' on field 'senderCardId': rejected value [null]; codes [NotNull.transferDto.senderCardId,NotNull.senderCardId,NotNull.java.lang.Long,NotNull]; arguments [org.springframework.context.support.DefaultMessageSourceResolvable: codes [transferDto.senderCardId,senderCardId]; arguments []; default message [senderCardId]]; default message [ID карты не может быть пустым]] ]
2026-03-16 18:58:36 [main] DEBUG o.s.security.web.FilterChainProxy - Securing POST /api/transactions/transfer
2026-03-16 18:58:36 [main] DEBUG o.s.s.w.a.AnonymousAuthenticationFilter - Set SecurityContextHolder to anonymous SecurityContext
2026-03-16 18:58:36 [main] DEBUG o.s.s.w.a.Http403ForbiddenEntryPoint - Pre-authenticated entry point called. Rejecting access
2026-03-16 18:58:36 [main] DEBUG o.s.security.web.FilterChainProxy - Securing POST /api/transactions/transfer
2026-03-16 18:58:36 [main] DEBUG o.s.security.web.FilterChainProxy - Secured POST /api/transactions/transfer
2026-03-16 18:58:36 [main] DEBUG o.s.w.s.m.m.a.RequestMappingHandlerMapping - Mapped to com.example.bankcards.controller.TransactionController#transferBetweenCards(TransferDto)
2026-03-16 18:58:36 [main] DEBUG o.s.w.s.m.m.a.RequestResponseBodyMethodProcessor - Read "application/json;charset=UTF-8" to [TransferDto(amount=100.0, senderCardId=1, receiverCardId=2, status=null, description=null)]
2026-03-16 18:58:36 [main] DEBUG o.s.w.s.m.m.a.HttpEntityMethodProcessor - Using 'application/json', given [*/*] and supported [application/json, application/*+json, application/yaml]
2026-03-16 18:58:36 [main] DEBUG o.s.w.s.m.m.a.HttpEntityMethodProcessor - Writing [TransactionDto(id=1, transactionDate=2026-03-16T18:58:36.786461700, amount=100, status=SUCCESSFUL, s (truncated)...]
2026-03-16 18:58:36 [SpringApplicationShutdownHook] DEBUG o.s.w.c.s.GenericWebApplicationContext - Closing org.springframework.web.context.support.GenericWebApplicationContext@350d3f4d, started on Mon Mar 16 18:58:35 GMT+05:00 2026
2026-03-16 18:59:07 [main] INFO  c.e.b.controller.UserControllerTest - Starting UserControllerTest using Java 25.0.2 with PID 9716 (started by gorin47 in D:\Projects\Bank_REST\bank_rest)
2026-03-16 18:59:07 [main] DEBUG c.e.b.controller.UserControllerTest - Running with Spring Boot v4.0.2, Spring v7.0.3
2026-03-16 18:59:07 [main] INFO  c.e.b.controller.UserControllerTest - No active profile set, falling back to 1 default profile: "default"
2026-03-16 18:59:07 [main] DEBUG o.s.w.c.s.GenericWebApplicationContext - Refreshing org.springframework.web.context.support.GenericWebApplicationContext@18b8d173
2026-03-16 18:59:08 [main] INFO  o.s.s.c.a.a.c.InitializeUserDetailsBeanManagerConfigurer$InitializeUserDetailsManagerConfigurer - Global AuthenticationManager configured with UserDetailsService bean with name userService
2026-03-16 18:59:08 [main] DEBUG o.s.s.web.DefaultSecurityFilterChain - Will secure any request with filters: DisableEncodeUrlFilter, WebAsyncManagerIntegrationFilter, SecurityContextHolderFilter, HeaderWriterFilter, CorsFilter, LogoutFilter, JwtAuthenticationFilter, RequestCacheAwareFilter, SecurityContextHolderAwareRequestFilter, AnonymousAuthenticationFilter, SessionManagementFilter, ExceptionTranslationFilter, AuthorizationFilter
2026-03-16 18:59:08 [main] DEBUG o.s.w.s.m.m.a.RequestMappingHandlerMapping - 5 mappings in 'requestMappingHandlerMapping'
2026-03-16 18:59:08 [main] DEBUG o.s.w.s.h.SimpleUrlHandlerMapping - Patterns [/webjars/**, /**] in 'resourceHandlerMapping'
2026-03-16 18:59:08 [main] DEBUG o.s.w.s.m.m.a.RequestMappingHandlerAdapter - ControllerAdvice beans: 0 @ModelAttribute, 0 @InitBinder, 2 RequestBodyAdvice, 1 ResponseBodyAdvice
2026-03-16 18:59:08 [main] DEBUG o.s.w.s.m.m.a.ExceptionHandlerExceptionResolver - ControllerAdvice beans: 1 @ExceptionHandler, 1 ResponseBodyAdvice
2026-03-16 18:59:08 [main] DEBUG c.e.b.s.JwtAuthenticationFilter - Filter 'jwtAuthenticationFilter' configured for use
2026-03-16 18:59:08 [main] INFO  o.s.b.t.m.w.SpringBootMockServletContext - Initializing Spring TestDispatcherServlet ''
2026-03-16 18:59:08 [main] INFO  o.s.t.w.s.TestDispatcherServlet - Initializing Servlet ''
2026-03-16 18:59:08 [main] INFO  o.s.t.w.s.TestDispatcherServlet - Completed initialization in 1 ms
2026-03-16 18:59:08 [main] INFO  c.e.b.controller.UserControllerTest - Started UserControllerTest in 1.342 seconds (process running for 1.965)
2026-03-16 18:59:08 [main] DEBUG o.s.security.web.FilterChainProxy - Securing GET /api/users/999
2026-03-16 18:59:08 [main] DEBUG o.s.security.web.FilterChainProxy - Secured GET /api/users/999
2026-03-16 18:59:08 [main] DEBUG o.s.w.s.m.m.a.RequestMappingHandlerMapping - Mapped to com.example.bankcards.controller.UserController#getUserById(Long)
2026-03-16 18:59:08 [main] DEBUG o.s.s.a.m.AuthorizationManagerBeforeMethodInterceptor - Authorizing method invocation ReflectiveMethodInvocation: public org.springframework.http.ResponseEntity com.example.bankcards.controller.UserController.getUserById(java.lang.Long); target is of class [com.example.bankcards.controller.UserController]
2026-03-16 18:59:08 [main] DEBUG o.s.s.a.m.AuthorizationManagerBeforeMethodInterceptor - Authorized method invocation ReflectiveMethodInvocation: public org.springframework.http.ResponseEntity com.example.bankcards.controller.UserController.getUserById(java.lang.Long); target is of class [com.example.bankcards.controller.UserController]
2026-03-16 18:59:08 [main] DEBUG o.s.w.s.m.m.a.ExceptionHandlerExceptionResolver - Using @ExceptionHandler com.example.bankcards.exception.GlobalExceptionHandler#handleResourceNotFound(ResourceNotFoundException, HttpServletRequest)
2026-03-16 18:59:08 [main] DEBUG o.s.w.s.m.m.a.RequestResponseBodyMethodProcessor - Using 'application/json', given [*/*] and supported [application/json, application/*+json, application/yaml]
2026-03-16 18:59:08 [main] DEBUG o.s.w.s.m.m.a.RequestResponseBodyMethodProcessor - Writing [ErrorResponseDTO(timestamp=2026-03-16T18:59:08.741030800, path=/api/users/999, status=404, error=Not (truncated)...]
2026-03-16 18:59:08 [main] DEBUG o.s.w.s.m.m.a.ExceptionHandlerExceptionResolver - Resolved [com.example.bankcards.exception.ResourceNotFoundException: Пользователь с id= 999 не существует]
2026-03-16 18:59:08 [main] DEBUG o.s.security.web.FilterChainProxy - Securing GET /api/users
2026-03-16 18:59:08 [main] DEBUG o.s.security.web.FilterChainProxy - Secured GET /api/users
2026-03-16 18:59:08 [main] DEBUG o.s.w.s.m.m.a.RequestMappingHandlerMapping - Mapped to com.example.bankcards.controller.UserController#getAllUsers(int, int)
2026-03-16 18:59:08 [main] DEBUG o.s.s.a.m.AuthorizationManagerBeforeMethodInterceptor - Authorizing method invocation ReflectiveMethodInvocation: public org.springframework.http.ResponseEntity com.example.bankcards.controller.UserController.getAllUsers(int,int); target is of class [com.example.bankcards.controller.UserController]
2026-03-16 18:59:08 [main] DEBUG o.s.s.a.m.AuthorizationManagerBeforeMethodInterceptor - Authorized method invocation ReflectiveMethodInvocation: public org.springframework.http.ResponseEntity com.example.bankcards.controller.UserController.getAllUsers(int,int); target is of class [com.example.bankcards.controller.UserController]
2026-03-16 18:59:08 [main] DEBUG o.s.w.s.m.m.a.HttpEntityMethodProcessor - Using 'application/json', given [*/*] and supported [application/json, application/*+json, application/yaml]
2026-03-16 18:59:08 [main] DEBUG o.s.w.s.m.m.a.HttpEntityMethodProcessor - Writing [PagedResponse(content=[UserDto(id=1, username=admin, email=admin@example.com, firstName=Иван, lastNa (truncated)...]
2026-03-16 18:59:08 [main] DEBUG o.s.security.web.FilterChainProxy - Securing GET /api/users/1
2026-03-16 18:59:08 [main] DEBUG o.s.s.w.a.AnonymousAuthenticationFilter - Set SecurityContextHolder to anonymous SecurityContext
2026-03-16 18:59:08 [main] DEBUG o.s.s.w.a.Http403ForbiddenEntryPoint - Pre-authenticated entry point called. Rejecting access
2026-03-16 18:59:08 [main] DEBUG o.s.security.web.FilterChainProxy - Securing DELETE /api/users/1
2026-03-16 18:59:08 [main] DEBUG o.s.security.web.FilterChainProxy - Secured DELETE /api/users/1
2026-03-16 18:59:08 [main] DEBUG o.s.w.s.m.m.a.RequestMappingHandlerMapping - Mapped to com.example.bankcards.controller.UserController#deleteUser(Long)
2026-03-16 18:59:08 [main] DEBUG o.s.s.a.m.AuthorizationManagerBeforeMethodInterceptor - Authorizing method invocation ReflectiveMethodInvocation: public org.springframework.http.ResponseEntity com.example.bankcards.controller.UserController.deleteUser(java.lang.Long); target is of class [com.example.bankcards.controller.UserController]
2026-03-16 18:59:08 [main] DEBUG o.s.s.a.m.AuthorizationManagerBeforeMethodInterceptor - Authorized method invocation ReflectiveMethodInvocation: public org.springframework.http.ResponseEntity com.example.bankcards.controller.UserController.deleteUser(java.lang.Long); target is of class [com.example.bankcards.controller.UserController]
2026-03-16 18:59:08 [main] DEBUG o.s.w.s.m.m.a.HttpEntityMethodProcessor - Using 'application/json', given [*/*] and supported [application/json, application/*+json, application/yaml]
2026-03-16 18:59:08 [main] DEBUG o.s.w.s.m.m.a.HttpEntityMethodProcessor - Nothing to write: null body
2026-03-16 18:59:08 [main] DEBUG o.s.security.web.FilterChainProxy - Securing GET /api/users
2026-03-16 18:59:08 [main] DEBUG o.s.s.w.a.AnonymousAuthenticationFilter - Set SecurityContextHolder to anonymous SecurityContext
2026-03-16 18:59:08 [main] DEBUG o.s.s.w.a.Http403ForbiddenEntryPoint - Pre-authenticated entry point called. Rejecting access
2026-03-16 18:59:08 [main] DEBUG o.s.security.web.FilterChainProxy - Securing DELETE /api/users/1
2026-03-16 18:59:08 [main] DEBUG o.s.s.w.a.AnonymousAuthenticationFilter - Set SecurityContextHolder to anonymous SecurityContext
2026-03-16 18:59:08 [main] DEBUG o.s.s.w.a.Http403ForbiddenEntryPoint - Pre-authenticated entry point called. Rejecting access
2026-03-16 18:59:08 [main] DEBUG o.s.security.web.FilterChainProxy - Securing GET /api/users/1
2026-03-16 18:59:08 [main] DEBUG o.s.security.web.FilterChainProxy - Secured GET /api/users/1
2026-03-16 18:59:08 [main] DEBUG o.s.w.s.m.m.a.RequestMappingHandlerMapping - Mapped to com.example.bankcards.controller.UserController#getUserById(Long)
2026-03-16 18:59:08 [main] DEBUG o.s.s.a.m.AuthorizationManagerBeforeMethodInterceptor - Authorizing method invocation ReflectiveMethodInvocation: public org.springframework.http.ResponseEntity com.example.bankcards.controller.UserController.getUserById(java.lang.Long); target is of class [com.example.bankcards.controller.UserController]
2026-03-16 18:59:08 [main] DEBUG o.s.s.a.m.AuthorizationManagerBeforeMethodInterceptor - Authorized method invocation ReflectiveMethodInvocation: public org.springframework.http.ResponseEntity com.example.bankcards.controller.UserController.getUserById(java.lang.Long); target is of class [com.example.bankcards.controller.UserController]
2026-03-16 18:59:08 [main] DEBUG o.s.w.s.m.m.a.HttpEntityMethodProcessor - Using 'application/json', given [*/*] and supported [application/json, application/*+json, application/yaml]
2026-03-16 18:59:08 [main] DEBUG o.s.w.s.m.m.a.HttpEntityMethodProcessor - Writing [UserDto(id=1, username=admin, email=admin@example.com, firstName=Иван, lastName=Петров, role=ADMIN)]
2026-03-16 18:59:08 [SpringApplicationShutdownHook] DEBUG o.s.w.c.s.GenericWebApplicationContext - Closing org.springframework.web.context.support.GenericWebApplicationContext@18b8d173, started on Mon Mar 16 18:59:07 GMT+05:00 2026
2026-03-16 18:59:19 [main] INFO  c.e.b.c.TransactionControllerTest - Starting TransactionControllerTest using Java 25.0.2 with PID 10244 (started by gorin47 in D:\Projects\Bank_REST\bank_rest)
2026-03-16 18:59:19 [main] DEBUG c.e.b.c.TransactionControllerTest - Running with Spring Boot v4.0.2, Spring v7.0.3
2026-03-16 18:59:19 [main] INFO  c.e.b.c.TransactionControllerTest - No active profile set, falling back to 1 default profile: "default"
2026-03-16 18:59:19 [main] DEBUG o.s.w.c.s.GenericWebApplicationContext - Refreshing org.springframework.web.context.support.GenericWebApplicationContext@18b8d173
2026-03-16 18:59:20 [main] INFO  o.s.s.c.a.a.c.InitializeUserDetailsBeanManagerConfigurer$InitializeUserDetailsManagerConfigurer - Global AuthenticationManager configured with UserDetailsService bean with name userService
2026-03-16 18:59:20 [main] DEBUG o.s.s.web.DefaultSecurityFilterChain - Will secure any request with filters: DisableEncodeUrlFilter, WebAsyncManagerIntegrationFilter, SecurityContextHolderFilter, HeaderWriterFilter, CorsFilter, LogoutFilter, JwtAuthenticationFilter, RequestCacheAwareFilter, SecurityContextHolderAwareRequestFilter, AnonymousAuthenticationFilter, SessionManagementFilter, ExceptionTranslationFilter, AuthorizationFilter
2026-03-16 18:59:20 [main] DEBUG o.s.w.s.m.m.a.RequestMappingHandlerMapping - 4 mappings in 'requestMappingHandlerMapping'
2026-03-16 18:59:21 [main] DEBUG o.s.w.s.h.SimpleUrlHandlerMapping - Patterns [/webjars/**, /**] in 'resourceHandlerMapping'
2026-03-16 18:59:21 [main] DEBUG o.s.w.s.m.m.a.RequestMappingHandlerAdapter - ControllerAdvice beans: 0 @ModelAttribute, 0 @InitBinder, 2 RequestBodyAdvice, 1 ResponseBodyAdvice
2026-03-16 18:59:21 [main] DEBUG o.s.w.s.m.m.a.ExceptionHandlerExceptionResolver - ControllerAdvice beans: 1 @ExceptionHandler, 1 ResponseBodyAdvice
2026-03-16 18:59:21 [main] DEBUG c.e.b.s.JwtAuthenticationFilter - Filter 'jwtAuthenticationFilter' configured for use
2026-03-16 18:59:21 [main] INFO  o.s.b.t.m.w.SpringBootMockServletContext - Initializing Spring TestDispatcherServlet ''
2026-03-16 18:59:21 [main] INFO  o.s.t.w.s.TestDispatcherServlet - Initializing Servlet ''
2026-03-16 18:59:21 [main] INFO  o.s.t.w.s.TestDispatcherServlet - Completed initialization in 1 ms
2026-03-16 18:59:21 [main] INFO  c.e.b.c.TransactionControllerTest - Started TransactionControllerTest in 1.331 seconds (process running for 1.938)
2026-03-16 18:59:21 [main] DEBUG o.s.security.web.FilterChainProxy - Securing GET /api/transactions
2026-03-16 18:59:21 [main] DEBUG o.s.security.web.FilterChainProxy - Secured GET /api/transactions
2026-03-16 18:59:21 [main] DEBUG o.s.w.s.m.m.a.RequestMappingHandlerMapping - Mapped to com.example.bankcards.controller.TransactionController#getAllTransactions(int, int, LocalDateTime, LocalDateTime)
2026-03-16 18:59:21 [main] DEBUG o.s.s.a.m.AuthorizationManagerBeforeMethodInterceptor - Authorizing method invocation ReflectiveMethodInvocation: public org.springframework.http.ResponseEntity com.example.bankcards.controller.TransactionController.getAllTransactions(int,int,java.time.LocalDateTime,java.time.LocalDateTime); target is of class [com.example.bankcards.controller.TransactionController]
2026-03-16 18:59:21 [main] DEBUG o.s.s.a.m.AuthorizationManagerBeforeMethodInterceptor - Authorized method invocation ReflectiveMethodInvocation: public org.springframework.http.ResponseEntity com.example.bankcards.controller.TransactionController.getAllTransactions(int,int,java.time.LocalDateTime,java.time.LocalDateTime); target is of class [com.example.bankcards.controller.TransactionController]
2026-03-16 18:59:21 [main] DEBUG o.s.w.s.m.m.a.HttpEntityMethodProcessor - Using 'application/json', given [*/*] and supported [application/json, application/*+json, application/yaml]
2026-03-16 18:59:21 [main] DEBUG o.s.w.s.m.m.a.HttpEntityMethodProcessor - Writing [PagedResponse(content=[TransactionDto(id=1, transactionDate=2026-03-16T18:59:21.145055900, amount=10 (truncated)...]
2026-03-16 18:59:21 [main] DEBUG o.s.security.web.FilterChainProxy - Securing GET /api/transactions
2026-03-16 18:59:21 [main] DEBUG o.s.s.w.a.AnonymousAuthenticationFilter - Set SecurityContextHolder to anonymous SecurityContext
2026-03-16 18:59:21 [main] DEBUG o.s.s.w.a.Http403ForbiddenEntryPoint - Pre-authenticated entry point called. Rejecting access
2026-03-16 18:59:21 [main] DEBUG o.s.security.web.FilterChainProxy - Securing GET /api/transactions
2026-03-16 18:59:21 [main] DEBUG o.s.security.web.FilterChainProxy - Secured GET /api/transactions
2026-03-16 18:59:21 [main] DEBUG o.s.w.s.m.m.a.RequestMappingHandlerMapping - Mapped to com.example.bankcards.controller.TransactionController#getAllTransactions(int, int, LocalDateTime, LocalDateTime)
2026-03-16 18:59:21 [main] DEBUG o.s.web.method.HandlerMethod - Could not resolve parameter [2] in public org.springframework.http.ResponseEntity<com.example.bankcards.dto.PagedResponse<com.example.bankcards.dto.TransactionDto>> com.example.bankcards.controller.TransactionController.getAllTransactions(int,int,java.time.LocalDateTime,java.time.LocalDateTime): Required request parameter 'start' for method parameter type LocalDateTime is not present
2026-03-16 18:59:21 [main] DEBUG o.s.w.s.m.m.a.ExceptionHandlerExceptionResolver - Using @ExceptionHandler com.example.bankcards.exception.GlobalExceptionHandler#handleMissingServletRequestParameter(MissingServletRequestParameterException, HttpServletRequest)
2026-03-16 18:59:21 [main] DEBUG o.s.w.s.m.m.a.RequestResponseBodyMethodProcessor - Using 'application/json', given [*/*] and supported [application/json, application/*+json, application/yaml]
2026-03-16 18:59:21 [main] DEBUG o.s.w.s.m.m.a.RequestResponseBodyMethodProcessor - Writing [ErrorResponseDTO(timestamp=2026-03-16T18:59:21.341054800, path=/api/transactions, status=400, error= (truncated)...]
2026-03-16 18:59:21 [main] DEBUG o.s.w.s.m.m.a.ExceptionHandlerExceptionResolver - Resolved [org.springframework.web.bind.MissingServletRequestParameterException: Required request parameter 'start' for method parameter type LocalDateTime is not present]
2026-03-16 18:59:21 [main] DEBUG o.s.security.web.FilterChainProxy - Securing POST /api/transactions/transfer
2026-03-16 18:59:21 [main] DEBUG o.s.security.web.FilterChainProxy - Secured POST /api/transactions/transfer
2026-03-16 18:59:21 [main] DEBUG o.s.w.s.m.m.a.RequestMappingHandlerMapping - Mapped to com.example.bankcards.controller.TransactionController#transferBetweenCards(TransferDto)
2026-03-16 18:59:21 [main] DEBUG o.s.w.s.m.m.a.RequestResponseBodyMethodProcessor - Read "application/json;charset=UTF-8" to [TransferDto(amount=100.0, senderCardId=1, receiverCardId=2, status=null, description=Перевод между к (truncated)...]
2026-03-16 18:59:21 [main] DEBUG o.s.w.s.m.m.a.HttpEntityMethodProcessor - Using 'application/json', given [*/*] and supported [application/json, application/*+json, application/yaml]
2026-03-16 18:59:21 [main] DEBUG o.s.w.s.m.m.a.HttpEntityMethodProcessor - Writing [TransactionDto(id=1, transactionDate=2026-03-16T18:59:21.353055800, amount=100, status=SUCCESSFUL, s (truncated)...]
2026-03-16 18:59:21 [main] DEBUG o.s.security.web.FilterChainProxy - Securing POST /api/transactions/transfer
2026-03-16 18:59:21 [main] DEBUG o.s.security.web.FilterChainProxy - Secured POST /api/transactions/transfer
2026-03-16 18:59:21 [main] DEBUG o.s.w.s.m.m.a.RequestMappingHandlerMapping - Mapped to com.example.bankcards.controller.TransactionController#transferBetweenCards(TransferDto)
2026-03-16 18:59:21 [main] DEBUG o.s.w.s.m.m.a.RequestResponseBodyMethodProcessor - Read "application/json;charset=UTF-8" to [TransferDto(amount=100.0, senderCardId=null, receiverCardId=2, status=null, description=null)]
2026-03-16 18:59:21 [main] DEBUG o.s.w.s.m.m.a.ExceptionHandlerExceptionResolver - Using @ExceptionHandler com.example.bankcards.exception.GlobalExceptionHandler#handleMethodArgumentNotValidException(MethodArgumentNotValidException, HttpServletRequest)
2026-03-16 18:59:21 [main] DEBUG o.s.w.s.m.m.a.RequestResponseBodyMethodProcessor - Using 'application/json', given [*/*] and supported [application/json, application/*+json, application/yaml]
2026-03-16 18:59:21 [main] DEBUG o.s.w.s.m.m.a.RequestResponseBodyMethodProcessor - Writing [[ErrorResponseDTO(timestamp=2026-03-16T18:59:21.411062300, path=/api/transactions/transfer, status=4 (truncated)...]
2026-03-16 18:59:21 [main] DEBUG o.s.w.s.m.m.a.ExceptionHandlerExceptionResolver - Resolved [org.springframework.web.bind.MethodArgumentNotValidException: Validation failed for argument [0] in public org.springframework.http.ResponseEntity<com.example.bankcards.dto.TransactionDto> com.example.bankcards.controller.TransactionController.transferBetweenCards(com.example.bankcards.dto.TransferDto): [Field error in object 'transferDto' on field 'senderCardId': rejected value [null]; codes [NotNull.transferDto.senderCardId,NotNull.senderCardId,NotNull.java.lang.Long,NotNull]; arguments [org.springframework.context.support.DefaultMessageSourceResolvable: codes [transferDto.senderCardId,senderCardId]; arguments []; default message [senderCardId]]; default message [ID карты не может быть пустым]] ]
2026-03-16 18:59:21 [main] DEBUG o.s.security.web.FilterChainProxy - Securing POST /api/transactions/transfer
2026-03-16 18:59:21 [main] DEBUG o.s.security.web.FilterChainProxy - Secured POST /api/transactions/transfer
2026-03-16 18:59:21 [main] DEBUG o.s.w.s.m.m.a.RequestMappingHandlerMapping - Mapped to com.example.bankcards.controller.TransactionController#transferBetweenCards(TransferDto)
2026-03-16 18:59:21 [main] DEBUG o.s.w.s.m.m.a.RequestResponseBodyMethodProcessor - Read "application/json;charset=UTF-8" to [TransferDto(amount=100.0, senderCardId=null, receiverCardId=2, status=null, description=null)]
2026-03-16 18:59:21 [main] DEBUG o.s.w.s.m.m.a.ExceptionHandlerExceptionResolver - Using @ExceptionHandler com.example.bankcards.exception.GlobalExceptionHandler#handleMethodArgumentNotValidException(MethodArgumentNotValidException, HttpServletRequest)
2026-03-16 18:59:21 [main] DEBUG o.s.w.s.m.m.a.RequestResponseBodyMethodProcessor - Using 'application/json', given [*/*] and supported [application/json, application/*+json, application/yaml]
2026-03-16 18:59:21 [main] DEBUG o.s.w.s.m.m.a.RequestResponseBodyMethodProcessor - Writing [[ErrorResponseDTO(timestamp=2026-03-16T18:59:21.427056500, path=/api/transactions/transfer, status=4 (truncated)...]
2026-03-16 18:59:21 [main] DEBUG o.s.w.s.m.m.a.ExceptionHandlerExceptionResolver - Resolved [org.springframework.web.bind.MethodArgumentNotValidException: Validation failed for argument [0] in public org.springframework.http.ResponseEntity<com.example.bankcards.dto.TransactionDto> com.example.bankcards.controller.TransactionController.transferBetweenCards(com.example.bankcards.dto.TransferDto): [Field error in object 'transferDto' on field 'senderCardId': rejected value [null]; codes [NotNull.transferDto.senderCardId,NotNull.senderCardId,NotNull.java.lang.Long,NotNull]; arguments [org.springframework.context.support.DefaultMessageSourceResolvable: codes [transferDto.senderCardId,senderCardId]; arguments []; default message [senderCardId]]; default message [ID карты не может быть пустым]] ]
2026-03-16 18:59:21 [main] DEBUG o.s.security.web.FilterChainProxy - Securing POST /api/transactions/transfer
2026-03-16 18:59:21 [main] DEBUG o.s.s.w.a.AnonymousAuthenticationFilter - Set SecurityContextHolder to anonymous SecurityContext
2026-03-16 18:59:21 [main] DEBUG o.s.s.w.a.Http403ForbiddenEntryPoint - Pre-authenticated entry point called. Rejecting access
2026-03-16 18:59:21 [main] DEBUG o.s.security.web.FilterChainProxy - Securing POST /api/transactions/transfer
2026-03-16 18:59:21 [main] DEBUG o.s.security.web.FilterChainProxy - Secured POST /api/transactions/transfer
2026-03-16 18:59:21 [main] DEBUG o.s.w.s.m.m.a.RequestMappingHandlerMapping - Mapped to com.example.bankcards.controller.TransactionController#transferBetweenCards(TransferDto)
2026-03-16 18:59:21 [main] DEBUG o.s.w.s.m.m.a.RequestResponseBodyMethodProcessor - Read "application/json;charset=UTF-8" to [TransferDto(amount=100.0, senderCardId=1, receiverCardId=2, status=null, description=null)]
2026-03-16 18:59:21 [main] DEBUG o.s.w.s.m.m.a.HttpEntityMethodProcessor - Using 'application/json', given [*/*] and supported [application/json, application/*+json, application/yaml]
2026-03-16 18:59:21 [main] DEBUG o.s.w.s.m.m.a.HttpEntityMethodProcessor - Writing [TransactionDto(id=1, transactionDate=2026-03-16T18:59:21.442056400, amount=100, status=SUCCESSFUL, s (truncated)...]
2026-03-16 18:59:21 [SpringApplicationShutdownHook] DEBUG o.s.w.c.s.GenericWebApplicationContext - Closing org.springframework.web.context.support.GenericWebApplicationContext@18b8d173, started on Mon Mar 16 18:59:19 GMT+05:00 2026
2026-03-16 18:59:48 [main] INFO  c.e.b.c.TransactionControllerTest - Starting TransactionControllerTest using Java 25.0.2 with PID 17344 (started by gorin47 in D:\Projects\Bank_REST\bank_rest)
2026-03-16 18:59:48 [main] DEBUG c.e.b.c.TransactionControllerTest - Running with Spring Boot v4.0.2, Spring v7.0.3
2026-03-16 18:59:48 [main] INFO  c.e.b.c.TransactionControllerTest - No active profile set, falling back to 1 default profile: "default"
2026-03-16 18:59:48 [main] DEBUG o.s.w.c.s.GenericWebApplicationContext - Refreshing org.springframework.web.context.support.GenericWebApplicationContext@18b8d173
2026-03-16 18:59:48 [main] INFO  o.s.s.c.a.a.c.InitializeUserDetailsBeanManagerConfigurer$InitializeUserDetailsManagerConfigurer - Global AuthenticationManager configured with UserDetailsService bean with name userService
2026-03-16 18:59:48 [main] DEBUG o.s.s.web.DefaultSecurityFilterChain - Will secure any request with filters: DisableEncodeUrlFilter, WebAsyncManagerIntegrationFilter, SecurityContextHolderFilter, HeaderWriterFilter, CorsFilter, LogoutFilter, JwtAuthenticationFilter, RequestCacheAwareFilter, SecurityContextHolderAwareRequestFilter, AnonymousAuthenticationFilter, SessionManagementFilter, ExceptionTranslationFilter, AuthorizationFilter
2026-03-16 18:59:49 [main] DEBUG o.s.w.s.m.m.a.RequestMappingHandlerMapping - 4 mappings in 'requestMappingHandlerMapping'
2026-03-16 18:59:49 [main] DEBUG o.s.w.s.h.SimpleUrlHandlerMapping - Patterns [/webjars/**, /**] in 'resourceHandlerMapping'
2026-03-16 18:59:49 [main] DEBUG o.s.w.s.m.m.a.RequestMappingHandlerAdapter - ControllerAdvice beans: 0 @ModelAttribute, 0 @InitBinder, 2 RequestBodyAdvice, 1 ResponseBodyAdvice
2026-03-16 18:59:49 [main] DEBUG o.s.w.s.m.m.a.ExceptionHandlerExceptionResolver - ControllerAdvice beans: 1 @ExceptionHandler, 1 ResponseBodyAdvice
2026-03-16 18:59:49 [main] DEBUG c.e.b.s.JwtAuthenticationFilter - Filter 'jwtAuthenticationFilter' configured for use
2026-03-16 18:59:49 [main] INFO  o.s.b.t.m.w.SpringBootMockServletContext - Initializing Spring TestDispatcherServlet ''
2026-03-16 18:59:49 [main] INFO  o.s.t.w.s.TestDispatcherServlet - Initializing Servlet ''
2026-03-16 18:59:49 [main] INFO  o.s.t.w.s.TestDispatcherServlet - Completed initialization in 1 ms
2026-03-16 18:59:49 [main] INFO  c.e.b.c.TransactionControllerTest - Started TransactionControllerTest in 1.355 seconds (process running for 1.967)
2026-03-16 18:59:49 [main] DEBUG o.s.security.web.FilterChainProxy - Securing GET /api/transactions
2026-03-16 18:59:49 [main] DEBUG o.s.security.web.FilterChainProxy - Secured GET /api/transactions
2026-03-16 18:59:49 [main] DEBUG o.s.w.s.m.m.a.RequestMappingHandlerMapping - Mapped to com.example.bankcards.controller.TransactionController#getAllTransactions(int, int, LocalDateTime, LocalDateTime)
2026-03-16 18:59:49 [main] DEBUG o.s.s.a.m.AuthorizationManagerBeforeMethodInterceptor - Authorizing method invocation ReflectiveMethodInvocation: public org.springframework.http.ResponseEntity com.example.bankcards.controller.TransactionController.getAllTransactions(int,int,java.time.LocalDateTime,java.time.LocalDateTime); target is of class [com.example.bankcards.controller.TransactionController]
2026-03-16 18:59:49 [main] DEBUG o.s.s.a.m.AuthorizationManagerBeforeMethodInterceptor - Authorized method invocation ReflectiveMethodInvocation: public org.springframework.http.ResponseEntity com.example.bankcards.controller.TransactionController.getAllTransactions(int,int,java.time.LocalDateTime,java.time.LocalDateTime); target is of class [com.example.bankcards.controller.TransactionController]
2026-03-16 18:59:49 [main] DEBUG o.s.w.s.m.m.a.HttpEntityMethodProcessor - Using 'application/json', given [*/*] and supported [application/json, application/*+json, application/yaml]
2026-03-16 18:59:49 [main] DEBUG o.s.w.s.m.m.a.HttpEntityMethodProcessor - Writing [PagedResponse(content=[TransactionDto(id=1, transactionDate=2026-03-16T18:59:49.206489900, amount=10 (truncated)...]
2026-03-16 18:59:49 [main] DEBUG o.s.security.web.FilterChainProxy - Securing GET /api/transactions
2026-03-16 18:59:49 [main] DEBUG o.s.s.w.a.AnonymousAuthenticationFilter - Set SecurityContextHolder to anonymous SecurityContext
2026-03-16 18:59:49 [main] DEBUG o.s.s.w.a.Http403ForbiddenEntryPoint - Pre-authenticated entry point called. Rejecting access
2026-03-16 18:59:49 [main] DEBUG o.s.security.web.FilterChainProxy - Securing GET /api/transactions
2026-03-16 18:59:49 [main] DEBUG o.s.security.web.FilterChainProxy - Secured GET /api/transactions
2026-03-16 18:59:49 [main] DEBUG o.s.w.s.m.m.a.RequestMappingHandlerMapping - Mapped to com.example.bankcards.controller.TransactionController#getAllTransactions(int, int, LocalDateTime, LocalDateTime)
2026-03-16 18:59:49 [main] DEBUG o.s.web.method.HandlerMethod - Could not resolve parameter [2] in public org.springframework.http.ResponseEntity<com.example.bankcards.dto.PagedResponse<com.example.bankcards.dto.TransactionDto>> com.example.bankcards.controller.TransactionController.getAllTransactions(int,int,java.time.LocalDateTime,java.time.LocalDateTime): Required request parameter 'start' for method parameter type LocalDateTime is not present
2026-03-16 18:59:49 [main] DEBUG o.s.w.s.m.m.a.ExceptionHandlerExceptionResolver - Using @ExceptionHandler com.example.bankcards.exception.GlobalExceptionHandler#handleMissingServletRequestParameter(MissingServletRequestParameterException, HttpServletRequest)
2026-03-16 18:59:49 [main] DEBUG o.s.w.s.m.m.a.RequestResponseBodyMethodProcessor - Using 'application/json', given [*/*] and supported [application/json, application/*+json, application/yaml]
2026-03-16 18:59:49 [main] DEBUG o.s.w.s.m.m.a.RequestResponseBodyMethodProcessor - Writing [ErrorResponseDTO(timestamp=2026-03-16T18:59:49.386052400, path=/api/transactions, status=400, error= (truncated)...]
2026-03-16 18:59:49 [main] DEBUG o.s.w.s.m.m.a.ExceptionHandlerExceptionResolver - Resolved [org.springframework.web.bind.MissingServletRequestParameterException: Required request parameter 'start' for method parameter type LocalDateTime is not present]
2026-03-16 18:59:49 [main] DEBUG o.s.security.web.FilterChainProxy - Securing POST /api/transactions/transfer
2026-03-16 18:59:49 [main] DEBUG o.s.security.web.FilterChainProxy - Secured POST /api/transactions/transfer
2026-03-16 18:59:49 [main] DEBUG o.s.w.s.m.m.a.RequestMappingHandlerMapping - Mapped to com.example.bankcards.controller.TransactionController#transferBetweenCards(TransferDto)
2026-03-16 18:59:49 [main] DEBUG o.s.w.s.m.m.a.RequestResponseBodyMethodProcessor - Read "application/json;charset=UTF-8" to [TransferDto(amount=100.0, senderCardId=1, receiverCardId=2, status=null, description=Перевод между к (truncated)...]
2026-03-16 18:59:49 [main] DEBUG o.s.w.s.m.m.a.HttpEntityMethodProcessor - Using 'application/json', given [*/*] and supported [application/json, application/*+json, application/yaml]
2026-03-16 18:59:49 [main] DEBUG o.s.w.s.m.m.a.HttpEntityMethodProcessor - Writing [TransactionDto(id=1, transactionDate=2026-03-16T18:59:49.397049200, amount=100, status=SUCCESSFUL, s (truncated)...]
2026-03-16 18:59:49 [main] DEBUG o.s.security.web.FilterChainProxy - Securing POST /api/transactions/transfer
2026-03-16 18:59:49 [main] DEBUG o.s.security.web.FilterChainProxy - Secured POST /api/transactions/transfer
2026-03-16 18:59:49 [main] DEBUG o.s.w.s.m.m.a.RequestMappingHandlerMapping - Mapped to com.example.bankcards.controller.TransactionController#transferBetweenCards(TransferDto)
2026-03-16 18:59:49 [main] DEBUG o.s.w.s.m.m.a.RequestResponseBodyMethodProcessor - Read "application/json;charset=UTF-8" to [TransferDto(amount=100.0, senderCardId=null, receiverCardId=2, status=null, description=null)]
2026-03-16 18:59:49 [main] DEBUG o.s.w.s.m.m.a.ExceptionHandlerExceptionResolver - Using @ExceptionHandler com.example.bankcards.exception.GlobalExceptionHandler#handleMethodArgumentNotValidException(MethodArgumentNotValidException, HttpServletRequest)
2026-03-16 18:59:49 [main] DEBUG o.s.w.s.m.m.a.RequestResponseBodyMethodProcessor - Using 'application/json', given [*/*] and supported [application/json, application/*+json, application/yaml]
2026-03-16 18:59:49 [main] DEBUG o.s.w.s.m.m.a.RequestResponseBodyMethodProcessor - Writing [[ErrorResponseDTO(timestamp=2026-03-16T18:59:49.453052100, path=/api/transactions/transfer, status=4 (truncated)...]
2026-03-16 18:59:49 [main] DEBUG o.s.w.s.m.m.a.ExceptionHandlerExceptionResolver - Resolved [org.springframework.web.bind.MethodArgumentNotValidException: Validation failed for argument [0] in public org.springframework.http.ResponseEntity<com.example.bankcards.dto.TransactionDto> com.example.bankcards.controller.TransactionController.transferBetweenCards(com.example.bankcards.dto.TransferDto): [Field error in object 'transferDto' on field 'senderCardId': rejected value [null]; codes [NotNull.transferDto.senderCardId,NotNull.senderCardId,NotNull.java.lang.Long,NotNull]; arguments [org.springframework.context.support.DefaultMessageSourceResolvable: codes [transferDto.senderCardId,senderCardId]; arguments []; default message [senderCardId]]; default message [ID карты не может быть пустым]] ]
2026-03-16 18:59:49 [main] DEBUG o.s.security.web.FilterChainProxy - Securing POST /api/transactions/transfer
2026-03-16 18:59:49 [main] DEBUG o.s.security.web.FilterChainProxy - Secured POST /api/transactions/transfer
2026-03-16 18:59:49 [main] DEBUG o.s.w.s.m.m.a.RequestMappingHandlerMapping - Mapped to com.example.bankcards.controller.TransactionController#transferBetweenCards(TransferDto)
2026-03-16 18:59:49 [main] DEBUG o.s.w.s.m.m.a.RequestResponseBodyMethodProcessor - Read "application/json;charset=UTF-8" to [TransferDto(amount=100.0, senderCardId=null, receiverCardId=2, status=null, description=null)]
2026-03-16 18:59:49 [main] DEBUG o.s.w.s.m.m.a.ExceptionHandlerExceptionResolver - Using @ExceptionHandler com.example.bankcards.exception.GlobalExceptionHandler#handleMethodArgumentNotValidException(MethodArgumentNotValidException, HttpServletRequest)
2026-03-16 18:59:49 [main] DEBUG o.s.w.s.m.m.a.RequestResponseBodyMethodProcessor - Using 'application/json', given [*/*] and supported [application/json, application/*+json, application/yaml]
2026-03-16 18:59:49 [main] DEBUG o.s.w.s.m.m.a.RequestResponseBodyMethodProcessor - Writing [[ErrorResponseDTO(timestamp=2026-03-16T18:59:49.470047600, path=/api/transactions/transfer, status=4 (truncated)...]
2026-03-16 18:59:49 [main] DEBUG o.s.w.s.m.m.a.ExceptionHandlerExceptionResolver - Resolved [org.springframework.web.bind.MethodArgumentNotValidException: Validation failed for argument [0] in public org.springframework.http.ResponseEntity<com.example.bankcards.dto.TransactionDto> com.example.bankcards.controller.TransactionController.transferBetweenCards(com.example.bankcards.dto.TransferDto): [Field error in object 'transferDto' on field 'senderCardId': rejected value [null]; codes [NotNull.transferDto.senderCardId,NotNull.senderCardId,NotNull.java.lang.Long,NotNull]; arguments [org.springframework.context.support.DefaultMessageSourceResolvable: codes [transferDto.senderCardId,senderCardId]; arguments []; default message [senderCardId]]; default message [ID карты не может быть пустым]] ]
2026-03-16 18:59:49 [main] DEBUG o.s.security.web.FilterChainProxy - Securing POST /api/transactions/transfer
2026-03-16 18:59:49 [main] DEBUG o.s.s.w.a.AnonymousAuthenticationFilter - Set SecurityContextHolder to anonymous SecurityContext
2026-03-16 18:59:49 [main] DEBUG o.s.s.w.a.Http403ForbiddenEntryPoint - Pre-authenticated entry point called. Rejecting access
2026-03-16 18:59:49 [main] DEBUG o.s.security.web.FilterChainProxy - Securing POST /api/transactions/transfer
2026-03-16 18:59:49 [main] DEBUG o.s.security.web.FilterChainProxy - Secured POST /api/transactions/transfer
2026-03-16 18:59:49 [main] DEBUG o.s.w.s.m.m.a.RequestMappingHandlerMapping - Mapped to com.example.bankcards.controller.TransactionController#transferBetweenCards(TransferDto)
2026-03-16 18:59:49 [main] DEBUG o.s.w.s.m.m.a.RequestResponseBodyMethodProcessor - Read "application/json;charset=UTF-8" to [TransferDto(amount=100.0, senderCardId=1, receiverCardId=2, status=null, description=null)]
2026-03-16 18:59:49 [main] DEBUG o.s.w.s.m.m.a.HttpEntityMethodProcessor - Using 'application/json', given [*/*] and supported [application/json, application/*+json, application/yaml]
2026-03-16 18:59:49 [main] DEBUG o.s.w.s.m.m.a.HttpEntityMethodProcessor - Writing [TransactionDto(id=1, transactionDate=2026-03-16T18:59:49.486048300, amount=100, status=SUCCESSFUL, s (truncated)...]
2026-03-16 18:59:49 [SpringApplicationShutdownHook] DEBUG o.s.w.c.s.GenericWebApplicationContext - Closing org.springframework.web.context.support.GenericWebApplicationContext@18b8d173, started on Mon Mar 16 18:59:48 GMT+05:00 2026
2026-03-16 19:00:44 [main] INFO  c.e.b.c.TransactionControllerTest - Starting TransactionControllerTest using Java 25.0.2 with PID 5340 (started by gorin47 in D:\Projects\Bank_REST\bank_rest)
2026-03-16 19:00:44 [main] DEBUG c.e.b.c.TransactionControllerTest - Running with Spring Boot v4.0.2, Spring v7.0.3
2026-03-16 19:00:44 [main] INFO  c.e.b.c.TransactionControllerTest - No active profile set, falling back to 1 default profile: "default"
2026-03-16 19:00:44 [main] DEBUG o.s.w.c.s.GenericWebApplicationContext - Refreshing org.springframework.web.context.support.GenericWebApplicationContext@18b8d173
2026-03-16 19:00:45 [main] INFO  o.s.s.c.a.a.c.InitializeUserDetailsBeanManagerConfigurer$InitializeUserDetailsManagerConfigurer - Global AuthenticationManager configured with UserDetailsService bean with name userService
2026-03-16 19:00:45 [main] DEBUG o.s.s.web.DefaultSecurityFilterChain - Will secure any request with filters: DisableEncodeUrlFilter, WebAsyncManagerIntegrationFilter, SecurityContextHolderFilter, HeaderWriterFilter, CorsFilter, LogoutFilter, JwtAuthenticationFilter, RequestCacheAwareFilter, SecurityContextHolderAwareRequestFilter, AnonymousAuthenticationFilter, SessionManagementFilter, ExceptionTranslationFilter, AuthorizationFilter
2026-03-16 19:00:45 [main] DEBUG o.s.w.s.m.m.a.RequestMappingHandlerMapping - 4 mappings in 'requestMappingHandlerMapping'
2026-03-16 19:00:45 [main] DEBUG o.s.w.s.h.SimpleUrlHandlerMapping - Patterns [/webjars/**, /**] in 'resourceHandlerMapping'
2026-03-16 19:00:45 [main] DEBUG o.s.w.s.m.m.a.RequestMappingHandlerAdapter - ControllerAdvice beans: 0 @ModelAttribute, 0 @InitBinder, 2 RequestBodyAdvice, 1 ResponseBodyAdvice
2026-03-16 19:00:45 [main] DEBUG o.s.w.s.m.m.a.ExceptionHandlerExceptionResolver - ControllerAdvice beans: 1 @ExceptionHandler, 1 ResponseBodyAdvice
2026-03-16 19:00:45 [main] DEBUG c.e.b.s.JwtAuthenticationFilter - Filter 'jwtAuthenticationFilter' configured for use
2026-03-16 19:00:45 [main] INFO  o.s.b.t.m.w.SpringBootMockServletContext - Initializing Spring TestDispatcherServlet ''
2026-03-16 19:00:45 [main] INFO  o.s.t.w.s.TestDispatcherServlet - Initializing Servlet ''
2026-03-16 19:00:45 [main] INFO  o.s.t.w.s.TestDispatcherServlet - Completed initialization in 1 ms
2026-03-16 19:00:46 [main] INFO  c.e.b.c.TransactionControllerTest - Started TransactionControllerTest in 1.353 seconds (process running for 1.97)
2026-03-16 19:00:46 [main] DEBUG o.s.security.web.FilterChainProxy - Securing GET /api/transactions
2026-03-16 19:00:46 [main] DEBUG o.s.security.web.FilterChainProxy - Secured GET /api/transactions
2026-03-16 19:00:46 [main] DEBUG o.s.w.s.m.m.a.RequestMappingHandlerMapping - Mapped to com.example.bankcards.controller.TransactionController#getAllTransactions(int, int, LocalDateTime, LocalDateTime)
2026-03-16 19:00:46 [main] DEBUG o.s.s.a.m.AuthorizationManagerBeforeMethodInterceptor - Authorizing method invocation ReflectiveMethodInvocation: public org.springframework.http.ResponseEntity com.example.bankcards.controller.TransactionController.getAllTransactions(int,int,java.time.LocalDateTime,java.time.LocalDateTime); target is of class [com.example.bankcards.controller.TransactionController]
2026-03-16 19:00:46 [main] DEBUG o.s.s.a.m.AuthorizationManagerBeforeMethodInterceptor - Authorized method invocation ReflectiveMethodInvocation: public org.springframework.http.ResponseEntity com.example.bankcards.controller.TransactionController.getAllTransactions(int,int,java.time.LocalDateTime,java.time.LocalDateTime); target is of class [com.example.bankcards.controller.TransactionController]
2026-03-16 19:00:46 [main] DEBUG o.s.w.s.m.m.a.HttpEntityMethodProcessor - Using 'application/json', given [*/*] and supported [application/json, application/*+json, application/yaml]
2026-03-16 19:00:46 [main] DEBUG o.s.w.s.m.m.a.HttpEntityMethodProcessor - Writing [PagedResponse(content=[TransactionDto(id=1, transactionDate=2026-03-16T19:00:46.038330200, amount=10 (truncated)...]
2026-03-16 19:00:46 [main] DEBUG o.s.security.web.FilterChainProxy - Securing GET /api/transactions
2026-03-16 19:00:46 [main] DEBUG o.s.s.w.a.AnonymousAuthenticationFilter - Set SecurityContextHolder to anonymous SecurityContext
2026-03-16 19:00:46 [main] DEBUG o.s.s.w.a.Http403ForbiddenEntryPoint - Pre-authenticated entry point called. Rejecting access
2026-03-16 19:00:46 [main] DEBUG o.s.security.web.FilterChainProxy - Securing GET /api/transactions
2026-03-16 19:00:46 [main] DEBUG o.s.security.web.FilterChainProxy - Secured GET /api/transactions
2026-03-16 19:00:46 [main] DEBUG o.s.w.s.m.m.a.RequestMappingHandlerMapping - Mapped to com.example.bankcards.controller.TransactionController#getAllTransactions(int, int, LocalDateTime, LocalDateTime)
2026-03-16 19:00:46 [main] DEBUG o.s.web.method.HandlerMethod - Could not resolve parameter [2] in public org.springframework.http.ResponseEntity<com.example.bankcards.dto.PagedResponse<com.example.bankcards.dto.TransactionDto>> com.example.bankcards.controller.TransactionController.getAllTransactions(int,int,java.time.LocalDateTime,java.time.LocalDateTime): Required request parameter 'start' for method parameter type LocalDateTime is not present
2026-03-16 19:00:46 [main] DEBUG o.s.w.s.m.m.a.ExceptionHandlerExceptionResolver - Using @ExceptionHandler com.example.bankcards.exception.GlobalExceptionHandler#handleMissingServletRequestParameter(MissingServletRequestParameterException, HttpServletRequest)
2026-03-16 19:00:46 [main] DEBUG o.s.w.s.m.m.a.RequestResponseBodyMethodProcessor - Using 'application/json', given [*/*] and supported [application/json, application/*+json, application/yaml]
2026-03-16 19:00:46 [main] DEBUG o.s.w.s.m.m.a.RequestResponseBodyMethodProcessor - Writing [ErrorResponseDTO(timestamp=2026-03-16T19:00:46.220331300, path=/api/transactions, status=400, error= (truncated)...]
2026-03-16 19:00:46 [main] DEBUG o.s.w.s.m.m.a.ExceptionHandlerExceptionResolver - Resolved [org.springframework.web.bind.MissingServletRequestParameterException: Required request parameter 'start' for method parameter type LocalDateTime is not present]
2026-03-16 19:00:46 [main] DEBUG o.s.security.web.FilterChainProxy - Securing POST /api/transactions/transfer
2026-03-16 19:00:46 [main] DEBUG o.s.security.web.FilterChainProxy - Secured POST /api/transactions/transfer
2026-03-16 19:00:46 [main] DEBUG o.s.w.s.m.m.a.RequestMappingHandlerMapping - Mapped to com.example.bankcards.controller.TransactionController#transferBetweenCards(TransferDto)
2026-03-16 19:00:46 [main] DEBUG o.s.w.s.m.m.a.RequestResponseBodyMethodProcessor - Read "application/json;charset=UTF-8" to [TransferDto(amount=100.0, senderCardId=1, receiverCardId=2, status=null, description=Перевод между к (truncated)...]
2026-03-16 19:00:46 [main] DEBUG o.s.w.s.m.m.a.HttpEntityMethodProcessor - Using 'application/json', given [*/*] and supported [application/json, application/*+json, application/yaml]
2026-03-16 19:00:46 [main] DEBUG o.s.w.s.m.m.a.HttpEntityMethodProcessor - Writing [TransactionDto(id=1, transactionDate=2026-03-16T19:00:46.231330400, amount=100, status=SUCCESSFUL, s (truncated)...]
2026-03-16 19:00:46 [main] DEBUG o.s.security.web.FilterChainProxy - Securing POST /api/transactions/transfer
2026-03-16 19:00:46 [main] DEBUG o.s.security.web.FilterChainProxy - Secured POST /api/transactions/transfer
2026-03-16 19:00:46 [main] DEBUG o.s.w.s.m.m.a.RequestMappingHandlerMapping - Mapped to com.example.bankcards.controller.TransactionController#transferBetweenCards(TransferDto)
2026-03-16 19:00:46 [main] DEBUG o.s.w.s.m.m.a.RequestResponseBodyMethodProcessor - Read "application/json;charset=UTF-8" to [TransferDto(amount=100.0, senderCardId=null, receiverCardId=2, status=null, description=null)]
2026-03-16 19:00:46 [main] DEBUG o.s.w.s.m.m.a.ExceptionHandlerExceptionResolver - Using @ExceptionHandler com.example.bankcards.exception.GlobalExceptionHandler#handleMethodArgumentNotValidException(MethodArgumentNotValidException, HttpServletRequest)
2026-03-16 19:00:46 [main] DEBUG o.s.w.s.m.m.a.RequestResponseBodyMethodProcessor - Using 'application/json', given [*/*] and supported [application/json, application/*+json, application/yaml]
2026-03-16 19:00:46 [main] DEBUG o.s.w.s.m.m.a.RequestResponseBodyMethodProcessor - Writing [[ErrorResponseDTO(timestamp=2026-03-16T19:00:46.288777600, path=/api/transactions/transfer, status=4 (truncated)...]
2026-03-16 19:00:46 [main] DEBUG o.s.w.s.m.m.a.ExceptionHandlerExceptionResolver - Resolved [org.springframework.web.bind.MethodArgumentNotValidException: Validation failed for argument [0] in public org.springframework.http.ResponseEntity<com.example.bankcards.dto.TransactionDto> com.example.bankcards.controller.TransactionController.transferBetweenCards(com.example.bankcards.dto.TransferDto): [Field error in object 'transferDto' on field 'senderCardId': rejected value [null]; codes [NotNull.transferDto.senderCardId,NotNull.senderCardId,NotNull.java.lang.Long,NotNull]; arguments [org.springframework.context.support.DefaultMessageSourceResolvable: codes [transferDto.senderCardId,senderCardId]; arguments []; default message [senderCardId]]; default message [ID карты не может быть пустым]] ]
2026-03-16 19:00:46 [main] DEBUG o.s.security.web.FilterChainProxy - Securing POST /api/transactions/transfer
2026-03-16 19:00:46 [main] DEBUG o.s.security.web.FilterChainProxy - Secured POST /api/transactions/transfer
2026-03-16 19:00:46 [main] DEBUG o.s.w.s.m.m.a.RequestMappingHandlerMapping - Mapped to com.example.bankcards.controller.TransactionController#transferBetweenCards(TransferDto)
2026-03-16 19:00:46 [main] DEBUG o.s.w.s.m.m.a.RequestResponseBodyMethodProcessor - Read "application/json;charset=UTF-8" to [TransferDto(amount=100.0, senderCardId=null, receiverCardId=2, status=null, description=null)]
2026-03-16 19:00:46 [main] DEBUG o.s.w.s.m.m.a.ExceptionHandlerExceptionResolver - Using @ExceptionHandler com.example.bankcards.exception.GlobalExceptionHandler#handleMethodArgumentNotValidException(MethodArgumentNotValidException, HttpServletRequest)
2026-03-16 19:00:46 [main] DEBUG o.s.w.s.m.m.a.RequestResponseBodyMethodProcessor - Using 'application/json', given [*/*] and supported [application/json, application/*+json, application/yaml]
2026-03-16 19:00:46 [main] DEBUG o.s.w.s.m.m.a.RequestResponseBodyMethodProcessor - Writing [[ErrorResponseDTO(timestamp=2026-03-16T19:00:46.298775, path=/api/transactions/transfer, status=422, (truncated)...]
2026-03-16 19:00:46 [main] DEBUG o.s.w.s.m.m.a.ExceptionHandlerExceptionResolver - Resolved [org.springframework.web.bind.MethodArgumentNotValidException: Validation failed for argument [0] in public org.springframework.http.ResponseEntity<com.example.bankcards.dto.TransactionDto> com.example.bankcards.controller.TransactionController.transferBetweenCards(com.example.bankcards.dto.TransferDto): [Field error in object 'transferDto' on field 'senderCardId': rejected value [null]; codes [NotNull.transferDto.senderCardId,NotNull.senderCardId,NotNull.java.lang.Long,NotNull]; arguments [org.springframework.context.support.DefaultMessageSourceResolvable: codes [transferDto.senderCardId,senderCardId]; arguments []; default message [senderCardId]]; default message [ID карты не может быть пустым]] ]
2026-03-16 19:00:46 [main] DEBUG o.s.security.web.FilterChainProxy - Securing POST /api/transactions/transfer
2026-03-16 19:00:46 [main] DEBUG o.s.s.w.a.AnonymousAuthenticationFilter - Set SecurityContextHolder to anonymous SecurityContext
2026-03-16 19:00:46 [main] DEBUG o.s.s.w.a.Http403ForbiddenEntryPoint - Pre-authenticated entry point called. Rejecting access
2026-03-16 19:00:46 [main] DEBUG o.s.security.web.FilterChainProxy - Securing POST /api/transactions/transfer
2026-03-16 19:00:46 [main] DEBUG o.s.security.web.FilterChainProxy - Secured POST /api/transactions/transfer
2026-03-16 19:00:46 [main] DEBUG o.s.w.s.m.m.a.RequestMappingHandlerMapping - Mapped to com.example.bankcards.controller.TransactionController#transferBetweenCards(TransferDto)
2026-03-16 19:00:46 [main] DEBUG o.s.w.s.m.m.a.RequestResponseBodyMethodProcessor - Read "application/json;charset=UTF-8" to [TransferDto(amount=100.0, senderCardId=1, receiverCardId=2, status=null, description=null)]
2026-03-16 19:00:46 [main] DEBUG o.s.w.s.m.m.a.HttpEntityMethodProcessor - Using 'application/json', given [*/*] and supported [application/json, application/*+json, application/yaml]
2026-03-16 19:00:46 [main] DEBUG o.s.w.s.m.m.a.HttpEntityMethodProcessor - Writing [TransactionDto(id=1, transactionDate=2026-03-16T19:00:46.319774800, amount=100, status=SUCCESSFUL, s (truncated)...]
2026-03-16 19:00:46 [SpringApplicationShutdownHook] DEBUG o.s.w.c.s.GenericWebApplicationContext - Closing org.springframework.web.context.support.GenericWebApplicationContext@18b8d173, started on Mon Mar 16 19:00:44 GMT+05:00 2026
2026-03-16 19:01:25 [main] INFO  c.e.b.c.TransactionControllerTest - Starting TransactionControllerTest using Java 25.0.2 with PID 13032 (started by gorin47 in D:\Projects\Bank_REST\bank_rest)
2026-03-16 19:01:25 [main] DEBUG c.e.b.c.TransactionControllerTest - Running with Spring Boot v4.0.2, Spring v7.0.3
2026-03-16 19:01:25 [main] INFO  c.e.b.c.TransactionControllerTest - No active profile set, falling back to 1 default profile: "default"
2026-03-16 19:01:25 [main] DEBUG o.s.w.c.s.GenericWebApplicationContext - Refreshing org.springframework.web.context.support.GenericWebApplicationContext@18b8d173
2026-03-16 19:01:25 [main] INFO  o.s.s.c.a.a.c.InitializeUserDetailsBeanManagerConfigurer$InitializeUserDetailsManagerConfigurer - Global AuthenticationManager configured with UserDetailsService bean with name userService
2026-03-16 19:01:26 [main] DEBUG o.s.s.web.DefaultSecurityFilterChain - Will secure any request with filters: DisableEncodeUrlFilter, WebAsyncManagerIntegrationFilter, SecurityContextHolderFilter, HeaderWriterFilter, CorsFilter, LogoutFilter, JwtAuthenticationFilter, RequestCacheAwareFilter, SecurityContextHolderAwareRequestFilter, AnonymousAuthenticationFilter, SessionManagementFilter, ExceptionTranslationFilter, AuthorizationFilter
2026-03-16 19:01:26 [main] DEBUG o.s.w.s.m.m.a.RequestMappingHandlerMapping - 4 mappings in 'requestMappingHandlerMapping'
2026-03-16 19:01:26 [main] DEBUG o.s.w.s.h.SimpleUrlHandlerMapping - Patterns [/webjars/**, /**] in 'resourceHandlerMapping'
2026-03-16 19:01:26 [main] DEBUG o.s.w.s.m.m.a.RequestMappingHandlerAdapter - ControllerAdvice beans: 0 @ModelAttribute, 0 @InitBinder, 2 RequestBodyAdvice, 1 ResponseBodyAdvice
2026-03-16 19:01:26 [main] DEBUG o.s.w.s.m.m.a.ExceptionHandlerExceptionResolver - ControllerAdvice beans: 1 @ExceptionHandler, 1 ResponseBodyAdvice
2026-03-16 19:01:26 [main] DEBUG c.e.b.s.JwtAuthenticationFilter - Filter 'jwtAuthenticationFilter' configured for use
2026-03-16 19:01:26 [main] INFO  o.s.b.t.m.w.SpringBootMockServletContext - Initializing Spring TestDispatcherServlet ''
2026-03-16 19:01:26 [main] INFO  o.s.t.w.s.TestDispatcherServlet - Initializing Servlet ''
2026-03-16 19:01:26 [main] INFO  o.s.t.w.s.TestDispatcherServlet - Completed initialization in 1 ms
2026-03-16 19:01:26 [main] INFO  c.e.b.c.TransactionControllerTest - Started TransactionControllerTest in 1.349 seconds (process running for 1.968)
2026-03-16 19:01:26 [main] DEBUG o.s.security.web.FilterChainProxy - Securing GET /api/transactions
2026-03-16 19:01:26 [main] DEBUG o.s.security.web.FilterChainProxy - Secured GET /api/transactions
2026-03-16 19:01:26 [main] DEBUG o.s.w.s.m.m.a.RequestMappingHandlerMapping - Mapped to com.example.bankcards.controller.TransactionController#getAllTransactions(int, int, LocalDateTime, LocalDateTime)
2026-03-16 19:01:26 [main] DEBUG o.s.s.a.m.AuthorizationManagerBeforeMethodInterceptor - Authorizing method invocation ReflectiveMethodInvocation: public org.springframework.http.ResponseEntity com.example.bankcards.controller.TransactionController.getAllTransactions(int,int,java.time.LocalDateTime,java.time.LocalDateTime); target is of class [com.example.bankcards.controller.TransactionController]
2026-03-16 19:01:26 [main] DEBUG o.s.s.a.m.AuthorizationManagerBeforeMethodInterceptor - Authorized method invocation ReflectiveMethodInvocation: public org.springframework.http.ResponseEntity com.example.bankcards.controller.TransactionController.getAllTransactions(int,int,java.time.LocalDateTime,java.time.LocalDateTime); target is of class [com.example.bankcards.controller.TransactionController]
2026-03-16 19:01:26 [main] DEBUG o.s.w.s.m.m.a.HttpEntityMethodProcessor - Using 'application/json', given [*/*] and supported [application/json, application/*+json, application/yaml]
2026-03-16 19:01:26 [main] DEBUG o.s.w.s.m.m.a.HttpEntityMethodProcessor - Writing [PagedResponse(content=[TransactionDto(id=1, transactionDate=2026-03-16T19:01:26.236108600, amount=10 (truncated)...]
2026-03-16 19:01:26 [main] DEBUG o.s.security.web.FilterChainProxy - Securing GET /api/transactions
2026-03-16 19:01:26 [main] DEBUG o.s.s.w.a.AnonymousAuthenticationFilter - Set SecurityContextHolder to anonymous SecurityContext
2026-03-16 19:01:26 [main] DEBUG o.s.s.w.a.Http403ForbiddenEntryPoint - Pre-authenticated entry point called. Rejecting access
2026-03-16 19:01:26 [main] DEBUG o.s.security.web.FilterChainProxy - Securing GET /api/transactions
2026-03-16 19:01:26 [main] DEBUG o.s.security.web.FilterChainProxy - Secured GET /api/transactions
2026-03-16 19:01:26 [main] DEBUG o.s.w.s.m.m.a.RequestMappingHandlerMapping - Mapped to com.example.bankcards.controller.TransactionController#getAllTransactions(int, int, LocalDateTime, LocalDateTime)
2026-03-16 19:01:26 [main] DEBUG o.s.web.method.HandlerMethod - Could not resolve parameter [2] in public org.springframework.http.ResponseEntity<com.example.bankcards.dto.PagedResponse<com.example.bankcards.dto.TransactionDto>> com.example.bankcards.controller.TransactionController.getAllTransactions(int,int,java.time.LocalDateTime,java.time.LocalDateTime): Required request parameter 'start' for method parameter type LocalDateTime is not present
2026-03-16 19:01:26 [main] DEBUG o.s.w.s.m.m.a.ExceptionHandlerExceptionResolver - Using @ExceptionHandler com.example.bankcards.exception.GlobalExceptionHandler#handleMissingServletRequestParameter(MissingServletRequestParameterException, HttpServletRequest)
2026-03-16 19:01:26 [main] DEBUG o.s.w.s.m.m.a.RequestResponseBodyMethodProcessor - Using 'application/json', given [*/*] and supported [application/json, application/*+json, application/yaml]
2026-03-16 19:01:26 [main] DEBUG o.s.w.s.m.m.a.RequestResponseBodyMethodProcessor - Writing [ErrorResponseDTO(timestamp=2026-03-16T19:01:26.419109, path=/api/transactions, status=400, error=Bad (truncated)...]
2026-03-16 19:01:26 [main] DEBUG o.s.w.s.m.m.a.ExceptionHandlerExceptionResolver - Resolved [org.springframework.web.bind.MissingServletRequestParameterException: Required request parameter 'start' for method parameter type LocalDateTime is not present]
2026-03-16 19:01:26 [main] DEBUG o.s.security.web.FilterChainProxy - Securing POST /api/transactions/transfer
2026-03-16 19:01:26 [main] DEBUG o.s.security.web.FilterChainProxy - Secured POST /api/transactions/transfer
2026-03-16 19:01:26 [main] DEBUG o.s.w.s.m.m.a.RequestMappingHandlerMapping - Mapped to com.example.bankcards.controller.TransactionController#transferBetweenCards(TransferDto)
2026-03-16 19:01:26 [main] DEBUG o.s.w.s.m.m.a.RequestResponseBodyMethodProcessor - Read "application/json;charset=UTF-8" to [TransferDto(amount=100.0, senderCardId=1, receiverCardId=2, status=null, description=Перевод между к (truncated)...]
2026-03-16 19:01:26 [main] DEBUG o.s.w.s.m.m.a.HttpEntityMethodProcessor - Using 'application/json', given [*/*] and supported [application/json, application/*+json, application/yaml]
2026-03-16 19:01:26 [main] DEBUG o.s.w.s.m.m.a.HttpEntityMethodProcessor - Writing [TransactionDto(id=1, transactionDate=2026-03-16T19:01:26.430109800, amount=100, status=SUCCESSFUL, s (truncated)...]
2026-03-16 19:01:26 [main] DEBUG o.s.security.web.FilterChainProxy - Securing POST /api/transactions/transfer
2026-03-16 19:01:26 [main] DEBUG o.s.security.web.FilterChainProxy - Secured POST /api/transactions/transfer
2026-03-16 19:01:26 [main] DEBUG o.s.w.s.m.m.a.RequestMappingHandlerMapping - Mapped to com.example.bankcards.controller.TransactionController#transferBetweenCards(TransferDto)
2026-03-16 19:01:26 [main] DEBUG o.s.w.s.m.m.a.RequestResponseBodyMethodProcessor - Read "application/json;charset=UTF-8" to [TransferDto(amount=100.0, senderCardId=null, receiverCardId=2, status=null, description=null)]
2026-03-16 19:01:26 [main] DEBUG o.s.w.s.m.m.a.ExceptionHandlerExceptionResolver - Using @ExceptionHandler com.example.bankcards.exception.GlobalExceptionHandler#handleMethodArgumentNotValidException(MethodArgumentNotValidException, HttpServletRequest)
2026-03-16 19:01:26 [main] DEBUG o.s.w.s.m.m.a.RequestResponseBodyMethodProcessor - Using 'application/json', given [*/*] and supported [application/json, application/*+json, application/yaml]
2026-03-16 19:01:26 [main] DEBUG o.s.w.s.m.m.a.RequestResponseBodyMethodProcessor - Writing [[ErrorResponseDTO(timestamp=2026-03-16T19:01:26.488109500, path=/api/transactions/transfer, status=4 (truncated)...]
2026-03-16 19:01:26 [main] DEBUG o.s.w.s.m.m.a.ExceptionHandlerExceptionResolver - Resolved [org.springframework.web.bind.MethodArgumentNotValidException: Validation failed for argument [0] in public org.springframework.http.ResponseEntity<com.example.bankcards.dto.TransactionDto> com.example.bankcards.controller.TransactionController.transferBetweenCards(com.example.bankcards.dto.TransferDto): [Field error in object 'transferDto' on field 'senderCardId': rejected value [null]; codes [NotNull.transferDto.senderCardId,NotNull.senderCardId,NotNull.java.lang.Long,NotNull]; arguments [org.springframework.context.support.DefaultMessageSourceResolvable: codes [transferDto.senderCardId,senderCardId]; arguments []; default message [senderCardId]]; default message [ID карты не может быть пустым]] ]
2026-03-16 19:01:26 [main] DEBUG o.s.security.web.FilterChainProxy - Securing POST /api/transactions/transfer
2026-03-16 19:01:26 [main] DEBUG o.s.security.web.FilterChainProxy - Secured POST /api/transactions/transfer
2026-03-16 19:01:26 [main] DEBUG o.s.w.s.m.m.a.RequestMappingHandlerMapping - Mapped to com.example.bankcards.controller.TransactionController#transferBetweenCards(TransferDto)
2026-03-16 19:01:26 [main] DEBUG o.s.w.s.m.m.a.RequestResponseBodyMethodProcessor - Read "application/json;charset=UTF-8" to [TransferDto(amount=100.0, senderCardId=null, receiverCardId=2, status=null, description=null)]
2026-03-16 19:01:26 [main] DEBUG o.s.w.s.m.m.a.ExceptionHandlerExceptionResolver - Using @ExceptionHandler com.example.bankcards.exception.GlobalExceptionHandler#handleMethodArgumentNotValidException(MethodArgumentNotValidException, HttpServletRequest)
2026-03-16 19:01:26 [main] DEBUG o.s.w.s.m.m.a.RequestResponseBodyMethodProcessor - Using 'application/json', given [*/*] and supported [application/json, application/*+json, application/yaml]
2026-03-16 19:01:26 [main] DEBUG o.s.w.s.m.m.a.RequestResponseBodyMethodProcessor - Writing [[ErrorResponseDTO(timestamp=2026-03-16T19:01:26.499112500, path=/api/transactions/transfer, status=4 (truncated)...]
2026-03-16 19:01:26 [main] DEBUG o.s.w.s.m.m.a.ExceptionHandlerExceptionResolver - Resolved [org.springframework.web.bind.MethodArgumentNotValidException: Validation failed for argument [0] in public org.springframework.http.ResponseEntity<com.example.bankcards.dto.TransactionDto> com.example.bankcards.controller.TransactionController.transferBetweenCards(com.example.bankcards.dto.TransferDto): [Field error in object 'transferDto' on field 'senderCardId': rejected value [null]; codes [NotNull.transferDto.senderCardId,NotNull.senderCardId,NotNull.java.lang.Long,NotNull]; arguments [org.springframework.context.support.DefaultMessageSourceResolvable: codes [transferDto.senderCardId,senderCardId]; arguments []; default message [senderCardId]]; default message [ID карты не может быть пустым]] ]
2026-03-16 19:01:26 [main] DEBUG o.s.security.web.FilterChainProxy - Securing POST /api/transactions/transfer
2026-03-16 19:01:26 [main] DEBUG o.s.s.w.a.AnonymousAuthenticationFilter - Set SecurityContextHolder to anonymous SecurityContext
2026-03-16 19:01:26 [main] DEBUG o.s.s.w.a.Http403ForbiddenEntryPoint - Pre-authenticated entry point called. Rejecting access
2026-03-16 19:01:26 [main] DEBUG o.s.security.web.FilterChainProxy - Securing POST /api/transactions/transfer
2026-03-16 19:01:26 [main] DEBUG o.s.security.web.FilterChainProxy - Secured POST /api/transactions/transfer
2026-03-16 19:01:26 [main] DEBUG o.s.w.s.m.m.a.RequestMappingHandlerMapping - Mapped to com.example.bankcards.controller.TransactionController#transferBetweenCards(TransferDto)
2026-03-16 19:01:26 [main] DEBUG o.s.w.s.m.m.a.RequestResponseBodyMethodProcessor - Read "application/json;charset=UTF-8" to [TransferDto(amount=100.0, senderCardId=1, receiverCardId=2, status=null, description=null)]
2026-03-16 19:01:26 [main] DEBUG o.s.w.s.m.m.a.HttpEntityMethodProcessor - Using 'application/json', given [*/*] and supported [application/json, application/*+json, application/yaml]
2026-03-16 19:01:26 [main] DEBUG o.s.w.s.m.m.a.HttpEntityMethodProcessor - Writing [TransactionDto(id=1, transactionDate=2026-03-16T19:01:26.514108500, amount=100, status=SUCCESSFUL, s (truncated)...]
2026-03-16 19:01:26 [SpringApplicationShutdownHook] DEBUG o.s.w.c.s.GenericWebApplicationContext - Closing org.springframework.web.context.support.GenericWebApplicationContext@18b8d173, started on Mon Mar 16 19:01:25 GMT+05:00 2026
2026-03-16 19:03:14 [main] INFO  c.e.b.controller.CardControllerTest - Starting CardControllerTest using Java 25.0.2 with PID 17068 (started by gorin47 in D:\Projects\Bank_REST\bank_rest)
2026-03-16 19:03:14 [main] DEBUG c.e.b.controller.CardControllerTest - Running with Spring Boot v4.0.2, Spring v7.0.3
2026-03-16 19:03:14 [main] INFO  c.e.b.controller.CardControllerTest - No active profile set, falling back to 1 default profile: "default"
2026-03-16 19:03:14 [main] DEBUG o.s.w.c.s.GenericWebApplicationContext - Refreshing org.springframework.web.context.support.GenericWebApplicationContext@1dc3502b
2026-03-16 19:03:15 [main] INFO  o.s.s.c.a.a.c.InitializeUserDetailsBeanManagerConfigurer$InitializeUserDetailsManagerConfigurer - Global AuthenticationManager configured with UserDetailsService bean with name userService
2026-03-16 19:03:15 [main] DEBUG o.s.s.web.DefaultSecurityFilterChain - Will secure any request with filters: DisableEncodeUrlFilter, WebAsyncManagerIntegrationFilter, SecurityContextHolderFilter, HeaderWriterFilter, CorsFilter, LogoutFilter, JwtAuthenticationFilter, RequestCacheAwareFilter, SecurityContextHolderAwareRequestFilter, AnonymousAuthenticationFilter, SessionManagementFilter, ExceptionTranslationFilter, AuthorizationFilter
2026-03-16 19:03:15 [main] DEBUG o.s.w.s.m.m.a.RequestMappingHandlerMapping - 14 mappings in 'requestMappingHandlerMapping'
2026-03-16 19:03:15 [main] DEBUG o.s.w.s.h.SimpleUrlHandlerMapping - Patterns [/webjars/**, /**] in 'resourceHandlerMapping'
2026-03-16 19:03:15 [main] DEBUG o.s.w.s.m.m.a.RequestMappingHandlerAdapter - ControllerAdvice beans: 0 @ModelAttribute, 0 @InitBinder, 2 RequestBodyAdvice, 1 ResponseBodyAdvice
2026-03-16 19:03:15 [main] DEBUG o.s.w.s.m.m.a.ExceptionHandlerExceptionResolver - ControllerAdvice beans: 1 @ExceptionHandler, 1 ResponseBodyAdvice
2026-03-16 19:03:15 [main] DEBUG c.e.b.s.JwtAuthenticationFilter - Filter 'jwtAuthenticationFilter' configured for use
2026-03-16 19:03:15 [main] INFO  o.s.b.t.m.w.SpringBootMockServletContext - Initializing Spring TestDispatcherServlet ''
2026-03-16 19:03:15 [main] INFO  o.s.t.w.s.TestDispatcherServlet - Initializing Servlet ''
2026-03-16 19:03:15 [main] INFO  o.s.t.w.s.TestDispatcherServlet - Completed initialization in 1 ms
2026-03-16 19:03:15 [main] INFO  c.e.b.controller.CardControllerTest - Started CardControllerTest in 1.448 seconds (process running for 2.061)
2026-03-16 19:03:15 [main] DEBUG o.s.security.web.FilterChainProxy - Securing POST /api/cards/block_request_admin
2026-03-16 19:03:15 [main] DEBUG o.s.security.web.FilterChainProxy - Secured POST /api/cards/block_request_admin
2026-03-16 19:03:15 [main] DEBUG o.s.w.s.m.m.a.RequestMappingHandlerMapping - Mapped to com.example.bankcards.controller.CardController#blockRequestAllCard()
2026-03-16 19:03:15 [main] DEBUG o.s.s.a.m.AuthorizationManagerBeforeMethodInterceptor - Authorizing method invocation ReflectiveMethodInvocation: public org.springframework.http.ResponseEntity com.example.bankcards.controller.CardController.blockRequestAllCard(); target is of class [com.example.bankcards.controller.CardController]
2026-03-16 19:03:15 [main] DEBUG o.s.s.a.m.AuthorizationManagerBeforeMethodInterceptor - Authorized method invocation ReflectiveMethodInvocation: public org.springframework.http.ResponseEntity com.example.bankcards.controller.CardController.blockRequestAllCard(); target is of class [com.example.bankcards.controller.CardController]
2026-03-16 19:03:15 [main] DEBUG o.s.w.s.m.m.a.HttpEntityMethodProcessor - Using 'application/json', given [*/*] and supported [application/json, application/*+json, application/yaml]
2026-03-16 19:03:15 [main] DEBUG o.s.w.s.m.m.a.HttpEntityMethodProcessor - Nothing to write: null body
2026-03-16 19:03:16 [main] DEBUG o.s.security.web.FilterChainProxy - Securing POST /api/cards/create_list
2026-03-16 19:03:16 [main] DEBUG o.s.security.web.FilterChainProxy - Secured POST /api/cards/create_list
2026-03-16 19:03:16 [main] DEBUG o.s.w.s.m.m.a.RequestMappingHandlerMapping - Mapped to com.example.bankcards.controller.CardController#createListCard(List)
2026-03-16 19:03:16 [main] DEBUG o.s.w.s.m.m.a.RequestResponseBodyMethodProcessor - Read "application/json;charset=UTF-8" to [[CardRegistrationDto(username=user1), CardRegistrationDto(username=user2)]]
2026-03-16 19:03:16 [main] DEBUG o.s.s.a.m.AuthorizationManagerBeforeMethodInterceptor - Authorizing method invocation ReflectiveMethodInvocation: public org.springframework.http.ResponseEntity com.example.bankcards.controller.CardController.createListCard(java.util.List); target is of class [com.example.bankcards.controller.CardController]
2026-03-16 19:03:16 [main] DEBUG o.s.s.a.m.AuthorizationManagerBeforeMethodInterceptor - Authorized method invocation ReflectiveMethodInvocation: public org.springframework.http.ResponseEntity com.example.bankcards.controller.CardController.createListCard(java.util.List); target is of class [com.example.bankcards.controller.CardController]
2026-03-16 19:03:16 [main] DEBUG o.s.w.s.m.m.a.HttpEntityMethodProcessor - Using 'application/json', given [*/*] and supported [application/json, application/*+json, application/yaml]
2026-03-16 19:03:16 [main] DEBUG o.s.w.s.m.m.a.HttpEntityMethodProcessor - Writing [[CardDto(id=1, number=**** **** **** 6439, expiryDate=2026-04-15, balance=0, status=NEW_CARD, user=u (truncated)...]
2026-03-16 19:03:16 [main] DEBUG o.s.security.web.FilterChainProxy - Securing POST /api/cards/activate_list
2026-03-16 19:03:16 [main] DEBUG o.s.security.web.FilterChainProxy - Secured POST /api/cards/activate_list
2026-03-16 19:03:16 [main] DEBUG o.s.w.s.m.m.a.RequestMappingHandlerMapping - Mapped to com.example.bankcards.controller.CardController#activateCards(List)
2026-03-16 19:03:16 [main] DEBUG o.s.w.s.m.m.a.RequestResponseBodyMethodProcessor - Read "application/json;charset=UTF-8" to [[1, 2]]
2026-03-16 19:03:16 [main] DEBUG o.s.s.a.m.AuthorizationManagerBeforeMethodInterceptor - Authorizing method invocation ReflectiveMethodInvocation: public org.springframework.http.ResponseEntity com.example.bankcards.controller.CardController.activateCards(java.util.List); target is of class [com.example.bankcards.controller.CardController]
2026-03-16 19:03:16 [main] DEBUG o.s.s.a.m.AuthorizationManagerBeforeMethodInterceptor - Authorized method invocation ReflectiveMethodInvocation: public org.springframework.http.ResponseEntity com.example.bankcards.controller.CardController.activateCards(java.util.List); target is of class [com.example.bankcards.controller.CardController]
2026-03-16 19:03:16 [main] DEBUG o.s.w.s.m.m.a.HttpEntityMethodProcessor - Using 'application/json', given [*/*] and supported [application/json, application/*+json, application/yaml]
2026-03-16 19:03:16 [main] DEBUG o.s.w.s.m.m.a.HttpEntityMethodProcessor - Writing [[CardDto(id=1, number=**** **** **** 4000, expiryDate=2026-05-31, balance=1000.0, status=NEW_CARD, u (truncated)...]
2026-03-16 19:03:16 [main] DEBUG o.s.security.web.FilterChainProxy - Securing DELETE /api/cards/delete/1
2026-03-16 19:03:16 [main] DEBUG o.s.security.web.FilterChainProxy - Secured DELETE /api/cards/delete/1
2026-03-16 19:03:16 [main] DEBUG o.s.w.s.m.m.a.RequestMappingHandlerMapping - Mapped to com.example.bankcards.controller.CardController#deleteCard(Long)
2026-03-16 19:03:16 [main] DEBUG o.s.s.a.m.AuthorizationManagerBeforeMethodInterceptor - Authorizing method invocation ReflectiveMethodInvocation: public org.springframework.http.ResponseEntity com.example.bankcards.controller.CardController.deleteCard(java.lang.Long); target is of class [com.example.bankcards.controller.CardController]
2026-03-16 19:03:16 [main] DEBUG o.s.s.a.m.AuthorizationManagerBeforeMethodInterceptor - Authorized method invocation ReflectiveMethodInvocation: public org.springframework.http.ResponseEntity com.example.bankcards.controller.CardController.deleteCard(java.lang.Long); target is of class [com.example.bankcards.controller.CardController]
2026-03-16 19:03:16 [main] DEBUG o.s.w.s.m.m.a.HttpEntityMethodProcessor - Using 'application/json', given [*/*] and supported [application/json, application/*+json, application/yaml]
2026-03-16 19:03:16 [main] DEBUG o.s.w.s.m.m.a.HttpEntityMethodProcessor - Nothing to write: null body
2026-03-16 19:03:16 [main] DEBUG o.s.security.web.FilterChainProxy - Securing POST /api/cards/block/1
2026-03-16 19:03:16 [main] DEBUG o.s.security.web.FilterChainProxy - Secured POST /api/cards/block/1
2026-03-16 19:03:16 [main] DEBUG o.s.w.s.m.m.a.RequestMappingHandlerMapping - Mapped to com.example.bankcards.controller.CardController#blockRequestCard(Long)
2026-03-16 19:03:16 [main] DEBUG o.s.w.s.m.m.a.HttpEntityMethodProcessor - Using 'application/json', given [*/*] and supported [application/json, application/*+json, application/yaml]
2026-03-16 19:03:16 [main] DEBUG o.s.w.s.m.m.a.HttpEntityMethodProcessor - Writing [CardDto(id=1, number=**** **** **** 4000, expiryDate=2026-05-31, balance=1000.0, status=BLOCK_REQUES (truncated)...]
2026-03-16 19:03:16 [main] DEBUG o.s.security.web.FilterChainProxy - Securing GET /api/cards/all
2026-03-16 19:03:16 [main] DEBUG o.s.security.web.FilterChainProxy - Secured GET /api/cards/all
2026-03-16 19:03:16 [main] DEBUG o.s.w.s.m.m.a.RequestMappingHandlerMapping - Mapped to com.example.bankcards.controller.CardController#getAllCards(int, int)
2026-03-16 19:03:16 [main] DEBUG o.s.s.a.m.AuthorizationManagerBeforeMethodInterceptor - Authorizing method invocation ReflectiveMethodInvocation: public org.springframework.http.ResponseEntity com.example.bankcards.controller.CardController.getAllCards(int,int); target is of class [com.example.bankcards.controller.CardController]
2026-03-16 19:03:16 [main] DEBUG o.s.s.a.m.AuthorizationManagerBeforeMethodInterceptor - Authorized method invocation ReflectiveMethodInvocation: public org.springframework.http.ResponseEntity com.example.bankcards.controller.CardController.getAllCards(int,int); target is of class [com.example.bankcards.controller.CardController]
2026-03-16 19:03:16 [main] DEBUG o.s.w.s.m.m.a.HttpEntityMethodProcessor - Using 'application/json', given [*/*] and supported [application/json, application/*+json, application/yaml]
2026-03-16 19:03:16 [main] DEBUG o.s.w.s.m.m.a.HttpEntityMethodProcessor - Writing [PagedResponse(content=[CardDto(id=1, number=**** **** **** 4000, expiryDate=2026-05-31, balance=1000 (truncated)...]
2026-03-16 19:03:16 [main] DEBUG o.s.security.web.FilterChainProxy - Securing POST /api/cards/create_list
2026-03-16 19:03:16 [main] DEBUG o.s.security.web.FilterChainProxy - Secured POST /api/cards/create_list
2026-03-16 19:03:16 [main] DEBUG o.s.w.s.m.m.a.RequestMappingHandlerMapping - Mapped to com.example.bankcards.controller.CardController#createListCard(List)
2026-03-16 19:03:16 [main] DEBUG o.s.w.s.m.m.a.RequestResponseBodyMethodProcessor - Read "application/json;charset=UTF-8" to [[CardRegistrationDto(username=unknown), CardRegistrationDto(username=user1)]]
2026-03-16 19:03:16 [main] DEBUG o.s.s.a.m.AuthorizationManagerBeforeMethodInterceptor - Authorizing method invocation ReflectiveMethodInvocation: public org.springframework.http.ResponseEntity com.example.bankcards.controller.CardController.createListCard(java.util.List); target is of class [com.example.bankcards.controller.CardController]
2026-03-16 19:03:16 [main] DEBUG o.s.s.a.m.AuthorizationManagerBeforeMethodInterceptor - Authorized method invocation ReflectiveMethodInvocation: public org.springframework.http.ResponseEntity com.example.bankcards.controller.CardController.createListCard(java.util.List); target is of class [com.example.bankcards.controller.CardController]
2026-03-16 19:03:16 [main] DEBUG o.s.w.s.m.m.a.ExceptionHandlerExceptionResolver - Using @ExceptionHandler com.example.bankcards.exception.GlobalExceptionHandler#handleResourceNotFound(ResourceNotFoundException, HttpServletRequest)
2026-03-16 19:03:16 [main] DEBUG o.s.w.s.m.m.a.RequestResponseBodyMethodProcessor - Using 'application/json', given [*/*] and supported [application/json, application/*+json, application/yaml]
2026-03-16 19:03:16 [main] DEBUG o.s.w.s.m.m.a.RequestResponseBodyMethodProcessor - Writing [ErrorResponseDTO(timestamp=2026-03-16T19:03:16.188764600, path=/api/cards/create_list, status=404, e (truncated)...]
2026-03-16 19:03:16 [main] DEBUG o.s.w.s.m.m.a.ExceptionHandlerExceptionResolver - Resolved [com.example.bankcards.exception.ResourceNotFoundException: Пользователь с именем 'unknown' не существует]
2026-03-16 19:03:16 [main] DEBUG o.s.security.web.FilterChainProxy - Securing GET /api/cards/my
2026-03-16 19:03:16 [main] DEBUG o.s.s.w.a.AnonymousAuthenticationFilter - Set SecurityContextHolder to anonymous SecurityContext
2026-03-16 19:03:16 [main] DEBUG o.s.s.w.a.Http403ForbiddenEntryPoint - Pre-authenticated entry point called. Rejecting access
2026-03-16 19:03:16 [main] DEBUG o.s.security.web.FilterChainProxy - Securing GET /api/cards/balance/1
2026-03-16 19:03:16 [main] DEBUG o.s.security.web.FilterChainProxy - Secured GET /api/cards/balance/1
2026-03-16 19:03:16 [main] DEBUG o.s.w.s.m.m.a.RequestMappingHandlerMapping - Mapped to com.example.bankcards.controller.CardController#balanceCard(Long)
2026-03-16 19:03:16 [main] DEBUG o.s.w.s.m.m.a.HttpEntityMethodProcessor - Using 'application/json', given [*/*] and supported [application/json, application/*+json, application/yaml]
2026-03-16 19:03:16 [main] DEBUG o.s.w.s.m.m.a.HttpEntityMethodProcessor - Writing [CardBalansDto(id=1, number=**** **** **** 4000, expiryDate=2026-05-31, balance=1000.0)]
2026-03-16 19:03:16 [main] DEBUG o.s.security.web.FilterChainProxy - Securing POST /api/cards/activate/1
2026-03-16 19:03:16 [main] DEBUG o.s.security.web.FilterChainProxy - Secured POST /api/cards/activate/1
2026-03-16 19:03:16 [main] DEBUG o.s.w.s.m.m.a.RequestMappingHandlerMapping - Mapped to com.example.bankcards.controller.CardController#activateCard(Long)
2026-03-16 19:03:16 [main] DEBUG o.s.s.a.m.AuthorizationManagerBeforeMethodInterceptor - Authorizing method invocation ReflectiveMethodInvocation: public org.springframework.http.ResponseEntity com.example.bankcards.controller.CardController.activateCard(java.lang.Long); target is of class [com.example.bankcards.controller.CardController]
2026-03-16 19:03:16 [main] DEBUG o.s.s.a.m.AuthorizationManagerBeforeMethodInterceptor - Authorized method invocation ReflectiveMethodInvocation: public org.springframework.http.ResponseEntity com.example.bankcards.controller.CardController.activateCard(java.lang.Long); target is of class [com.example.bankcards.controller.CardController]
2026-03-16 19:03:16 [main] DEBUG o.s.w.s.m.m.a.HttpEntityMethodProcessor - Using 'application/json', given [*/*] and supported [application/json, application/*+json, application/yaml]
2026-03-16 19:03:16 [main] DEBUG o.s.w.s.m.m.a.HttpEntityMethodProcessor - Writing [CardDto(id=1, number=**** **** **** 4000, expiryDate=2026-05-31, balance=1000.0, status=ACTIVE, user (truncated)...]
2026-03-16 19:03:16 [main] DEBUG o.s.security.web.FilterChainProxy - Securing GET /api/cards/all_block_request
2026-03-16 19:03:16 [main] DEBUG o.s.security.web.FilterChainProxy - Secured GET /api/cards/all_block_request
2026-03-16 19:03:16 [main] DEBUG o.s.w.s.m.m.a.RequestMappingHandlerMapping - Mapped to com.example.bankcards.controller.CardController#getAllBlockRequestCards(int, int)
2026-03-16 19:03:16 [main] DEBUG o.s.s.a.m.AuthorizationManagerBeforeMethodInterceptor - Authorizing method invocation ReflectiveMethodInvocation: public org.springframework.http.ResponseEntity com.example.bankcards.controller.CardController.getAllBlockRequestCards(int,int); target is of class [com.example.bankcards.controller.CardController]
2026-03-16 19:03:16 [main] DEBUG o.s.s.a.m.AuthorizationManagerBeforeMethodInterceptor - Authorized method invocation ReflectiveMethodInvocation: public org.springframework.http.ResponseEntity com.example.bankcards.controller.CardController.getAllBlockRequestCards(int,int); target is of class [com.example.bankcards.controller.CardController]
2026-03-16 19:03:16 [main] DEBUG o.s.w.s.m.m.a.HttpEntityMethodProcessor - Using 'application/json', given [*/*] and supported [application/json, application/*+json, application/yaml]
2026-03-16 19:03:16 [main] DEBUG o.s.w.s.m.m.a.HttpEntityMethodProcessor - Writing [PagedResponse(content=[CardDto(id=1, number=**** **** **** 4000, expiryDate=2026-05-31, balance=1000 (truncated)...]
2026-03-16 19:03:16 [main] DEBUG o.s.security.web.FilterChainProxy - Securing GET /api/cards/my
2026-03-16 19:03:16 [main] DEBUG o.s.security.web.FilterChainProxy - Secured GET /api/cards/my
2026-03-16 19:03:16 [main] DEBUG o.s.w.s.m.m.a.RequestMappingHandlerMapping - Mapped to com.example.bankcards.controller.CardController#getMyCards(int, int, String)
2026-03-16 19:03:16 [main] DEBUG o.s.w.s.m.m.a.HttpEntityMethodProcessor - Using 'application/json', given [*/*] and supported [application/json, application/*+json, application/yaml]
2026-03-16 19:03:16 [main] DEBUG o.s.w.s.m.m.a.HttpEntityMethodProcessor - Writing [PagedResponse(content=[CardDto(id=1, number=**** **** **** 4000, expiryDate=2026-05-31, balance=1000 (truncated)...]
2026-03-16 19:03:16 [main] DEBUG o.s.security.web.FilterChainProxy - Securing POST /api/cards/block_admin/1
2026-03-16 19:03:16 [main] DEBUG o.s.security.web.FilterChainProxy - Secured POST /api/cards/block_admin/1
2026-03-16 19:03:16 [main] DEBUG o.s.w.s.m.m.a.RequestMappingHandlerMapping - Mapped to com.example.bankcards.controller.CardController#blockCard(Long)
2026-03-16 19:03:16 [main] DEBUG o.s.s.a.m.AuthorizationManagerBeforeMethodInterceptor - Authorizing method invocation ReflectiveMethodInvocation: public org.springframework.http.ResponseEntity com.example.bankcards.controller.CardController.blockCard(java.lang.Long); target is of class [com.example.bankcards.controller.CardController]
2026-03-16 19:03:16 [main] DEBUG o.s.s.a.m.AuthorizationManagerBeforeMethodInterceptor - Authorized method invocation ReflectiveMethodInvocation: public org.springframework.http.ResponseEntity com.example.bankcards.controller.CardController.blockCard(java.lang.Long); target is of class [com.example.bankcards.controller.CardController]
2026-03-16 19:03:16 [main] DEBUG o.s.w.s.m.m.a.HttpEntityMethodProcessor - Using 'application/json', given [*/*] and supported [application/json, application/*+json, application/yaml]
2026-03-16 19:03:16 [main] DEBUG o.s.w.s.m.m.a.HttpEntityMethodProcessor - Writing [CardDto(id=1, number=**** **** **** 4000, expiryDate=2026-05-31, balance=1000.0, status=NEW_CARD, us (truncated)...]
2026-03-16 19:03:16 [main] DEBUG o.s.security.web.FilterChainProxy - Securing GET /api/cards/all
2026-03-16 19:03:16 [main] DEBUG o.s.s.w.a.AnonymousAuthenticationFilter - Set SecurityContextHolder to anonymous SecurityContext
2026-03-16 19:03:16 [main] DEBUG o.s.s.w.a.Http403ForbiddenEntryPoint - Pre-authenticated entry point called. Rejecting access
2026-03-16 19:03:16 [main] DEBUG o.s.security.web.FilterChainProxy - Securing GET /api/cards/balance/1
2026-03-16 19:03:16 [main] DEBUG o.s.s.w.a.AnonymousAuthenticationFilter - Set SecurityContextHolder to anonymous SecurityContext
2026-03-16 19:03:16 [main] DEBUG o.s.s.w.a.Http403ForbiddenEntryPoint - Pre-authenticated entry point called. Rejecting access
2026-03-16 19:03:16 [main] DEBUG o.s.security.web.FilterChainProxy - Securing POST /api/cards/block/1
2026-03-16 19:03:16 [main] DEBUG o.s.s.w.a.AnonymousAuthenticationFilter - Set SecurityContextHolder to anonymous SecurityContext
2026-03-16 19:03:16 [main] DEBUG o.s.s.w.a.Http403ForbiddenEntryPoint - Pre-authenticated entry point called. Rejecting access
2026-03-16 19:03:16 [main] DEBUG o.s.security.web.FilterChainProxy - Securing POST /api/cards/create
2026-03-16 19:03:16 [main] DEBUG o.s.security.web.FilterChainProxy - Secured POST /api/cards/create
2026-03-16 19:03:16 [main] DEBUG o.s.w.s.m.m.a.RequestMappingHandlerMapping - Mapped to com.example.bankcards.controller.CardController#createCard(CardRegistrationDto)
2026-03-16 19:03:16 [main] DEBUG o.s.w.s.m.m.a.RequestResponseBodyMethodProcessor - Read "application/json;charset=UTF-8" to [CardRegistrationDto(username=unknown)]
2026-03-16 19:03:16 [main] DEBUG o.s.s.a.m.AuthorizationManagerBeforeMethodInterceptor - Authorizing method invocation ReflectiveMethodInvocation: public org.springframework.http.ResponseEntity com.example.bankcards.controller.CardController.createCard(com.example.bankcards.dto.CardRegistrationDto); target is of class [com.example.bankcards.controller.CardController]
2026-03-16 19:03:16 [main] DEBUG o.s.s.a.m.AuthorizationManagerBeforeMethodInterceptor - Authorized method invocation ReflectiveMethodInvocation: public org.springframework.http.ResponseEntity com.example.bankcards.controller.CardController.createCard(com.example.bankcards.dto.CardRegistrationDto); target is of class [com.example.bankcards.controller.CardController]
2026-03-16 19:03:16 [main] DEBUG o.s.w.s.m.m.a.ExceptionHandlerExceptionResolver - Using @ExceptionHandler com.example.bankcards.exception.GlobalExceptionHandler#handleResourceNotFound(ResourceNotFoundException, HttpServletRequest)
2026-03-16 19:03:16 [main] DEBUG o.s.w.s.m.m.a.RequestResponseBodyMethodProcessor - Using 'application/json', given [*/*] and supported [application/json, application/*+json, application/yaml]
2026-03-16 19:03:16 [main] DEBUG o.s.w.s.m.m.a.RequestResponseBodyMethodProcessor - Writing [ErrorResponseDTO(timestamp=2026-03-16T19:03:16.271174500, path=/api/cards/create, status=404, error= (truncated)...]
2026-03-16 19:03:16 [main] DEBUG o.s.w.s.m.m.a.ExceptionHandlerExceptionResolver - Resolved [com.example.bankcards.exception.ResourceNotFoundException: Пользователь с именем 'unknown' не существует]
2026-03-16 19:03:16 [main] DEBUG o.s.security.web.FilterChainProxy - Securing GET /api/cards/my
2026-03-16 19:03:16 [main] DEBUG o.s.security.web.FilterChainProxy - Secured GET /api/cards/my
2026-03-16 19:03:16 [main] DEBUG o.s.w.s.m.m.a.RequestMappingHandlerMapping - Mapped to com.example.bankcards.controller.CardController#getMyCards(int, int, String)
2026-03-16 19:03:16 [main] DEBUG o.s.w.s.m.m.a.HttpEntityMethodProcessor - Using 'application/json', given [*/*] and supported [application/json, application/*+json, application/yaml]
2026-03-16 19:03:16 [main] DEBUG o.s.w.s.m.m.a.HttpEntityMethodProcessor - Writing [PagedResponse(content=[CardDto(id=1, number=**** **** **** 4000, expiryDate=2026-05-31, balance=1000 (truncated)...]
2026-03-16 19:03:16 [main] DEBUG o.s.security.web.FilterChainProxy - Securing POST /api/cards/create
2026-03-16 19:03:16 [main] DEBUG o.s.security.web.FilterChainProxy - Secured POST /api/cards/create
2026-03-16 19:03:16 [main] DEBUG o.s.w.s.m.m.a.RequestMappingHandlerMapping - Mapped to com.example.bankcards.controller.CardController#createCard(CardRegistrationDto)
2026-03-16 19:03:16 [main] DEBUG o.s.w.s.m.m.a.RequestResponseBodyMethodProcessor - Read "application/json;charset=UTF-8" to [CardRegistrationDto(username=user)]
2026-03-16 19:03:16 [main] DEBUG o.s.s.a.m.AuthorizationManagerBeforeMethodInterceptor - Authorizing method invocation ReflectiveMethodInvocation: public org.springframework.http.ResponseEntity com.example.bankcards.controller.CardController.createCard(com.example.bankcards.dto.CardRegistrationDto); target is of class [com.example.bankcards.controller.CardController]
2026-03-16 19:03:16 [main] DEBUG o.s.s.a.m.AuthorizationManagerBeforeMethodInterceptor - Authorized method invocation ReflectiveMethodInvocation: public org.springframework.http.ResponseEntity com.example.bankcards.controller.CardController.createCard(com.example.bankcards.dto.CardRegistrationDto); target is of class [com.example.bankcards.controller.CardController]
2026-03-16 19:03:16 [main] DEBUG o.s.w.s.m.m.a.HttpEntityMethodProcessor - Using 'application/json', given [*/*] and supported [application/json, application/*+json, application/yaml]
2026-03-16 19:03:16 [main] DEBUG o.s.w.s.m.m.a.HttpEntityMethodProcessor - Writing [CardDto(id=1, number=**** **** **** 4000, expiryDate=2026-05-31, balance=1000.0, status=NEW_CARD, us (truncated)...]
2026-03-16 19:03:16 [SpringApplicationShutdownHook] DEBUG o.s.w.c.s.GenericWebApplicationContext - Closing org.springframework.web.context.support.GenericWebApplicationContext@1dc3502b, started on Mon Mar 16 19:03:14 GMT+05:00 2026
2026-03-16 19:06:30 [main] INFO  c.e.b.service.AuthServiceTest - Starting AuthServiceTest using Java 25.0.2 with PID 15248 (started by gorin47 in D:\Projects\Bank_REST\bank_rest)
2026-03-16 19:06:30 [main] DEBUG c.e.b.service.AuthServiceTest - Running with Spring Boot v4.0.2, Spring v7.0.3
2026-03-16 19:06:30 [main] INFO  c.e.b.service.AuthServiceTest - No active profile set, falling back to 1 default profile: "default"
2026-03-16 19:06:30 [main] DEBUG o.s.w.c.s.GenericWebApplicationContext - Refreshing org.springframework.web.context.support.GenericWebApplicationContext@3f702946
2026-03-16 19:06:31 [main] INFO  o.s.d.r.c.RepositoryConfigurationDelegate - Bootstrapping Spring Data JPA repositories in DEFAULT mode.
2026-03-16 19:06:31 [main] INFO  o.s.d.r.c.RepositoryConfigurationDelegate - Finished Spring Data repository scanning in 25 ms. Found 4 JPA repository interfaces.
2026-03-16 19:06:32 [main] INFO  com.zaxxer.hikari.HikariDataSource - HikariPool-1 - Starting...
2026-03-16 19:06:32 [main] INFO  com.zaxxer.hikari.pool.HikariPool - HikariPool-1 - Added connection org.postgresql.jdbc.PgConnection@17344d7
2026-03-16 19:06:32 [main] INFO  com.zaxxer.hikari.HikariDataSource - HikariPool-1 - Start completed.
2026-03-16 19:06:32 [main] INFO  liquibase.database - Set default schema name to public
2026-03-16 19:06:32 [main] INFO  liquibase.changelog - Reading from public.databasechangelog
2026-03-16 19:06:32 [main] INFO  liquibase.ui - Database is up to date, no changesets to execute
2026-03-16 19:06:32 [main] INFO  liquibase.changelog - Reading from public.databasechangelog
2026-03-16 19:06:32 [main] INFO  liquibase.util - UPDATE SUMMARY
2026-03-16 19:06:32 [main] INFO  liquibase.util - Run:                          0
2026-03-16 19:06:32 [main] INFO  liquibase.util - Previously run:               8
2026-03-16 19:06:32 [main] INFO  liquibase.util - Filtered out:                 0
2026-03-16 19:06:32 [main] INFO  liquibase.util - -------------------------------
2026-03-16 19:06:32 [main] INFO  liquibase.util - Total change sets:            8
2026-03-16 19:06:32 [main] INFO  liquibase.util - Update summary generated
2026-03-16 19:06:32 [main] INFO  liquibase.command - Command execution complete
2026-03-16 19:06:33 [main] INFO  org.hibernate.orm.jpa - HHH008540: Processing PersistenceUnitInfo [name: default]
2026-03-16 19:06:33 [main] INFO  org.hibernate.orm.core - HHH000001: Hibernate ORM core version 7.2.1.Final
2026-03-16 19:06:33 [main] INFO  o.s.o.j.p.SpringPersistenceUnitInfo - No LoadTimeWeaver setup: ignoring JPA class transformer
2026-03-16 19:06:33 [main] INFO  o.hibernate.orm.connections.pooling - HHH10001005: Database info:
	Database JDBC URL [jdbc:postgresql://localhost:5432/bankcards]
	Database driver: PostgreSQL JDBC Driver
	Database dialect: PostgreSQLDialect
	Database version: 18.1
	Default catalog/schema: bankcards/public
	Autocommit mode: undefined/unknown
	Isolation level: READ_COMMITTED [default READ_COMMITTED]
	JDBC fetch size: none
	Pool: DataSourceConnectionProvider
	Minimum pool size: undefined/unknown
	Maximum pool size: undefined/unknown
2026-03-16 19:06:34 [main] INFO  org.hibernate.orm.core - HHH000489: No JTA platform available (set 'hibernate.transaction.jta.platform' to enable JTA platform integration)
2026-03-16 19:06:34 [main] DEBUG org.hibernate.SQL - set client_min_messages = WARNING
2026-03-16 19:06:34 [main] DEBUG org.hibernate.SQL - alter table if exists cards drop constraint if exists FKcmanafgwbibfijy2o5isfk3d5
2026-03-16 19:06:34 [main] DEBUG org.hibernate.SQL - alter table if exists tokens drop constraint if exists FK2dylsfo39lgjyqml2tbe0b0ss
2026-03-16 19:06:34 [main] DEBUG org.hibernate.SQL - alter table if exists transactions drop constraint if exists FKt3ofdu7lbh0np62gy109ik7g2
2026-03-16 19:06:34 [main] DEBUG org.hibernate.SQL - alter table if exists transactions drop constraint if exists FK8tq75g5byjdora9epdeke53ny
2026-03-16 19:06:34 [main] DEBUG org.hibernate.SQL - drop table if exists cards cascade
2026-03-16 19:06:34 [main] DEBUG org.hibernate.SQL - drop table if exists roles_old cascade
2026-03-16 19:06:34 [main] DEBUG org.hibernate.SQL - drop table if exists tokens cascade
2026-03-16 19:06:34 [main] DEBUG org.hibernate.SQL - drop table if exists transactions cascade
2026-03-16 19:06:34 [main] DEBUG org.hibernate.SQL - drop table if exists users cascade
2026-03-16 19:06:34 [main] DEBUG org.hibernate.SQL - create table cards (balance numeric(10,2), expiry_date date not null, id bigint generated by default as identity, user_id bigint not null, number varchar(255) not null unique, status varchar(255) not null check ((status in ('NEW_CARD','ACTIVE','BLOCK_REQUEST','BLOCKED','EXPIRED'))), primary key (id))
2026-03-16 19:06:34 [main] DEBUG org.hibernate.SQL - create table roles_old (id bigint generated by default as identity, name varchar(255) not null unique, primary key (id))
2026-03-16 19:06:34 [main] DEBUG org.hibernate.SQL - create table tokens (is_logged_out boolean, id bigint generated by default as identity, user_id bigint, access_token varchar(255), refresh_token varchar(255), primary key (id))
2026-03-16 19:06:34 [main] DEBUG org.hibernate.SQL - create table transactions (amount numeric(10,2) not null, id bigint generated by default as identity, receiver_card_id bigint not null, sender_card_id bigint not null, transaction_date timestamp(6) not null, description varchar(255), status varchar(255) not null check ((status in ('SUCCESSFUL','CANCELED','WAITING','ERROR'))), primary key (id))
2026-03-16 19:06:34 [main] DEBUG org.hibernate.SQL - create table users (created timestamp(6), id bigint generated by default as identity, updated timestamp(6), email varchar(255) not null unique, first_name varchar(255), last_name varchar(255), password_hash varchar(255) not null, role varchar(255) not null check ((role in ('ADMIN','USER','GUEST'))), username varchar(255) not null unique, primary key (id))
2026-03-16 19:06:34 [main] DEBUG org.hibernate.SQL - alter table if exists cards add constraint FKcmanafgwbibfijy2o5isfk3d5 foreign key (user_id) references users
2026-03-16 19:06:34 [main] DEBUG org.hibernate.SQL - alter table if exists tokens add constraint FK2dylsfo39lgjyqml2tbe0b0ss foreign key (user_id) references users
2026-03-16 19:06:34 [main] DEBUG org.hibernate.SQL - alter table if exists transactions add constraint FKt3ofdu7lbh0np62gy109ik7g2 foreign key (receiver_card_id) references cards
2026-03-16 19:06:34 [main] DEBUG org.hibernate.SQL - alter table if exists transactions add constraint FK8tq75g5byjdora9epdeke53ny foreign key (sender_card_id) references cards
2026-03-16 19:06:34 [main] INFO  o.s.o.j.LocalContainerEntityManagerFactoryBean - Initialized JPA EntityManagerFactory for persistence unit 'default'
2026-03-16 19:06:34 [main] INFO  o.s.d.j.r.q.QueryEnhancerFactories - Hibernate is in classpath; If applicable, HQL parser will be used.
2026-03-16 19:06:35 [main] INFO  o.s.s.c.a.a.c.InitializeUserDetailsBeanManagerConfigurer$InitializeUserDetailsManagerConfigurer - Global AuthenticationManager configured with UserDetailsService bean with name userService
2026-03-16 19:06:35 [main] DEBUG o.s.s.web.DefaultSecurityFilterChain - Will secure any request with filters: DisableEncodeUrlFilter, WebAsyncManagerIntegrationFilter, SecurityContextHolderFilter, HeaderWriterFilter, CorsFilter, LogoutFilter, JwtAuthenticationFilter, RequestCacheAwareFilter, SecurityContextHolderAwareRequestFilter, AnonymousAuthenticationFilter, SessionManagementFilter, ExceptionTranslationFilter, AuthorizationFilter
2026-03-16 19:06:35 [main] DEBUG o.s.w.s.m.m.a.RequestMappingHandlerMapping - 28 mappings in 'requestMappingHandlerMapping'
2026-03-16 19:06:35 [main] DEBUG o.s.w.s.h.SimpleUrlHandlerMapping - Patterns [/webjars/**, /**, /swagger-ui/**, /swagger-ui/*swagger-initializer.js, /webjars/*swagger-ui/**, /webjars/*swagger-ui/*swagger-initializer.js, /webjars/*swagger-ui/5.31.0/*swagger-initializer.js] in 'resourceHandlerMapping'
2026-03-16 19:06:35 [main] DEBUG o.s.w.s.m.m.a.RequestMappingHandlerAdapter - ControllerAdvice beans: 0 @ModelAttribute, 0 @InitBinder, 2 RequestBodyAdvice, 1 ResponseBodyAdvice
2026-03-16 19:06:35 [main] DEBUG o.s.w.s.m.m.a.ExceptionHandlerExceptionResolver - ControllerAdvice beans: 2 @ExceptionHandler, 1 ResponseBodyAdvice
2026-03-16 19:06:35 [main] INFO  c.e.b.service.AuthServiceTest - Started AuthServiceTest in 4.675 seconds (process running for 5.275)
2026-03-16 19:06:35 [main] WARN  o.s.c.events.SpringDocAppInitializer - SpringDoc /v3/api-docs endpoint is enabled by default. To disable it in production, set the property 'springdoc.api-docs.enabled=false'
2026-03-16 19:06:35 [main] WARN  o.s.c.events.SpringDocAppInitializer - SpringDoc /swagger-ui.html endpoint is enabled by default. To disable it in production, set the property 'springdoc.swagger-ui.enabled=false'
2026-03-16 19:06:35 [SpringApplicationShutdownHook] DEBUG o.s.w.c.s.GenericWebApplicationContext - Closing org.springframework.web.context.support.GenericWebApplicationContext@3f702946, started on Mon Mar 16 19:06:30 GMT+05:00 2026
2026-03-16 19:06:35 [SpringApplicationShutdownHook] INFO  o.s.o.j.LocalContainerEntityManagerFactoryBean - Closing JPA EntityManagerFactory for persistence unit 'default'
2026-03-16 19:06:35 [SpringApplicationShutdownHook] INFO  com.zaxxer.hikari.HikariDataSource - HikariPool-1 - Shutdown initiated...
2026-03-16 19:06:35 [SpringApplicationShutdownHook] INFO  com.zaxxer.hikari.HikariDataSource - HikariPool-1 - Shutdown completed.
2026-03-16 19:25:32 [main] INFO  c.e.b.service.AuthServiceTest - Starting AuthServiceTest using Java 25.0.2 with PID 17124 (started by gorin47 in D:\Projects\Bank_REST\bank_rest)
2026-03-16 19:25:32 [main] DEBUG c.e.b.service.AuthServiceTest - Running with Spring Boot v4.0.2, Spring v7.0.3
2026-03-16 19:25:32 [main] INFO  c.e.b.service.AuthServiceTest - No active profile set, falling back to 1 default profile: "default"
2026-03-16 19:25:32 [main] DEBUG o.s.w.c.s.GenericWebApplicationContext - Refreshing org.springframework.web.context.support.GenericWebApplicationContext@6ec7bce0
2026-03-16 19:25:33 [main] INFO  o.s.d.r.c.RepositoryConfigurationDelegate - Bootstrapping Spring Data JPA repositories in DEFAULT mode.
2026-03-16 19:25:33 [main] INFO  o.s.d.r.c.RepositoryConfigurationDelegate - Finished Spring Data repository scanning in 24 ms. Found 4 JPA repository interfaces.
2026-03-16 19:25:34 [main] INFO  com.zaxxer.hikari.HikariDataSource - HikariPool-1 - Starting...
2026-03-16 19:25:34 [main] INFO  com.zaxxer.hikari.pool.HikariPool - HikariPool-1 - Added connection org.postgresql.jdbc.PgConnection@73b10975
2026-03-16 19:25:34 [main] INFO  com.zaxxer.hikari.HikariDataSource - HikariPool-1 - Start completed.
2026-03-16 19:25:34 [main] INFO  liquibase.database - Set default schema name to public
2026-03-16 19:25:34 [main] INFO  liquibase.changelog - Reading from public.databasechangelog
2026-03-16 19:25:34 [main] INFO  liquibase.ui - Database is up to date, no changesets to execute
2026-03-16 19:25:34 [main] INFO  liquibase.changelog - Reading from public.databasechangelog
2026-03-16 19:25:34 [main] INFO  liquibase.util - UPDATE SUMMARY
2026-03-16 19:25:34 [main] INFO  liquibase.util - Run:                          0
2026-03-16 19:25:34 [main] INFO  liquibase.util - Previously run:               8
2026-03-16 19:25:34 [main] INFO  liquibase.util - Filtered out:                 0
2026-03-16 19:25:34 [main] INFO  liquibase.util - -------------------------------
2026-03-16 19:25:34 [main] INFO  liquibase.util - Total change sets:            8
2026-03-16 19:25:34 [main] INFO  liquibase.util - Update summary generated
2026-03-16 19:25:34 [main] INFO  liquibase.command - Command execution complete
2026-03-16 19:25:35 [main] INFO  org.hibernate.orm.jpa - HHH008540: Processing PersistenceUnitInfo [name: default]
2026-03-16 19:25:35 [main] INFO  org.hibernate.orm.core - HHH000001: Hibernate ORM core version 7.2.1.Final
2026-03-16 19:25:35 [main] INFO  o.s.o.j.p.SpringPersistenceUnitInfo - No LoadTimeWeaver setup: ignoring JPA class transformer
2026-03-16 19:25:35 [main] INFO  o.hibernate.orm.connections.pooling - HHH10001005: Database info:
	Database JDBC URL [jdbc:postgresql://localhost:5432/bankcards]
	Database driver: PostgreSQL JDBC Driver
	Database dialect: PostgreSQLDialect
	Database version: 18.1
	Default catalog/schema: bankcards/public
	Autocommit mode: undefined/unknown
	Isolation level: READ_COMMITTED [default READ_COMMITTED]
	JDBC fetch size: none
	Pool: DataSourceConnectionProvider
	Minimum pool size: undefined/unknown
	Maximum pool size: undefined/unknown
2026-03-16 19:25:35 [main] INFO  org.hibernate.orm.core - HHH000489: No JTA platform available (set 'hibernate.transaction.jta.platform' to enable JTA platform integration)
2026-03-16 19:25:35 [main] DEBUG org.hibernate.SQL - set client_min_messages = WARNING
2026-03-16 19:25:35 [main] DEBUG org.hibernate.SQL - alter table if exists cards drop constraint if exists FKcmanafgwbibfijy2o5isfk3d5
2026-03-16 19:25:35 [main] DEBUG org.hibernate.SQL - alter table if exists tokens drop constraint if exists FK2dylsfo39lgjyqml2tbe0b0ss
2026-03-16 19:25:35 [main] DEBUG org.hibernate.SQL - alter table if exists transactions drop constraint if exists FKt3ofdu7lbh0np62gy109ik7g2
2026-03-16 19:25:35 [main] DEBUG org.hibernate.SQL - alter table if exists transactions drop constraint if exists FK8tq75g5byjdora9epdeke53ny
2026-03-16 19:25:35 [main] DEBUG org.hibernate.SQL - drop table if exists cards cascade
2026-03-16 19:25:35 [main] DEBUG org.hibernate.SQL - drop table if exists roles_old cascade
2026-03-16 19:25:35 [main] DEBUG org.hibernate.SQL - drop table if exists tokens cascade
2026-03-16 19:25:35 [main] DEBUG org.hibernate.SQL - drop table if exists transactions cascade
2026-03-16 19:25:35 [main] DEBUG org.hibernate.SQL - drop table if exists users cascade
2026-03-16 19:25:35 [main] DEBUG org.hibernate.SQL - create table cards (balance numeric(10,2), expiry_date date not null, id bigint generated by default as identity, user_id bigint not null, number varchar(255) not null unique, status varchar(255) not null check ((status in ('NEW_CARD','ACTIVE','BLOCK_REQUEST','BLOCKED','EXPIRED'))), primary key (id))
2026-03-16 19:25:35 [main] DEBUG org.hibernate.SQL - create table roles_old (id bigint generated by default as identity, name varchar(255) not null unique, primary key (id))
2026-03-16 19:25:35 [main] DEBUG org.hibernate.SQL - create table tokens (is_logged_out boolean, id bigint generated by default as identity, user_id bigint, access_token varchar(255), refresh_token varchar(255), primary key (id))
2026-03-16 19:25:35 [main] DEBUG org.hibernate.SQL - create table transactions (amount numeric(10,2) not null, id bigint generated by default as identity, receiver_card_id bigint not null, sender_card_id bigint not null, transaction_date timestamp(6) not null, description varchar(255), status varchar(255) not null check ((status in ('SUCCESSFUL','CANCELED','WAITING','ERROR'))), primary key (id))
2026-03-16 19:25:35 [main] DEBUG org.hibernate.SQL - create table users (created timestamp(6), id bigint generated by default as identity, updated timestamp(6), email varchar(255) not null unique, first_name varchar(255), last_name varchar(255), password_hash varchar(255) not null, role varchar(255) not null check ((role in ('ADMIN','USER','GUEST'))), username varchar(255) not null unique, primary key (id))
2026-03-16 19:25:35 [main] DEBUG org.hibernate.SQL - alter table if exists cards add constraint FKcmanafgwbibfijy2o5isfk3d5 foreign key (user_id) references users
2026-03-16 19:25:35 [main] DEBUG org.hibernate.SQL - alter table if exists tokens add constraint FK2dylsfo39lgjyqml2tbe0b0ss foreign key (user_id) references users
2026-03-16 19:25:35 [main] DEBUG org.hibernate.SQL - alter table if exists transactions add constraint FKt3ofdu7lbh0np62gy109ik7g2 foreign key (receiver_card_id) references cards
2026-03-16 19:25:35 [main] DEBUG org.hibernate.SQL - alter table if exists transactions add constraint FK8tq75g5byjdora9epdeke53ny foreign key (sender_card_id) references cards
2026-03-16 19:25:35 [main] INFO  o.s.o.j.LocalContainerEntityManagerFactoryBean - Initialized JPA EntityManagerFactory for persistence unit 'default'
2026-03-16 19:25:35 [main] INFO  o.s.d.j.r.q.QueryEnhancerFactories - Hibernate is in classpath; If applicable, HQL parser will be used.
2026-03-16 19:25:36 [main] INFO  o.s.s.c.a.a.c.InitializeUserDetailsBeanManagerConfigurer$InitializeUserDetailsManagerConfigurer - Global AuthenticationManager configured with UserDetailsService bean with name userService
2026-03-16 19:25:36 [main] DEBUG o.s.s.web.DefaultSecurityFilterChain - Will secure any request with filters: DisableEncodeUrlFilter, WebAsyncManagerIntegrationFilter, SecurityContextHolderFilter, HeaderWriterFilter, CorsFilter, LogoutFilter, JwtAuthenticationFilter, RequestCacheAwareFilter, SecurityContextHolderAwareRequestFilter, AnonymousAuthenticationFilter, SessionManagementFilter, ExceptionTranslationFilter, AuthorizationFilter
2026-03-16 19:25:36 [main] DEBUG o.s.w.s.m.m.a.RequestMappingHandlerMapping - 28 mappings in 'requestMappingHandlerMapping'
2026-03-16 19:25:36 [main] DEBUG o.s.w.s.h.SimpleUrlHandlerMapping - Patterns [/webjars/**, /**, /swagger-ui/**, /swagger-ui/*swagger-initializer.js, /webjars/*swagger-ui/**, /webjars/*swagger-ui/*swagger-initializer.js, /webjars/*swagger-ui/5.31.0/*swagger-initializer.js] in 'resourceHandlerMapping'
2026-03-16 19:25:36 [main] DEBUG o.s.w.s.m.m.a.RequestMappingHandlerAdapter - ControllerAdvice beans: 0 @ModelAttribute, 0 @InitBinder, 2 RequestBodyAdvice, 1 ResponseBodyAdvice
2026-03-16 19:25:36 [main] DEBUG o.s.w.s.m.m.a.ExceptionHandlerExceptionResolver - ControllerAdvice beans: 2 @ExceptionHandler, 1 ResponseBodyAdvice
2026-03-16 19:25:36 [main] INFO  c.e.b.service.AuthServiceTest - Started AuthServiceTest in 3.928 seconds (process running for 4.54)
2026-03-16 19:25:36 [main] WARN  o.s.c.events.SpringDocAppInitializer - SpringDoc /v3/api-docs endpoint is enabled by default. To disable it in production, set the property 'springdoc.api-docs.enabled=false'
2026-03-16 19:25:36 [main] WARN  o.s.c.events.SpringDocAppInitializer - SpringDoc /swagger-ui.html endpoint is enabled by default. To disable it in production, set the property 'springdoc.swagger-ui.enabled=false'
2026-03-16 19:25:36 [main] DEBUG org.hibernate.SQL - insert into users (created,email,first_name,last_name,password_hash,role,updated,username) values (?,?,?,?,?,?,?,?)
2026-03-16 19:25:36 [main] WARN  org.hibernate.orm.jdbc.error - HHH000247: ErrorCode: 0, SQLState: 23502
2026-03-16 19:25:36 [main] WARN  org.hibernate.orm.jdbc.error - ERROR: null value in column "password_hash" of relation "users" violates not-null constraint
  Подробности: Failing row contains (2026-03-16 19:25:36.751318, 1, 2026-03-16 19:25:36.751318, ivanpetrov@example.com, Иван, Петров, null, USER, Admin).
2026-03-16 19:25:36 [main] DEBUG org.hibernate.SQL - insert into users (created,email,first_name,last_name,password_hash,role,updated,username) values (?,?,?,?,?,?,?,?)
2026-03-16 19:25:36 [main] WARN  org.hibernate.orm.jdbc.error - HHH000247: ErrorCode: 0, SQLState: 23502
2026-03-16 19:25:36 [main] WARN  org.hibernate.orm.jdbc.error - ERROR: null value in column "password_hash" of relation "users" violates not-null constraint
  Подробности: Failing row contains (2026-03-16 19:25:36.782366, 2, 2026-03-16 19:25:36.782366, ivanpetrov@example.com, Иван, Петров, null, USER, Admin).
2026-03-16 19:25:36 [main] DEBUG org.hibernate.SQL - insert into users (created,email,first_name,last_name,password_hash,role,updated,username) values (?,?,?,?,?,?,?,?)
2026-03-16 19:25:36 [main] WARN  org.hibernate.orm.jdbc.error - HHH000247: ErrorCode: 0, SQLState: 23502
2026-03-16 19:25:36 [main] WARN  org.hibernate.orm.jdbc.error - ERROR: null value in column "password_hash" of relation "users" violates not-null constraint
  Подробности: Failing row contains (2026-03-16 19:25:36.792366, 3, 2026-03-16 19:25:36.792366, ivanpetrov@example.com, Иван, Петров, null, USER, Admin).
2026-03-16 19:25:36 [SpringApplicationShutdownHook] DEBUG o.s.w.c.s.GenericWebApplicationContext - Closing org.springframework.web.context.support.GenericWebApplicationContext@6ec7bce0, started on Mon Mar 16 19:25:32 GMT+05:00 2026
2026-03-16 19:25:36 [SpringApplicationShutdownHook] INFO  o.s.o.j.LocalContainerEntityManagerFactoryBean - Closing JPA EntityManagerFactory for persistence unit 'default'
2026-03-16 19:25:36 [SpringApplicationShutdownHook] INFO  com.zaxxer.hikari.HikariDataSource - HikariPool-1 - Shutdown initiated...
2026-03-16 19:25:36 [SpringApplicationShutdownHook] INFO  com.zaxxer.hikari.HikariDataSource - HikariPool-1 - Shutdown completed.
2026-03-16 19:26:48 [main] INFO  c.e.b.service.AuthServiceTest - Starting AuthServiceTest using Java 25.0.2 with PID 12956 (started by gorin47 in D:\Projects\Bank_REST\bank_rest)
2026-03-16 19:26:48 [main] DEBUG c.e.b.service.AuthServiceTest - Running with Spring Boot v4.0.2, Spring v7.0.3
2026-03-16 19:26:48 [main] INFO  c.e.b.service.AuthServiceTest - No active profile set, falling back to 1 default profile: "default"
2026-03-16 19:26:48 [main] DEBUG o.s.w.c.s.GenericWebApplicationContext - Refreshing org.springframework.web.context.support.GenericWebApplicationContext@6ec7bce0
2026-03-16 19:26:48 [main] INFO  o.s.d.r.c.RepositoryConfigurationDelegate - Bootstrapping Spring Data JPA repositories in DEFAULT mode.
2026-03-16 19:26:48 [main] INFO  o.s.d.r.c.RepositoryConfigurationDelegate - Finished Spring Data repository scanning in 26 ms. Found 4 JPA repository interfaces.
2026-03-16 19:26:49 [main] INFO  com.zaxxer.hikari.HikariDataSource - HikariPool-1 - Starting...
2026-03-16 19:26:49 [main] INFO  com.zaxxer.hikari.pool.HikariPool - HikariPool-1 - Added connection org.postgresql.jdbc.PgConnection@73b10975
2026-03-16 19:26:49 [main] INFO  com.zaxxer.hikari.HikariDataSource - HikariPool-1 - Start completed.
2026-03-16 19:26:49 [main] INFO  liquibase.database - Set default schema name to public
2026-03-16 19:26:49 [main] INFO  liquibase.changelog - Reading from public.databasechangelog
2026-03-16 19:26:49 [main] INFO  liquibase.ui - Database is up to date, no changesets to execute
2026-03-16 19:26:49 [main] INFO  liquibase.changelog - Reading from public.databasechangelog
2026-03-16 19:26:49 [main] INFO  liquibase.util - UPDATE SUMMARY
2026-03-16 19:26:49 [main] INFO  liquibase.util - Run:                          0
2026-03-16 19:26:49 [main] INFO  liquibase.util - Previously run:               8
2026-03-16 19:26:49 [main] INFO  liquibase.util - Filtered out:                 0
2026-03-16 19:26:49 [main] INFO  liquibase.util - -------------------------------
2026-03-16 19:26:49 [main] INFO  liquibase.util - Total change sets:            8
2026-03-16 19:26:49 [main] INFO  liquibase.util - Update summary generated
2026-03-16 19:26:49 [main] INFO  liquibase.command - Command execution complete
2026-03-16 19:26:50 [main] INFO  org.hibernate.orm.jpa - HHH008540: Processing PersistenceUnitInfo [name: default]
2026-03-16 19:26:50 [main] INFO  org.hibernate.orm.core - HHH000001: Hibernate ORM core version 7.2.1.Final
2026-03-16 19:26:50 [main] INFO  o.s.o.j.p.SpringPersistenceUnitInfo - No LoadTimeWeaver setup: ignoring JPA class transformer
2026-03-16 19:26:50 [main] INFO  o.hibernate.orm.connections.pooling - HHH10001005: Database info:
	Database JDBC URL [jdbc:postgresql://localhost:5432/bankcards]
	Database driver: PostgreSQL JDBC Driver
	Database dialect: PostgreSQLDialect
	Database version: 18.1
	Default catalog/schema: bankcards/public
	Autocommit mode: undefined/unknown
	Isolation level: READ_COMMITTED [default READ_COMMITTED]
	JDBC fetch size: none
	Pool: DataSourceConnectionProvider
	Minimum pool size: undefined/unknown
	Maximum pool size: undefined/unknown
2026-03-16 19:26:51 [main] INFO  org.hibernate.orm.core - HHH000489: No JTA platform available (set 'hibernate.transaction.jta.platform' to enable JTA platform integration)
2026-03-16 19:26:51 [main] DEBUG org.hibernate.SQL - set client_min_messages = WARNING
2026-03-16 19:26:51 [main] DEBUG org.hibernate.SQL - alter table if exists cards drop constraint if exists FKcmanafgwbibfijy2o5isfk3d5
2026-03-16 19:26:51 [main] DEBUG org.hibernate.SQL - alter table if exists tokens drop constraint if exists FK2dylsfo39lgjyqml2tbe0b0ss
2026-03-16 19:26:51 [main] DEBUG org.hibernate.SQL - alter table if exists transactions drop constraint if exists FKt3ofdu7lbh0np62gy109ik7g2
2026-03-16 19:26:51 [main] DEBUG org.hibernate.SQL - alter table if exists transactions drop constraint if exists FK8tq75g5byjdora9epdeke53ny
2026-03-16 19:26:51 [main] DEBUG org.hibernate.SQL - drop table if exists cards cascade
2026-03-16 19:26:51 [main] DEBUG org.hibernate.SQL - drop table if exists roles_old cascade
2026-03-16 19:26:51 [main] DEBUG org.hibernate.SQL - drop table if exists tokens cascade
2026-03-16 19:26:51 [main] DEBUG org.hibernate.SQL - drop table if exists transactions cascade
2026-03-16 19:26:51 [main] DEBUG org.hibernate.SQL - drop table if exists users cascade
2026-03-16 19:26:51 [main] DEBUG org.hibernate.SQL - create table cards (balance numeric(10,2), expiry_date date not null, id bigint generated by default as identity, user_id bigint not null, number varchar(255) not null unique, status varchar(255) not null check ((status in ('NEW_CARD','ACTIVE','BLOCK_REQUEST','BLOCKED','EXPIRED'))), primary key (id))
2026-03-16 19:26:51 [main] DEBUG org.hibernate.SQL - create table roles_old (id bigint generated by default as identity, name varchar(255) not null unique, primary key (id))
2026-03-16 19:26:51 [main] DEBUG org.hibernate.SQL - create table tokens (is_logged_out boolean, id bigint generated by default as identity, user_id bigint, access_token varchar(255), refresh_token varchar(255), primary key (id))
2026-03-16 19:26:51 [main] DEBUG org.hibernate.SQL - create table transactions (amount numeric(10,2) not null, id bigint generated by default as identity, receiver_card_id bigint not null, sender_card_id bigint not null, transaction_date timestamp(6) not null, description varchar(255), status varchar(255) not null check ((status in ('SUCCESSFUL','CANCELED','WAITING','ERROR'))), primary key (id))
2026-03-16 19:26:51 [main] DEBUG org.hibernate.SQL - create table users (created timestamp(6), id bigint generated by default as identity, updated timestamp(6), email varchar(255) not null unique, first_name varchar(255), last_name varchar(255), password_hash varchar(255) not null, role varchar(255) not null check ((role in ('ADMIN','USER','GUEST'))), username varchar(255) not null unique, primary key (id))
2026-03-16 19:26:51 [main] DEBUG org.hibernate.SQL - alter table if exists cards add constraint FKcmanafgwbibfijy2o5isfk3d5 foreign key (user_id) references users
2026-03-16 19:26:51 [main] DEBUG org.hibernate.SQL - alter table if exists tokens add constraint FK2dylsfo39lgjyqml2tbe0b0ss foreign key (user_id) references users
2026-03-16 19:26:51 [main] DEBUG org.hibernate.SQL - alter table if exists transactions add constraint FKt3ofdu7lbh0np62gy109ik7g2 foreign key (receiver_card_id) references cards
2026-03-16 19:26:51 [main] DEBUG org.hibernate.SQL - alter table if exists transactions add constraint FK8tq75g5byjdora9epdeke53ny foreign key (sender_card_id) references cards
2026-03-16 19:26:51 [main] INFO  o.s.o.j.LocalContainerEntityManagerFactoryBean - Initialized JPA EntityManagerFactory for persistence unit 'default'
2026-03-16 19:26:51 [main] INFO  o.s.d.j.r.q.QueryEnhancerFactories - Hibernate is in classpath; If applicable, HQL parser will be used.
2026-03-16 19:26:51 [main] INFO  o.s.s.c.a.a.c.InitializeUserDetailsBeanManagerConfigurer$InitializeUserDetailsManagerConfigurer - Global AuthenticationManager configured with UserDetailsService bean with name userService
2026-03-16 19:26:51 [main] DEBUG o.s.s.web.DefaultSecurityFilterChain - Will secure any request with filters: DisableEncodeUrlFilter, WebAsyncManagerIntegrationFilter, SecurityContextHolderFilter, HeaderWriterFilter, CorsFilter, LogoutFilter, JwtAuthenticationFilter, RequestCacheAwareFilter, SecurityContextHolderAwareRequestFilter, AnonymousAuthenticationFilter, SessionManagementFilter, ExceptionTranslationFilter, AuthorizationFilter
2026-03-16 19:26:51 [main] DEBUG o.s.w.s.m.m.a.RequestMappingHandlerMapping - 28 mappings in 'requestMappingHandlerMapping'
2026-03-16 19:26:51 [main] DEBUG o.s.w.s.h.SimpleUrlHandlerMapping - Patterns [/webjars/**, /**, /swagger-ui/**, /swagger-ui/*swagger-initializer.js, /webjars/*swagger-ui/**, /webjars/*swagger-ui/*swagger-initializer.js, /webjars/*swagger-ui/5.31.0/*swagger-initializer.js] in 'resourceHandlerMapping'
2026-03-16 19:26:51 [main] DEBUG o.s.w.s.m.m.a.RequestMappingHandlerAdapter - ControllerAdvice beans: 0 @ModelAttribute, 0 @InitBinder, 2 RequestBodyAdvice, 1 ResponseBodyAdvice
2026-03-16 19:26:52 [main] DEBUG o.s.w.s.m.m.a.ExceptionHandlerExceptionResolver - ControllerAdvice beans: 2 @ExceptionHandler, 1 ResponseBodyAdvice
2026-03-16 19:26:52 [main] INFO  c.e.b.service.AuthServiceTest - Started AuthServiceTest in 3.971 seconds (process running for 4.574)
2026-03-16 19:26:52 [main] WARN  o.s.c.events.SpringDocAppInitializer - SpringDoc /v3/api-docs endpoint is enabled by default. To disable it in production, set the property 'springdoc.api-docs.enabled=false'
2026-03-16 19:26:52 [main] WARN  o.s.c.events.SpringDocAppInitializer - SpringDoc /swagger-ui.html endpoint is enabled by default. To disable it in production, set the property 'springdoc.swagger-ui.enabled=false'
2026-03-16 19:26:52 [main] DEBUG org.hibernate.SQL - insert into users (created,email,first_name,last_name,password_hash,role,updated,username) values (?,?,?,?,?,?,?,?)
2026-03-16 19:26:52 [main] WARN  org.hibernate.orm.jdbc.error - HHH000247: ErrorCode: 0, SQLState: 23502
2026-03-16 19:26:52 [main] WARN  org.hibernate.orm.jdbc.error - ERROR: null value in column "password_hash" of relation "users" violates not-null constraint
  Подробности: Failing row contains (2026-03-16 19:26:52.193419, 1, 2026-03-16 19:26:52.193419, ivanpetrov@example.com, Иван, Петров, null, USER, Admin).
2026-03-16 19:26:52 [main] DEBUG org.hibernate.SQL - insert into users (created,email,first_name,last_name,password_hash,role,updated,username) values (?,?,?,?,?,?,?,?)
2026-03-16 19:26:52 [main] WARN  org.hibernate.orm.jdbc.error - HHH000247: ErrorCode: 0, SQLState: 23502
2026-03-16 19:26:52 [main] WARN  org.hibernate.orm.jdbc.error - ERROR: null value in column "password_hash" of relation "users" violates not-null constraint
  Подробности: Failing row contains (2026-03-16 19:26:52.224985, 2, 2026-03-16 19:26:52.224985, ivanpetrov@example.com, Иван, Петров, null, USER, Admin).
2026-03-16 19:26:52 [main] DEBUG org.hibernate.SQL - insert into users (created,email,first_name,last_name,password_hash,role,updated,username) values (?,?,?,?,?,?,?,?)
2026-03-16 19:26:52 [main] WARN  org.hibernate.orm.jdbc.error - HHH000247: ErrorCode: 0, SQLState: 23502
2026-03-16 19:26:52 [main] WARN  org.hibernate.orm.jdbc.error - ERROR: null value in column "password_hash" of relation "users" violates not-null constraint
  Подробности: Failing row contains (2026-03-16 19:26:52.235985, 3, 2026-03-16 19:26:52.235985, ivanpetrov@example.com, Иван, Петров, null, USER, Admin).
2026-03-16 19:26:52 [SpringApplicationShutdownHook] DEBUG o.s.w.c.s.GenericWebApplicationContext - Closing org.springframework.web.context.support.GenericWebApplicationContext@6ec7bce0, started on Mon Mar 16 19:26:48 GMT+05:00 2026
2026-03-16 19:26:52 [SpringApplicationShutdownHook] INFO  o.s.o.j.LocalContainerEntityManagerFactoryBean - Closing JPA EntityManagerFactory for persistence unit 'default'
2026-03-16 19:26:52 [SpringApplicationShutdownHook] INFO  com.zaxxer.hikari.HikariDataSource - HikariPool-1 - Shutdown initiated...
2026-03-16 19:26:52 [SpringApplicationShutdownHook] INFO  com.zaxxer.hikari.HikariDataSource - HikariPool-1 - Shutdown completed.
2026-03-16 19:27:09 [main] INFO  c.e.b.service.AuthServiceTest - Starting AuthServiceTest using Java 25.0.2 with PID 9256 (started by gorin47 in D:\Projects\Bank_REST\bank_rest)
2026-03-16 19:27:09 [main] DEBUG c.e.b.service.AuthServiceTest - Running with Spring Boot v4.0.2, Spring v7.0.3
2026-03-16 19:27:09 [main] INFO  c.e.b.service.AuthServiceTest - No active profile set, falling back to 1 default profile: "default"
2026-03-16 19:27:09 [main] DEBUG o.s.w.c.s.GenericWebApplicationContext - Refreshing org.springframework.web.context.support.GenericWebApplicationContext@6ec7bce0
2026-03-16 19:27:10 [main] INFO  o.s.d.r.c.RepositoryConfigurationDelegate - Bootstrapping Spring Data JPA repositories in DEFAULT mode.
2026-03-16 19:27:10 [main] INFO  o.s.d.r.c.RepositoryConfigurationDelegate - Finished Spring Data repository scanning in 26 ms. Found 4 JPA repository interfaces.
2026-03-16 19:27:10 [main] INFO  com.zaxxer.hikari.HikariDataSource - HikariPool-1 - Starting...
2026-03-16 19:27:10 [main] INFO  com.zaxxer.hikari.pool.HikariPool - HikariPool-1 - Added connection org.postgresql.jdbc.PgConnection@73b10975
2026-03-16 19:27:10 [main] INFO  com.zaxxer.hikari.HikariDataSource - HikariPool-1 - Start completed.
2026-03-16 19:27:10 [main] INFO  liquibase.database - Set default schema name to public
2026-03-16 19:27:11 [main] INFO  liquibase.changelog - Reading from public.databasechangelog
2026-03-16 19:27:11 [main] INFO  liquibase.ui - Database is up to date, no changesets to execute
2026-03-16 19:27:11 [main] INFO  liquibase.changelog - Reading from public.databasechangelog
2026-03-16 19:27:11 [main] INFO  liquibase.util - UPDATE SUMMARY
2026-03-16 19:27:11 [main] INFO  liquibase.util - Run:                          0
2026-03-16 19:27:11 [main] INFO  liquibase.util - Previously run:               8
2026-03-16 19:27:11 [main] INFO  liquibase.util - Filtered out:                 0
2026-03-16 19:27:11 [main] INFO  liquibase.util - -------------------------------
2026-03-16 19:27:11 [main] INFO  liquibase.util - Total change sets:            8
2026-03-16 19:27:11 [main] INFO  liquibase.util - Update summary generated
2026-03-16 19:27:11 [main] INFO  liquibase.command - Command execution complete
2026-03-16 19:27:12 [main] INFO  org.hibernate.orm.jpa - HHH008540: Processing PersistenceUnitInfo [name: default]
2026-03-16 19:27:12 [main] INFO  org.hibernate.orm.core - HHH000001: Hibernate ORM core version 7.2.1.Final
2026-03-16 19:27:12 [main] INFO  o.s.o.j.p.SpringPersistenceUnitInfo - No LoadTimeWeaver setup: ignoring JPA class transformer
2026-03-16 19:27:12 [main] INFO  o.hibernate.orm.connections.pooling - HHH10001005: Database info:
	Database JDBC URL [jdbc:postgresql://localhost:5432/bankcards]
	Database driver: PostgreSQL JDBC Driver
	Database dialect: PostgreSQLDialect
	Database version: 18.1
	Default catalog/schema: bankcards/public
	Autocommit mode: undefined/unknown
	Isolation level: READ_COMMITTED [default READ_COMMITTED]
	JDBC fetch size: none
	Pool: DataSourceConnectionProvider
	Minimum pool size: undefined/unknown
	Maximum pool size: undefined/unknown
2026-03-16 19:27:12 [main] INFO  org.hibernate.orm.core - HHH000489: No JTA platform available (set 'hibernate.transaction.jta.platform' to enable JTA platform integration)
2026-03-16 19:27:12 [main] DEBUG org.hibernate.SQL - set client_min_messages = WARNING
2026-03-16 19:27:12 [main] DEBUG org.hibernate.SQL - alter table if exists cards drop constraint if exists FKcmanafgwbibfijy2o5isfk3d5
2026-03-16 19:27:12 [main] DEBUG org.hibernate.SQL - alter table if exists tokens drop constraint if exists FK2dylsfo39lgjyqml2tbe0b0ss
2026-03-16 19:27:12 [main] DEBUG org.hibernate.SQL - alter table if exists transactions drop constraint if exists FKt3ofdu7lbh0np62gy109ik7g2
2026-03-16 19:27:12 [main] DEBUG org.hibernate.SQL - alter table if exists transactions drop constraint if exists FK8tq75g5byjdora9epdeke53ny
2026-03-16 19:27:12 [main] DEBUG org.hibernate.SQL - drop table if exists cards cascade
2026-03-16 19:27:12 [main] DEBUG org.hibernate.SQL - drop table if exists roles_old cascade
2026-03-16 19:27:12 [main] DEBUG org.hibernate.SQL - drop table if exists tokens cascade
2026-03-16 19:27:12 [main] DEBUG org.hibernate.SQL - drop table if exists transactions cascade
2026-03-16 19:27:12 [main] DEBUG org.hibernate.SQL - drop table if exists users cascade
2026-03-16 19:27:12 [main] DEBUG org.hibernate.SQL - create table cards (balance numeric(10,2), expiry_date date not null, id bigint generated by default as identity, user_id bigint not null, number varchar(255) not null unique, status varchar(255) not null check ((status in ('NEW_CARD','ACTIVE','BLOCK_REQUEST','BLOCKED','EXPIRED'))), primary key (id))
2026-03-16 19:27:12 [main] DEBUG org.hibernate.SQL - create table roles_old (id bigint generated by default as identity, name varchar(255) not null unique, primary key (id))
2026-03-16 19:27:12 [main] DEBUG org.hibernate.SQL - create table tokens (is_logged_out boolean, id bigint generated by default as identity, user_id bigint, access_token varchar(255), refresh_token varchar(255), primary key (id))
2026-03-16 19:27:12 [main] DEBUG org.hibernate.SQL - create table transactions (amount numeric(10,2) not null, id bigint generated by default as identity, receiver_card_id bigint not null, sender_card_id bigint not null, transaction_date timestamp(6) not null, description varchar(255), status varchar(255) not null check ((status in ('SUCCESSFUL','CANCELED','WAITING','ERROR'))), primary key (id))
2026-03-16 19:27:12 [main] DEBUG org.hibernate.SQL - create table users (created timestamp(6), id bigint generated by default as identity, updated timestamp(6), email varchar(255) not null unique, first_name varchar(255), last_name varchar(255), password_hash varchar(255) not null, role varchar(255) not null check ((role in ('ADMIN','USER','GUEST'))), username varchar(255) not null unique, primary key (id))
2026-03-16 19:27:12 [main] DEBUG org.hibernate.SQL - alter table if exists cards add constraint FKcmanafgwbibfijy2o5isfk3d5 foreign key (user_id) references users
2026-03-16 19:27:12 [main] DEBUG org.hibernate.SQL - alter table if exists tokens add constraint FK2dylsfo39lgjyqml2tbe0b0ss foreign key (user_id) references users
2026-03-16 19:27:12 [main] DEBUG org.hibernate.SQL - alter table if exists transactions add constraint FKt3ofdu7lbh0np62gy109ik7g2 foreign key (receiver_card_id) references cards
2026-03-16 19:27:12 [main] DEBUG org.hibernate.SQL - alter table if exists transactions add constraint FK8tq75g5byjdora9epdeke53ny foreign key (sender_card_id) references cards
2026-03-16 19:27:12 [main] INFO  o.s.o.j.LocalContainerEntityManagerFactoryBean - Initialized JPA EntityManagerFactory for persistence unit 'default'
2026-03-16 19:27:12 [main] INFO  o.s.d.j.r.q.QueryEnhancerFactories - Hibernate is in classpath; If applicable, HQL parser will be used.
2026-03-16 19:27:13 [main] INFO  o.s.s.c.a.a.c.InitializeUserDetailsBeanManagerConfigurer$InitializeUserDetailsManagerConfigurer - Global AuthenticationManager configured with UserDetailsService bean with name userService
2026-03-16 19:27:13 [main] DEBUG o.s.s.web.DefaultSecurityFilterChain - Will secure any request with filters: DisableEncodeUrlFilter, WebAsyncManagerIntegrationFilter, SecurityContextHolderFilter, HeaderWriterFilter, CorsFilter, LogoutFilter, JwtAuthenticationFilter, RequestCacheAwareFilter, SecurityContextHolderAwareRequestFilter, AnonymousAuthenticationFilter, SessionManagementFilter, ExceptionTranslationFilter, AuthorizationFilter
2026-03-16 19:27:13 [main] DEBUG o.s.w.s.m.m.a.RequestMappingHandlerMapping - 28 mappings in 'requestMappingHandlerMapping'
2026-03-16 19:27:13 [main] DEBUG o.s.w.s.h.SimpleUrlHandlerMapping - Patterns [/webjars/**, /**, /swagger-ui/**, /swagger-ui/*swagger-initializer.js, /webjars/*swagger-ui/**, /webjars/*swagger-ui/*swagger-initializer.js, /webjars/*swagger-ui/5.31.0/*swagger-initializer.js] in 'resourceHandlerMapping'
2026-03-16 19:27:13 [main] DEBUG o.s.w.s.m.m.a.RequestMappingHandlerAdapter - ControllerAdvice beans: 0 @ModelAttribute, 0 @InitBinder, 2 RequestBodyAdvice, 1 ResponseBodyAdvice
2026-03-16 19:27:13 [main] DEBUG o.s.w.s.m.m.a.ExceptionHandlerExceptionResolver - ControllerAdvice beans: 2 @ExceptionHandler, 1 ResponseBodyAdvice
2026-03-16 19:27:13 [main] INFO  c.e.b.service.AuthServiceTest - Started AuthServiceTest in 4.156 seconds (process running for 4.761)
2026-03-16 19:27:13 [main] WARN  o.s.c.events.SpringDocAppInitializer - SpringDoc /v3/api-docs endpoint is enabled by default. To disable it in production, set the property 'springdoc.api-docs.enabled=false'
2026-03-16 19:27:13 [main] WARN  o.s.c.events.SpringDocAppInitializer - SpringDoc /swagger-ui.html endpoint is enabled by default. To disable it in production, set the property 'springdoc.swagger-ui.enabled=false'
2026-03-16 19:27:13 [main] DEBUG org.hibernate.SQL - insert into users (created,email,first_name,last_name,password_hash,role,updated,username) values (?,?,?,?,?,?,?,?)
2026-03-16 19:27:13 [main] WARN  org.hibernate.orm.jdbc.error - HHH000247: ErrorCode: 0, SQLState: 23502
2026-03-16 19:27:13 [main] WARN  org.hibernate.orm.jdbc.error - ERROR: null value in column "password_hash" of relation "users" violates not-null constraint
  Подробности: Failing row contains (2026-03-16 19:27:13.642614, 1, 2026-03-16 19:27:13.642614, ivanpetrov@example.com, Иван, Петров, null, USER, Admin).
2026-03-16 19:27:13 [main] DEBUG org.hibernate.SQL - insert into users (created,email,first_name,last_name,password_hash,role,updated,username) values (?,?,?,?,?,?,?,?)
2026-03-16 19:27:13 [main] WARN  org.hibernate.orm.jdbc.error - HHH000247: ErrorCode: 0, SQLState: 23502
2026-03-16 19:27:13 [main] WARN  org.hibernate.orm.jdbc.error - ERROR: null value in column "password_hash" of relation "users" violates not-null constraint
  Подробности: Failing row contains (2026-03-16 19:27:13.668662, 2, 2026-03-16 19:27:13.668662, ivanpetrov@example.com, Иван, Петров, null, USER, Admin).
2026-03-16 19:27:13 [main] DEBUG org.hibernate.SQL - insert into users (created,email,first_name,last_name,password_hash,role,updated,username) values (?,?,?,?,?,?,?,?)
2026-03-16 19:27:13 [main] WARN  org.hibernate.orm.jdbc.error - HHH000247: ErrorCode: 0, SQLState: 23502
2026-03-16 19:27:13 [main] WARN  org.hibernate.orm.jdbc.error - ERROR: null value in column "password_hash" of relation "users" violates not-null constraint
  Подробности: Failing row contains (2026-03-16 19:27:13.684653, 3, 2026-03-16 19:27:13.684653, ivanpetrov@example.com, Иван, Петров, null, USER, Admin).
2026-03-16 19:27:13 [SpringApplicationShutdownHook] DEBUG o.s.w.c.s.GenericWebApplicationContext - Closing org.springframework.web.context.support.GenericWebApplicationContext@6ec7bce0, started on Mon Mar 16 19:27:09 GMT+05:00 2026
2026-03-16 19:27:13 [SpringApplicationShutdownHook] INFO  o.s.o.j.LocalContainerEntityManagerFactoryBean - Closing JPA EntityManagerFactory for persistence unit 'default'
2026-03-16 19:27:13 [SpringApplicationShutdownHook] INFO  com.zaxxer.hikari.HikariDataSource - HikariPool-1 - Shutdown initiated...
2026-03-16 19:27:13 [SpringApplicationShutdownHook] INFO  com.zaxxer.hikari.HikariDataSource - HikariPool-1 - Shutdown completed.
2026-03-16 19:27:28 [main] INFO  c.e.b.service.AuthServiceTest - Starting AuthServiceTest using Java 25.0.2 with PID 13944 (started by gorin47 in D:\Projects\Bank_REST\bank_rest)
2026-03-16 19:27:28 [main] DEBUG c.e.b.service.AuthServiceTest - Running with Spring Boot v4.0.2, Spring v7.0.3
2026-03-16 19:27:28 [main] INFO  c.e.b.service.AuthServiceTest - No active profile set, falling back to 1 default profile: "default"
2026-03-16 19:27:28 [main] DEBUG o.s.w.c.s.GenericWebApplicationContext - Refreshing org.springframework.web.context.support.GenericWebApplicationContext@6ec7bce0
2026-03-16 19:27:28 [main] INFO  o.s.d.r.c.RepositoryConfigurationDelegate - Bootstrapping Spring Data JPA repositories in DEFAULT mode.
2026-03-16 19:27:28 [main] INFO  o.s.d.r.c.RepositoryConfigurationDelegate - Finished Spring Data repository scanning in 24 ms. Found 4 JPA repository interfaces.
2026-03-16 19:27:29 [main] INFO  com.zaxxer.hikari.HikariDataSource - HikariPool-1 - Starting...
2026-03-16 19:27:29 [main] INFO  com.zaxxer.hikari.pool.HikariPool - HikariPool-1 - Added connection org.postgresql.jdbc.PgConnection@73b10975
2026-03-16 19:27:29 [main] INFO  com.zaxxer.hikari.HikariDataSource - HikariPool-1 - Start completed.
2026-03-16 19:27:29 [main] INFO  liquibase.database - Set default schema name to public
2026-03-16 19:27:29 [main] INFO  liquibase.changelog - Reading from public.databasechangelog
2026-03-16 19:27:30 [main] INFO  liquibase.ui - Database is up to date, no changesets to execute
2026-03-16 19:27:30 [main] INFO  liquibase.changelog - Reading from public.databasechangelog
2026-03-16 19:27:30 [main] INFO  liquibase.util - UPDATE SUMMARY
2026-03-16 19:27:30 [main] INFO  liquibase.util - Run:                          0
2026-03-16 19:27:30 [main] INFO  liquibase.util - Previously run:               8
2026-03-16 19:27:30 [main] INFO  liquibase.util - Filtered out:                 0
2026-03-16 19:27:30 [main] INFO  liquibase.util - -------------------------------
2026-03-16 19:27:30 [main] INFO  liquibase.util - Total change sets:            8
2026-03-16 19:27:30 [main] INFO  liquibase.util - Update summary generated
2026-03-16 19:27:30 [main] INFO  liquibase.command - Command execution complete
2026-03-16 19:27:31 [main] INFO  org.hibernate.orm.jpa - HHH008540: Processing PersistenceUnitInfo [name: default]
2026-03-16 19:27:31 [main] INFO  org.hibernate.orm.core - HHH000001: Hibernate ORM core version 7.2.1.Final
2026-03-16 19:27:31 [main] INFO  o.s.o.j.p.SpringPersistenceUnitInfo - No LoadTimeWeaver setup: ignoring JPA class transformer
2026-03-16 19:27:31 [main] INFO  o.hibernate.orm.connections.pooling - HHH10001005: Database info:
	Database JDBC URL [jdbc:postgresql://localhost:5432/bankcards]
	Database driver: PostgreSQL JDBC Driver
	Database dialect: PostgreSQLDialect
	Database version: 18.1
	Default catalog/schema: bankcards/public
	Autocommit mode: undefined/unknown
	Isolation level: READ_COMMITTED [default READ_COMMITTED]
	JDBC fetch size: none
	Pool: DataSourceConnectionProvider
	Minimum pool size: undefined/unknown
	Maximum pool size: undefined/unknown
2026-03-16 19:27:32 [main] INFO  org.hibernate.orm.core - HHH000489: No JTA platform available (set 'hibernate.transaction.jta.platform' to enable JTA platform integration)
2026-03-16 19:27:32 [main] DEBUG org.hibernate.SQL - set client_min_messages = WARNING
2026-03-16 19:27:32 [main] DEBUG org.hibernate.SQL - alter table if exists cards drop constraint if exists FKcmanafgwbibfijy2o5isfk3d5
2026-03-16 19:27:32 [main] DEBUG org.hibernate.SQL - alter table if exists tokens drop constraint if exists FK2dylsfo39lgjyqml2tbe0b0ss
2026-03-16 19:27:32 [main] DEBUG org.hibernate.SQL - alter table if exists transactions drop constraint if exists FKt3ofdu7lbh0np62gy109ik7g2
2026-03-16 19:27:32 [main] DEBUG org.hibernate.SQL - alter table if exists transactions drop constraint if exists FK8tq75g5byjdora9epdeke53ny
2026-03-16 19:27:32 [main] DEBUG org.hibernate.SQL - drop table if exists cards cascade
2026-03-16 19:27:32 [main] DEBUG org.hibernate.SQL - drop table if exists roles_old cascade
2026-03-16 19:27:32 [main] DEBUG org.hibernate.SQL - drop table if exists tokens cascade
2026-03-16 19:27:32 [main] DEBUG org.hibernate.SQL - drop table if exists transactions cascade
2026-03-16 19:27:32 [main] DEBUG org.hibernate.SQL - drop table if exists users cascade
2026-03-16 19:27:32 [main] DEBUG org.hibernate.SQL - create table cards (balance numeric(10,2), expiry_date date not null, id bigint generated by default as identity, user_id bigint not null, number varchar(255) not null unique, status varchar(255) not null check ((status in ('NEW_CARD','ACTIVE','BLOCK_REQUEST','BLOCKED','EXPIRED'))), primary key (id))
2026-03-16 19:27:32 [main] DEBUG org.hibernate.SQL - create table roles_old (id bigint generated by default as identity, name varchar(255) not null unique, primary key (id))
2026-03-16 19:27:32 [main] DEBUG org.hibernate.SQL - create table tokens (is_logged_out boolean, id bigint generated by default as identity, user_id bigint, access_token varchar(255), refresh_token varchar(255), primary key (id))
2026-03-16 19:27:32 [main] DEBUG org.hibernate.SQL - create table transactions (amount numeric(10,2) not null, id bigint generated by default as identity, receiver_card_id bigint not null, sender_card_id bigint not null, transaction_date timestamp(6) not null, description varchar(255), status varchar(255) not null check ((status in ('SUCCESSFUL','CANCELED','WAITING','ERROR'))), primary key (id))
2026-03-16 19:27:32 [main] DEBUG org.hibernate.SQL - create table users (created timestamp(6), id bigint generated by default as identity, updated timestamp(6), email varchar(255) not null unique, first_name varchar(255), last_name varchar(255), password_hash varchar(255) not null, role varchar(255) not null check ((role in ('ADMIN','USER','GUEST'))), username varchar(255) not null unique, primary key (id))
2026-03-16 19:27:32 [main] DEBUG org.hibernate.SQL - alter table if exists cards add constraint FKcmanafgwbibfijy2o5isfk3d5 foreign key (user_id) references users
2026-03-16 19:27:32 [main] DEBUG org.hibernate.SQL - alter table if exists tokens add constraint FK2dylsfo39lgjyqml2tbe0b0ss foreign key (user_id) references users
2026-03-16 19:27:32 [main] DEBUG org.hibernate.SQL - alter table if exists transactions add constraint FKt3ofdu7lbh0np62gy109ik7g2 foreign key (receiver_card_id) references cards
2026-03-16 19:27:32 [main] DEBUG org.hibernate.SQL - alter table if exists transactions add constraint FK8tq75g5byjdora9epdeke53ny foreign key (sender_card_id) references cards
2026-03-16 19:27:32 [main] INFO  o.s.o.j.LocalContainerEntityManagerFactoryBean - Initialized JPA EntityManagerFactory for persistence unit 'default'
2026-03-16 19:27:32 [main] INFO  o.s.d.j.r.q.QueryEnhancerFactories - Hibernate is in classpath; If applicable, HQL parser will be used.
2026-03-16 19:27:32 [main] INFO  o.s.s.c.a.a.c.InitializeUserDetailsBeanManagerConfigurer$InitializeUserDetailsManagerConfigurer - Global AuthenticationManager configured with UserDetailsService bean with name userService
2026-03-16 19:27:32 [main] DEBUG o.s.s.web.DefaultSecurityFilterChain - Will secure any request with filters: DisableEncodeUrlFilter, WebAsyncManagerIntegrationFilter, SecurityContextHolderFilter, HeaderWriterFilter, CorsFilter, LogoutFilter, JwtAuthenticationFilter, RequestCacheAwareFilter, SecurityContextHolderAwareRequestFilter, AnonymousAuthenticationFilter, SessionManagementFilter, ExceptionTranslationFilter, AuthorizationFilter
2026-03-16 19:27:32 [main] DEBUG o.s.w.s.m.m.a.RequestMappingHandlerMapping - 28 mappings in 'requestMappingHandlerMapping'
2026-03-16 19:27:32 [main] DEBUG o.s.w.s.h.SimpleUrlHandlerMapping - Patterns [/webjars/**, /**, /swagger-ui/**, /swagger-ui/*swagger-initializer.js, /webjars/*swagger-ui/**, /webjars/*swagger-ui/*swagger-initializer.js, /webjars/*swagger-ui/5.31.0/*swagger-initializer.js] in 'resourceHandlerMapping'
2026-03-16 19:27:32 [main] DEBUG o.s.w.s.m.m.a.RequestMappingHandlerAdapter - ControllerAdvice beans: 0 @ModelAttribute, 0 @InitBinder, 2 RequestBodyAdvice, 1 ResponseBodyAdvice
2026-03-16 19:27:32 [main] DEBUG o.s.w.s.m.m.a.ExceptionHandlerExceptionResolver - ControllerAdvice beans: 2 @ExceptionHandler, 1 ResponseBodyAdvice
2026-03-16 19:27:33 [main] INFO  c.e.b.service.AuthServiceTest - Started AuthServiceTest in 4.697 seconds (process running for 5.295)
2026-03-16 19:27:33 [main] WARN  o.s.c.events.SpringDocAppInitializer - SpringDoc /v3/api-docs endpoint is enabled by default. To disable it in production, set the property 'springdoc.api-docs.enabled=false'
2026-03-16 19:27:33 [main] WARN  o.s.c.events.SpringDocAppInitializer - SpringDoc /swagger-ui.html endpoint is enabled by default. To disable it in production, set the property 'springdoc.swagger-ui.enabled=false'
2026-03-16 19:27:33 [main] DEBUG org.hibernate.SQL - insert into users (created,email,first_name,last_name,password_hash,role,updated,username) values (?,?,?,?,?,?,?,?)
2026-03-16 19:27:33 [main] WARN  org.hibernate.orm.jdbc.error - HHH000247: ErrorCode: 0, SQLState: 23502
2026-03-16 19:27:33 [main] WARN  org.hibernate.orm.jdbc.error - ERROR: null value in column "password_hash" of relation "users" violates not-null constraint
  Подробности: Failing row contains (2026-03-16 19:27:33.06466, 1, 2026-03-16 19:27:33.06466, ivanpetrov@example.com, Иван, Петров, null, USER, Admin).
2026-03-16 19:27:33 [main] DEBUG org.hibernate.SQL - insert into users (created,email,first_name,last_name,password_hash,role,updated,username) values (?,?,?,?,?,?,?,?)
2026-03-16 19:27:33 [main] WARN  org.hibernate.orm.jdbc.error - HHH000247: ErrorCode: 0, SQLState: 23502
2026-03-16 19:27:33 [main] WARN  org.hibernate.orm.jdbc.error - ERROR: null value in column "password_hash" of relation "users" violates not-null constraint
  Подробности: Failing row contains (2026-03-16 19:27:33.088627, 2, 2026-03-16 19:27:33.088627, ivanpetrov@example.com, Иван, Петров, null, USER, Admin).
2026-03-16 19:27:33 [main] DEBUG org.hibernate.SQL - insert into users (created,email,first_name,last_name,password_hash,role,updated,username) values (?,?,?,?,?,?,?,?)
2026-03-16 19:27:33 [main] WARN  org.hibernate.orm.jdbc.error - HHH000247: ErrorCode: 0, SQLState: 23502
2026-03-16 19:27:33 [main] WARN  org.hibernate.orm.jdbc.error - ERROR: null value in column "password_hash" of relation "users" violates not-null constraint
  Подробности: Failing row contains (2026-03-16 19:27:33.095625, 3, 2026-03-16 19:27:33.095625, ivanpetrov@example.com, Иван, Петров, null, USER, Admin).
2026-03-16 19:27:33 [SpringApplicationShutdownHook] DEBUG o.s.w.c.s.GenericWebApplicationContext - Closing org.springframework.web.context.support.GenericWebApplicationContext@6ec7bce0, started on Mon Mar 16 19:27:28 GMT+05:00 2026
2026-03-16 19:27:33 [SpringApplicationShutdownHook] INFO  o.s.o.j.LocalContainerEntityManagerFactoryBean - Closing JPA EntityManagerFactory for persistence unit 'default'
2026-03-16 19:27:33 [SpringApplicationShutdownHook] INFO  com.zaxxer.hikari.HikariDataSource - HikariPool-1 - Shutdown initiated...
2026-03-16 19:27:33 [SpringApplicationShutdownHook] INFO  com.zaxxer.hikari.HikariDataSource - HikariPool-1 - Shutdown completed.
2026-03-16 19:30:05 [main] INFO  c.e.b.service.AuthServiceTest - Starting AuthServiceTest using Java 25.0.2 with PID 14788 (started by gorin47 in D:\Projects\Bank_REST\bank_rest)
2026-03-16 19:30:05 [main] DEBUG c.e.b.service.AuthServiceTest - Running with Spring Boot v4.0.2, Spring v7.0.3
2026-03-16 19:30:05 [main] INFO  c.e.b.service.AuthServiceTest - No active profile set, falling back to 1 default profile: "default"
2026-03-16 19:30:05 [main] DEBUG o.s.w.c.s.GenericWebApplicationContext - Refreshing org.springframework.web.context.support.GenericWebApplicationContext@6ec7bce0
2026-03-16 19:30:05 [main] INFO  o.s.d.r.c.RepositoryConfigurationDelegate - Bootstrapping Spring Data JPA repositories in DEFAULT mode.
2026-03-16 19:30:05 [main] INFO  o.s.d.r.c.RepositoryConfigurationDelegate - Finished Spring Data repository scanning in 24 ms. Found 4 JPA repository interfaces.
2026-03-16 19:30:06 [main] INFO  com.zaxxer.hikari.HikariDataSource - HikariPool-1 - Starting...
2026-03-16 19:30:06 [main] INFO  com.zaxxer.hikari.pool.HikariPool - HikariPool-1 - Added connection org.postgresql.jdbc.PgConnection@73b10975
2026-03-16 19:30:06 [main] INFO  com.zaxxer.hikari.HikariDataSource - HikariPool-1 - Start completed.
2026-03-16 19:30:06 [main] INFO  liquibase.database - Set default schema name to public
2026-03-16 19:30:06 [main] INFO  liquibase.changelog - Reading from public.databasechangelog
2026-03-16 19:30:06 [main] INFO  liquibase.ui - Database is up to date, no changesets to execute
2026-03-16 19:30:06 [main] INFO  liquibase.changelog - Reading from public.databasechangelog
2026-03-16 19:30:06 [main] INFO  liquibase.util - UPDATE SUMMARY
2026-03-16 19:30:06 [main] INFO  liquibase.util - Run:                          0
2026-03-16 19:30:06 [main] INFO  liquibase.util - Previously run:               8
2026-03-16 19:30:06 [main] INFO  liquibase.util - Filtered out:                 0
2026-03-16 19:30:06 [main] INFO  liquibase.util - -------------------------------
2026-03-16 19:30:06 [main] INFO  liquibase.util - Total change sets:            8
2026-03-16 19:30:06 [main] INFO  liquibase.util - Update summary generated
2026-03-16 19:30:06 [main] INFO  liquibase.command - Command execution complete
2026-03-16 19:30:07 [main] INFO  org.hibernate.orm.jpa - HHH008540: Processing PersistenceUnitInfo [name: default]
2026-03-16 19:30:07 [main] INFO  org.hibernate.orm.core - HHH000001: Hibernate ORM core version 7.2.1.Final
2026-03-16 19:30:07 [main] INFO  o.s.o.j.p.SpringPersistenceUnitInfo - No LoadTimeWeaver setup: ignoring JPA class transformer
2026-03-16 19:30:07 [main] INFO  o.hibernate.orm.connections.pooling - HHH10001005: Database info:
	Database JDBC URL [jdbc:postgresql://localhost:5432/bankcards]
	Database driver: PostgreSQL JDBC Driver
	Database dialect: PostgreSQLDialect
	Database version: 18.1
	Default catalog/schema: bankcards/public
	Autocommit mode: undefined/unknown
	Isolation level: READ_COMMITTED [default READ_COMMITTED]
	JDBC fetch size: none
	Pool: DataSourceConnectionProvider
	Minimum pool size: undefined/unknown
	Maximum pool size: undefined/unknown
2026-03-16 19:30:08 [main] INFO  org.hibernate.orm.core - HHH000489: No JTA platform available (set 'hibernate.transaction.jta.platform' to enable JTA platform integration)
2026-03-16 19:30:08 [main] DEBUG org.hibernate.SQL - set client_min_messages = WARNING
2026-03-16 19:30:08 [main] DEBUG org.hibernate.SQL - alter table if exists cards drop constraint if exists FKcmanafgwbibfijy2o5isfk3d5
2026-03-16 19:30:08 [main] DEBUG org.hibernate.SQL - alter table if exists tokens drop constraint if exists FK2dylsfo39lgjyqml2tbe0b0ss
2026-03-16 19:30:08 [main] DEBUG org.hibernate.SQL - alter table if exists transactions drop constraint if exists FKt3ofdu7lbh0np62gy109ik7g2
2026-03-16 19:30:08 [main] DEBUG org.hibernate.SQL - alter table if exists transactions drop constraint if exists FK8tq75g5byjdora9epdeke53ny
2026-03-16 19:30:08 [main] DEBUG org.hibernate.SQL - drop table if exists cards cascade
2026-03-16 19:30:08 [main] DEBUG org.hibernate.SQL - drop table if exists roles_old cascade
2026-03-16 19:30:08 [main] DEBUG org.hibernate.SQL - drop table if exists tokens cascade
2026-03-16 19:30:08 [main] DEBUG org.hibernate.SQL - drop table if exists transactions cascade
2026-03-16 19:30:08 [main] DEBUG org.hibernate.SQL - drop table if exists users cascade
2026-03-16 19:30:08 [main] DEBUG org.hibernate.SQL - create table cards (balance numeric(10,2), expiry_date date not null, id bigint generated by default as identity, user_id bigint not null, number varchar(255) not null unique, status varchar(255) not null check ((status in ('NEW_CARD','ACTIVE','BLOCK_REQUEST','BLOCKED','EXPIRED'))), primary key (id))
2026-03-16 19:30:08 [main] DEBUG org.hibernate.SQL - create table roles_old (id bigint generated by default as identity, name varchar(255) not null unique, primary key (id))
2026-03-16 19:30:08 [main] DEBUG org.hibernate.SQL - create table tokens (is_logged_out boolean, id bigint generated by default as identity, user_id bigint, access_token varchar(255), refresh_token varchar(255), primary key (id))
2026-03-16 19:30:08 [main] DEBUG org.hibernate.SQL - create table transactions (amount numeric(10,2) not null, id bigint generated by default as identity, receiver_card_id bigint not null, sender_card_id bigint not null, transaction_date timestamp(6) not null, description varchar(255), status varchar(255) not null check ((status in ('SUCCESSFUL','CANCELED','WAITING','ERROR'))), primary key (id))
2026-03-16 19:30:08 [main] DEBUG org.hibernate.SQL - create table users (created timestamp(6), id bigint generated by default as identity, updated timestamp(6), email varchar(255) not null unique, first_name varchar(255), last_name varchar(255), password_hash varchar(255) not null, role varchar(255) not null check ((role in ('ADMIN','USER','GUEST'))), username varchar(255) not null unique, primary key (id))
2026-03-16 19:30:08 [main] DEBUG org.hibernate.SQL - alter table if exists cards add constraint FKcmanafgwbibfijy2o5isfk3d5 foreign key (user_id) references users
2026-03-16 19:30:08 [main] DEBUG org.hibernate.SQL - alter table if exists tokens add constraint FK2dylsfo39lgjyqml2tbe0b0ss foreign key (user_id) references users
2026-03-16 19:30:08 [main] DEBUG org.hibernate.SQL - alter table if exists transactions add constraint FKt3ofdu7lbh0np62gy109ik7g2 foreign key (receiver_card_id) references cards
2026-03-16 19:30:08 [main] DEBUG org.hibernate.SQL - alter table if exists transactions add constraint FK8tq75g5byjdora9epdeke53ny foreign key (sender_card_id) references cards
2026-03-16 19:30:08 [main] INFO  o.s.o.j.LocalContainerEntityManagerFactoryBean - Initialized JPA EntityManagerFactory for persistence unit 'default'
2026-03-16 19:30:08 [main] INFO  o.s.d.j.r.q.QueryEnhancerFactories - Hibernate is in classpath; If applicable, HQL parser will be used.
2026-03-16 19:30:08 [main] INFO  o.s.s.c.a.a.c.InitializeUserDetailsBeanManagerConfigurer$InitializeUserDetailsManagerConfigurer - Global AuthenticationManager configured with UserDetailsService bean with name userService
2026-03-16 19:30:08 [main] DEBUG o.s.s.web.DefaultSecurityFilterChain - Will secure any request with filters: DisableEncodeUrlFilter, WebAsyncManagerIntegrationFilter, SecurityContextHolderFilter, HeaderWriterFilter, CorsFilter, LogoutFilter, JwtAuthenticationFilter, RequestCacheAwareFilter, SecurityContextHolderAwareRequestFilter, AnonymousAuthenticationFilter, SessionManagementFilter, ExceptionTranslationFilter, AuthorizationFilter
2026-03-16 19:30:09 [main] DEBUG o.s.w.s.m.m.a.RequestMappingHandlerMapping - 28 mappings in 'requestMappingHandlerMapping'
2026-03-16 19:30:09 [main] DEBUG o.s.w.s.h.SimpleUrlHandlerMapping - Patterns [/webjars/**, /**, /swagger-ui/**, /swagger-ui/*swagger-initializer.js, /webjars/*swagger-ui/**, /webjars/*swagger-ui/*swagger-initializer.js, /webjars/*swagger-ui/5.31.0/*swagger-initializer.js] in 'resourceHandlerMapping'
2026-03-16 19:30:09 [main] DEBUG o.s.w.s.m.m.a.RequestMappingHandlerAdapter - ControllerAdvice beans: 0 @ModelAttribute, 0 @InitBinder, 2 RequestBodyAdvice, 1 ResponseBodyAdvice
2026-03-16 19:30:09 [main] DEBUG o.s.w.s.m.m.a.ExceptionHandlerExceptionResolver - ControllerAdvice beans: 2 @ExceptionHandler, 1 ResponseBodyAdvice
2026-03-16 19:30:09 [main] INFO  c.e.b.service.AuthServiceTest - Started AuthServiceTest in 3.997 seconds (process running for 4.613)
2026-03-16 19:30:09 [main] WARN  o.s.c.events.SpringDocAppInitializer - SpringDoc /v3/api-docs endpoint is enabled by default. To disable it in production, set the property 'springdoc.api-docs.enabled=false'
2026-03-16 19:30:09 [main] WARN  o.s.c.events.SpringDocAppInitializer - SpringDoc /swagger-ui.html endpoint is enabled by default. To disable it in production, set the property 'springdoc.swagger-ui.enabled=false'
2026-03-16 19:30:09 [main] DEBUG org.hibernate.SQL - insert into users (created,email,first_name,last_name,password_hash,role,updated,username) values (?,?,?,?,?,?,?,?)
2026-03-16 19:30:09 [main] WARN  org.hibernate.orm.jdbc.error - HHH000247: ErrorCode: 0, SQLState: 23502
2026-03-16 19:30:09 [main] WARN  org.hibernate.orm.jdbc.error - ERROR: null value in column "password_hash" of relation "users" violates not-null constraint
  Подробности: Failing row contains (2026-03-16 19:30:09.250231, 1, 2026-03-16 19:30:09.250231, ivanpetrov@example.com, Иван, Петров, null, USER, Admin).
2026-03-16 19:30:09 [main] DEBUG org.hibernate.SQL - insert into users (created,email,first_name,last_name,password_hash,role,updated,username) values (?,?,?,?,?,?,?,?)
2026-03-16 19:30:09 [main] WARN  org.hibernate.orm.jdbc.error - HHH000247: ErrorCode: 0, SQLState: 23502
2026-03-16 19:30:09 [main] WARN  org.hibernate.orm.jdbc.error - ERROR: null value in column "password_hash" of relation "users" violates not-null constraint
  Подробности: Failing row contains (2026-03-16 19:30:09.275243, 2, 2026-03-16 19:30:09.275243, ivanpetrov@example.com, Иван, Петров, null, USER, Admin).
2026-03-16 19:30:09 [main] DEBUG org.hibernate.SQL - insert into users (created,email,first_name,last_name,password_hash,role,updated,username) values (?,?,?,?,?,?,?,?)
2026-03-16 19:30:09 [main] WARN  org.hibernate.orm.jdbc.error - HHH000247: ErrorCode: 0, SQLState: 23502
2026-03-16 19:30:09 [main] WARN  org.hibernate.orm.jdbc.error - ERROR: null value in column "password_hash" of relation "users" violates not-null constraint
  Подробности: Failing row contains (2026-03-16 19:30:09.282233, 3, 2026-03-16 19:30:09.282233, ivanpetrov@example.com, Иван, Петров, null, USER, Admin).
2026-03-16 19:30:09 [SpringApplicationShutdownHook] DEBUG o.s.w.c.s.GenericWebApplicationContext - Closing org.springframework.web.context.support.GenericWebApplicationContext@6ec7bce0, started on Mon Mar 16 19:30:05 GMT+05:00 2026
2026-03-16 19:30:09 [SpringApplicationShutdownHook] INFO  o.s.o.j.LocalContainerEntityManagerFactoryBean - Closing JPA EntityManagerFactory for persistence unit 'default'
2026-03-16 19:30:09 [SpringApplicationShutdownHook] INFO  com.zaxxer.hikari.HikariDataSource - HikariPool-1 - Shutdown initiated...
2026-03-16 19:30:09 [SpringApplicationShutdownHook] INFO  com.zaxxer.hikari.HikariDataSource - HikariPool-1 - Shutdown completed.
2026-03-16 19:31:57 [main] INFO  c.e.b.service.AuthServiceTest - Starting AuthServiceTest using Java 25.0.2 with PID 13884 (started by gorin47 in D:\Projects\Bank_REST\bank_rest)
2026-03-16 19:31:57 [main] DEBUG c.e.b.service.AuthServiceTest - Running with Spring Boot v4.0.2, Spring v7.0.3
2026-03-16 19:31:57 [main] INFO  c.e.b.service.AuthServiceTest - No active profile set, falling back to 1 default profile: "default"
2026-03-16 19:31:57 [main] DEBUG o.s.w.c.s.GenericWebApplicationContext - Refreshing org.springframework.web.context.support.GenericWebApplicationContext@6ec7bce0
2026-03-16 19:31:57 [main] INFO  o.s.d.r.c.RepositoryConfigurationDelegate - Bootstrapping Spring Data JPA repositories in DEFAULT mode.
2026-03-16 19:31:57 [main] INFO  o.s.d.r.c.RepositoryConfigurationDelegate - Finished Spring Data repository scanning in 24 ms. Found 4 JPA repository interfaces.
2026-03-16 19:31:58 [main] INFO  com.zaxxer.hikari.HikariDataSource - HikariPool-1 - Starting...
2026-03-16 19:31:58 [main] INFO  com.zaxxer.hikari.pool.HikariPool - HikariPool-1 - Added connection org.postgresql.jdbc.PgConnection@73b10975
2026-03-16 19:31:58 [main] INFO  com.zaxxer.hikari.HikariDataSource - HikariPool-1 - Start completed.
2026-03-16 19:31:58 [main] INFO  liquibase.database - Set default schema name to public
2026-03-16 19:31:58 [main] INFO  liquibase.changelog - Reading from public.databasechangelog
2026-03-16 19:31:58 [main] INFO  liquibase.ui - Database is up to date, no changesets to execute
2026-03-16 19:31:58 [main] INFO  liquibase.changelog - Reading from public.databasechangelog
2026-03-16 19:31:58 [main] INFO  liquibase.util - UPDATE SUMMARY
2026-03-16 19:31:58 [main] INFO  liquibase.util - Run:                          0
2026-03-16 19:31:58 [main] INFO  liquibase.util - Previously run:               8
2026-03-16 19:31:58 [main] INFO  liquibase.util - Filtered out:                 0
2026-03-16 19:31:58 [main] INFO  liquibase.util - -------------------------------
2026-03-16 19:31:58 [main] INFO  liquibase.util - Total change sets:            8
2026-03-16 19:31:58 [main] INFO  liquibase.util - Update summary generated
2026-03-16 19:31:58 [main] INFO  liquibase.command - Command execution complete
2026-03-16 19:31:59 [main] INFO  org.hibernate.orm.jpa - HHH008540: Processing PersistenceUnitInfo [name: default]
2026-03-16 19:31:59 [main] INFO  org.hibernate.orm.core - HHH000001: Hibernate ORM core version 7.2.1.Final
2026-03-16 19:31:59 [main] INFO  o.s.o.j.p.SpringPersistenceUnitInfo - No LoadTimeWeaver setup: ignoring JPA class transformer
2026-03-16 19:31:59 [main] INFO  o.hibernate.orm.connections.pooling - HHH10001005: Database info:
	Database JDBC URL [jdbc:postgresql://localhost:5432/bankcards]
	Database driver: PostgreSQL JDBC Driver
	Database dialect: PostgreSQLDialect
	Database version: 18.1
	Default catalog/schema: bankcards/public
	Autocommit mode: undefined/unknown
	Isolation level: READ_COMMITTED [default READ_COMMITTED]
	JDBC fetch size: none
	Pool: DataSourceConnectionProvider
	Minimum pool size: undefined/unknown
	Maximum pool size: undefined/unknown
2026-03-16 19:32:00 [main] INFO  org.hibernate.orm.core - HHH000489: No JTA platform available (set 'hibernate.transaction.jta.platform' to enable JTA platform integration)
2026-03-16 19:32:00 [main] DEBUG org.hibernate.SQL - set client_min_messages = WARNING
2026-03-16 19:32:00 [main] DEBUG org.hibernate.SQL - alter table if exists cards drop constraint if exists FKcmanafgwbibfijy2o5isfk3d5
2026-03-16 19:32:00 [main] DEBUG org.hibernate.SQL - alter table if exists tokens drop constraint if exists FK2dylsfo39lgjyqml2tbe0b0ss
2026-03-16 19:32:00 [main] DEBUG org.hibernate.SQL - alter table if exists transactions drop constraint if exists FKt3ofdu7lbh0np62gy109ik7g2
2026-03-16 19:32:00 [main] DEBUG org.hibernate.SQL - alter table if exists transactions drop constraint if exists FK8tq75g5byjdora9epdeke53ny
2026-03-16 19:32:00 [main] DEBUG org.hibernate.SQL - drop table if exists cards cascade
2026-03-16 19:32:00 [main] DEBUG org.hibernate.SQL - drop table if exists roles_old cascade
2026-03-16 19:32:00 [main] DEBUG org.hibernate.SQL - drop table if exists tokens cascade
2026-03-16 19:32:00 [main] DEBUG org.hibernate.SQL - drop table if exists transactions cascade
2026-03-16 19:32:00 [main] DEBUG org.hibernate.SQL - drop table if exists users cascade
2026-03-16 19:32:00 [main] DEBUG org.hibernate.SQL - create table cards (balance numeric(10,2), expiry_date date not null, id bigint generated by default as identity, user_id bigint not null, number varchar(255) not null unique, status varchar(255) not null check ((status in ('NEW_CARD','ACTIVE','BLOCK_REQUEST','BLOCKED','EXPIRED'))), primary key (id))
2026-03-16 19:32:00 [main] DEBUG org.hibernate.SQL - create table roles_old (id bigint generated by default as identity, name varchar(255) not null unique, primary key (id))
2026-03-16 19:32:00 [main] DEBUG org.hibernate.SQL - create table tokens (is_logged_out boolean, id bigint generated by default as identity, user_id bigint, access_token varchar(255), refresh_token varchar(255), primary key (id))
2026-03-16 19:32:00 [main] DEBUG org.hibernate.SQL - create table transactions (amount numeric(10,2) not null, id bigint generated by default as identity, receiver_card_id bigint not null, sender_card_id bigint not null, transaction_date timestamp(6) not null, description varchar(255), status varchar(255) not null check ((status in ('SUCCESSFUL','CANCELED','WAITING','ERROR'))), primary key (id))
2026-03-16 19:32:00 [main] DEBUG org.hibernate.SQL - create table users (created timestamp(6), id bigint generated by default as identity, updated timestamp(6), email varchar(255) not null unique, first_name varchar(255), last_name varchar(255), password_hash varchar(255) not null, role varchar(255) not null check ((role in ('ADMIN','USER','GUEST'))), username varchar(255) not null unique, primary key (id))
2026-03-16 19:32:00 [main] DEBUG org.hibernate.SQL - alter table if exists cards add constraint FKcmanafgwbibfijy2o5isfk3d5 foreign key (user_id) references users
2026-03-16 19:32:00 [main] DEBUG org.hibernate.SQL - alter table if exists tokens add constraint FK2dylsfo39lgjyqml2tbe0b0ss foreign key (user_id) references users
2026-03-16 19:32:00 [main] DEBUG org.hibernate.SQL - alter table if exists transactions add constraint FKt3ofdu7lbh0np62gy109ik7g2 foreign key (receiver_card_id) references cards
2026-03-16 19:32:00 [main] DEBUG org.hibernate.SQL - alter table if exists transactions add constraint FK8tq75g5byjdora9epdeke53ny foreign key (sender_card_id) references cards
2026-03-16 19:32:00 [main] INFO  o.s.o.j.LocalContainerEntityManagerFactoryBean - Initialized JPA EntityManagerFactory for persistence unit 'default'
2026-03-16 19:32:00 [main] INFO  o.s.d.j.r.q.QueryEnhancerFactories - Hibernate is in classpath; If applicable, HQL parser will be used.
2026-03-16 19:32:00 [main] INFO  o.s.s.c.a.a.c.InitializeUserDetailsBeanManagerConfigurer$InitializeUserDetailsManagerConfigurer - Global AuthenticationManager configured with UserDetailsService bean with name userService
2026-03-16 19:32:00 [main] DEBUG o.s.s.web.DefaultSecurityFilterChain - Will secure any request with filters: DisableEncodeUrlFilter, WebAsyncManagerIntegrationFilter, SecurityContextHolderFilter, HeaderWriterFilter, CorsFilter, LogoutFilter, JwtAuthenticationFilter, RequestCacheAwareFilter, SecurityContextHolderAwareRequestFilter, AnonymousAuthenticationFilter, SessionManagementFilter, ExceptionTranslationFilter, AuthorizationFilter
2026-03-16 19:32:00 [main] DEBUG o.s.w.s.m.m.a.RequestMappingHandlerMapping - 28 mappings in 'requestMappingHandlerMapping'
2026-03-16 19:32:00 [main] DEBUG o.s.w.s.h.SimpleUrlHandlerMapping - Patterns [/webjars/**, /**, /swagger-ui/**, /swagger-ui/*swagger-initializer.js, /webjars/*swagger-ui/**, /webjars/*swagger-ui/*swagger-initializer.js, /webjars/*swagger-ui/5.31.0/*swagger-initializer.js] in 'resourceHandlerMapping'
2026-03-16 19:32:00 [main] DEBUG o.s.w.s.m.m.a.RequestMappingHandlerAdapter - ControllerAdvice beans: 0 @ModelAttribute, 0 @InitBinder, 2 RequestBodyAdvice, 1 ResponseBodyAdvice
2026-03-16 19:32:01 [main] DEBUG o.s.w.s.m.m.a.ExceptionHandlerExceptionResolver - ControllerAdvice beans: 2 @ExceptionHandler, 1 ResponseBodyAdvice
2026-03-16 19:32:01 [main] INFO  c.e.b.service.AuthServiceTest - Started AuthServiceTest in 3.953 seconds (process running for 4.556)
2026-03-16 19:32:01 [main] WARN  o.s.c.events.SpringDocAppInitializer - SpringDoc /v3/api-docs endpoint is enabled by default. To disable it in production, set the property 'springdoc.api-docs.enabled=false'
2026-03-16 19:32:01 [main] WARN  o.s.c.events.SpringDocAppInitializer - SpringDoc /swagger-ui.html endpoint is enabled by default. To disable it in production, set the property 'springdoc.swagger-ui.enabled=false'
2026-03-16 19:32:01 [main] DEBUG org.hibernate.SQL - insert into users (created,email,first_name,last_name,password_hash,role,updated,username) values (?,?,?,?,?,?,?,?)
2026-03-16 19:32:01 [main] WARN  org.hibernate.orm.jdbc.error - HHH000247: ErrorCode: 0, SQLState: 23502
2026-03-16 19:32:01 [main] WARN  org.hibernate.orm.jdbc.error - ERROR: null value in column "password_hash" of relation "users" violates not-null constraint
  Подробности: Failing row contains (2026-03-16 19:32:01.181972, 1, 2026-03-16 19:32:01.181972, ivanpetrov@example.com, Иван, Петров, null, USER, Admin).
2026-03-16 19:32:01 [main] DEBUG org.hibernate.SQL - insert into users (created,email,first_name,last_name,password_hash,role,updated,username) values (?,?,?,?,?,?,?,?)
2026-03-16 19:32:01 [main] WARN  org.hibernate.orm.jdbc.error - HHH000247: ErrorCode: 0, SQLState: 23502
2026-03-16 19:32:01 [main] WARN  org.hibernate.orm.jdbc.error - ERROR: null value in column "password_hash" of relation "users" violates not-null constraint
  Подробности: Failing row contains (2026-03-16 19:32:01.207974, 2, 2026-03-16 19:32:01.207974, ivanpetrov@example.com, Иван, Петров, null, USER, Admin).
2026-03-16 19:32:01 [main] DEBUG org.hibernate.SQL - insert into users (created,email,first_name,last_name,password_hash,role,updated,username) values (?,?,?,?,?,?,?,?)
2026-03-16 19:32:01 [SpringApplicationShutdownHook] DEBUG o.s.w.c.s.GenericWebApplicationContext - Closing org.springframework.web.context.support.GenericWebApplicationContext@6ec7bce0, started on Mon Mar 16 19:31:57 GMT+05:00 2026
2026-03-16 19:32:01 [SpringApplicationShutdownHook] INFO  o.s.o.j.LocalContainerEntityManagerFactoryBean - Closing JPA EntityManagerFactory for persistence unit 'default'
2026-03-16 19:32:01 [SpringApplicationShutdownHook] INFO  com.zaxxer.hikari.HikariDataSource - HikariPool-1 - Shutdown initiated...
2026-03-16 19:32:01 [SpringApplicationShutdownHook] INFO  com.zaxxer.hikari.HikariDataSource - HikariPool-1 - Shutdown completed.
2026-03-16 19:34:01 [main] INFO  c.e.b.service.AuthServiceTest - Starting AuthServiceTest using Java 25.0.2 with PID 11044 (started by gorin47 in D:\Projects\Bank_REST\bank_rest)
2026-03-16 19:34:01 [main] DEBUG c.e.b.service.AuthServiceTest - Running with Spring Boot v4.0.2, Spring v7.0.3
2026-03-16 19:34:01 [main] INFO  c.e.b.service.AuthServiceTest - No active profile set, falling back to 1 default profile: "default"
2026-03-16 19:34:01 [main] DEBUG o.s.w.c.s.GenericWebApplicationContext - Refreshing org.springframework.web.context.support.GenericWebApplicationContext@6ec7bce0
2026-03-16 19:34:01 [main] INFO  o.s.d.r.c.RepositoryConfigurationDelegate - Bootstrapping Spring Data JPA repositories in DEFAULT mode.
2026-03-16 19:34:01 [main] INFO  o.s.d.r.c.RepositoryConfigurationDelegate - Finished Spring Data repository scanning in 25 ms. Found 4 JPA repository interfaces.
2026-03-16 19:34:02 [main] INFO  com.zaxxer.hikari.HikariDataSource - HikariPool-1 - Starting...
2026-03-16 19:34:02 [main] INFO  com.zaxxer.hikari.pool.HikariPool - HikariPool-1 - Added connection org.postgresql.jdbc.PgConnection@73b10975
2026-03-16 19:34:02 [main] INFO  com.zaxxer.hikari.HikariDataSource - HikariPool-1 - Start completed.
2026-03-16 19:34:02 [main] INFO  liquibase.database - Set default schema name to public
2026-03-16 19:34:02 [main] INFO  liquibase.changelog - Reading from public.databasechangelog
2026-03-16 19:34:02 [main] INFO  liquibase.ui - Database is up to date, no changesets to execute
2026-03-16 19:34:02 [main] INFO  liquibase.changelog - Reading from public.databasechangelog
2026-03-16 19:34:02 [main] INFO  liquibase.util - UPDATE SUMMARY
2026-03-16 19:34:02 [main] INFO  liquibase.util - Run:                          0
2026-03-16 19:34:02 [main] INFO  liquibase.util - Previously run:               8
2026-03-16 19:34:02 [main] INFO  liquibase.util - Filtered out:                 0
2026-03-16 19:34:02 [main] INFO  liquibase.util - -------------------------------
2026-03-16 19:34:02 [main] INFO  liquibase.util - Total change sets:            8
2026-03-16 19:34:02 [main] INFO  liquibase.util - Update summary generated
2026-03-16 19:34:02 [main] INFO  liquibase.command - Command execution complete
2026-03-16 19:34:03 [main] INFO  org.hibernate.orm.jpa - HHH008540: Processing PersistenceUnitInfo [name: default]
2026-03-16 19:34:03 [main] INFO  org.hibernate.orm.core - HHH000001: Hibernate ORM core version 7.2.1.Final
2026-03-16 19:34:03 [main] INFO  o.s.o.j.p.SpringPersistenceUnitInfo - No LoadTimeWeaver setup: ignoring JPA class transformer
2026-03-16 19:34:04 [main] INFO  o.hibernate.orm.connections.pooling - HHH10001005: Database info:
	Database JDBC URL [jdbc:postgresql://localhost:5432/bankcards]
	Database driver: PostgreSQL JDBC Driver
	Database dialect: PostgreSQLDialect
	Database version: 18.1
	Default catalog/schema: bankcards/public
	Autocommit mode: undefined/unknown
	Isolation level: READ_COMMITTED [default READ_COMMITTED]
	JDBC fetch size: none
	Pool: DataSourceConnectionProvider
	Minimum pool size: undefined/unknown
	Maximum pool size: undefined/unknown
2026-03-16 19:34:04 [main] INFO  org.hibernate.orm.core - HHH000489: No JTA platform available (set 'hibernate.transaction.jta.platform' to enable JTA platform integration)
2026-03-16 19:34:04 [main] DEBUG org.hibernate.SQL - set client_min_messages = WARNING
2026-03-16 19:34:04 [main] DEBUG org.hibernate.SQL - alter table if exists cards drop constraint if exists FKcmanafgwbibfijy2o5isfk3d5
2026-03-16 19:34:04 [main] DEBUG org.hibernate.SQL - alter table if exists tokens drop constraint if exists FK2dylsfo39lgjyqml2tbe0b0ss
2026-03-16 19:34:04 [main] DEBUG org.hibernate.SQL - alter table if exists transactions drop constraint if exists FKt3ofdu7lbh0np62gy109ik7g2
2026-03-16 19:34:04 [main] DEBUG org.hibernate.SQL - alter table if exists transactions drop constraint if exists FK8tq75g5byjdora9epdeke53ny
2026-03-16 19:34:04 [main] DEBUG org.hibernate.SQL - drop table if exists cards cascade
2026-03-16 19:34:04 [main] DEBUG org.hibernate.SQL - drop table if exists roles_old cascade
2026-03-16 19:34:04 [main] DEBUG org.hibernate.SQL - drop table if exists tokens cascade
2026-03-16 19:34:04 [main] DEBUG org.hibernate.SQL - drop table if exists transactions cascade
2026-03-16 19:34:04 [main] DEBUG org.hibernate.SQL - drop table if exists users cascade
2026-03-16 19:34:04 [main] DEBUG org.hibernate.SQL - create table cards (balance numeric(10,2), expiry_date date not null, id bigint generated by default as identity, user_id bigint not null, number varchar(255) not null unique, status varchar(255) not null check ((status in ('NEW_CARD','ACTIVE','BLOCK_REQUEST','BLOCKED','EXPIRED'))), primary key (id))
2026-03-16 19:34:04 [main] DEBUG org.hibernate.SQL - create table roles_old (id bigint generated by default as identity, name varchar(255) not null unique, primary key (id))
2026-03-16 19:34:04 [main] DEBUG org.hibernate.SQL - create table tokens (is_logged_out boolean, id bigint generated by default as identity, user_id bigint, access_token varchar(255), refresh_token varchar(255), primary key (id))
2026-03-16 19:34:04 [main] DEBUG org.hibernate.SQL - create table transactions (amount numeric(10,2) not null, id bigint generated by default as identity, receiver_card_id bigint not null, sender_card_id bigint not null, transaction_date timestamp(6) not null, description varchar(255), status varchar(255) not null check ((status in ('SUCCESSFUL','CANCELED','WAITING','ERROR'))), primary key (id))
2026-03-16 19:34:04 [main] DEBUG org.hibernate.SQL - create table users (created timestamp(6), id bigint generated by default as identity, updated timestamp(6), email varchar(255) not null unique, first_name varchar(255), last_name varchar(255), password_hash varchar(255) not null, role varchar(255) not null check ((role in ('ADMIN','USER','GUEST'))), username varchar(255) not null unique, primary key (id))
2026-03-16 19:34:04 [main] DEBUG org.hibernate.SQL - alter table if exists cards add constraint FKcmanafgwbibfijy2o5isfk3d5 foreign key (user_id) references users
2026-03-16 19:34:04 [main] DEBUG org.hibernate.SQL - alter table if exists tokens add constraint FK2dylsfo39lgjyqml2tbe0b0ss foreign key (user_id) references users
2026-03-16 19:34:04 [main] DEBUG org.hibernate.SQL - alter table if exists transactions add constraint FKt3ofdu7lbh0np62gy109ik7g2 foreign key (receiver_card_id) references cards
2026-03-16 19:34:04 [main] DEBUG org.hibernate.SQL - alter table if exists transactions add constraint FK8tq75g5byjdora9epdeke53ny foreign key (sender_card_id) references cards
2026-03-16 19:34:04 [main] INFO  o.s.o.j.LocalContainerEntityManagerFactoryBean - Initialized JPA EntityManagerFactory for persistence unit 'default'
2026-03-16 19:34:04 [main] INFO  o.s.d.j.r.q.QueryEnhancerFactories - Hibernate is in classpath; If applicable, HQL parser will be used.
2026-03-16 19:34:05 [main] INFO  o.s.s.c.a.a.c.InitializeUserDetailsBeanManagerConfigurer$InitializeUserDetailsManagerConfigurer - Global AuthenticationManager configured with UserDetailsService bean with name userService
2026-03-16 19:34:05 [main] DEBUG o.s.s.web.DefaultSecurityFilterChain - Will secure any request with filters: DisableEncodeUrlFilter, WebAsyncManagerIntegrationFilter, SecurityContextHolderFilter, HeaderWriterFilter, CorsFilter, LogoutFilter, JwtAuthenticationFilter, RequestCacheAwareFilter, SecurityContextHolderAwareRequestFilter, AnonymousAuthenticationFilter, SessionManagementFilter, ExceptionTranslationFilter, AuthorizationFilter
2026-03-16 19:34:05 [main] DEBUG o.s.w.s.m.m.a.RequestMappingHandlerMapping - 28 mappings in 'requestMappingHandlerMapping'
2026-03-16 19:34:05 [main] DEBUG o.s.w.s.h.SimpleUrlHandlerMapping - Patterns [/webjars/**, /**, /swagger-ui/**, /swagger-ui/*swagger-initializer.js, /webjars/*swagger-ui/**, /webjars/*swagger-ui/*swagger-initializer.js, /webjars/*swagger-ui/5.31.0/*swagger-initializer.js] in 'resourceHandlerMapping'
2026-03-16 19:34:05 [main] DEBUG o.s.w.s.m.m.a.RequestMappingHandlerAdapter - ControllerAdvice beans: 0 @ModelAttribute, 0 @InitBinder, 2 RequestBodyAdvice, 1 ResponseBodyAdvice
2026-03-16 19:34:05 [main] DEBUG o.s.w.s.m.m.a.ExceptionHandlerExceptionResolver - ControllerAdvice beans: 2 @ExceptionHandler, 1 ResponseBodyAdvice
2026-03-16 19:34:05 [main] INFO  c.e.b.service.AuthServiceTest - Started AuthServiceTest in 4.163 seconds (process running for 4.803)
2026-03-16 19:34:05 [main] WARN  o.s.c.events.SpringDocAppInitializer - SpringDoc /v3/api-docs endpoint is enabled by default. To disable it in production, set the property 'springdoc.api-docs.enabled=false'
2026-03-16 19:34:05 [main] WARN  o.s.c.events.SpringDocAppInitializer - SpringDoc /swagger-ui.html endpoint is enabled by default. To disable it in production, set the property 'springdoc.swagger-ui.enabled=false'
2026-03-16 19:34:05 [main] DEBUG org.hibernate.SQL - insert into users (created,email,first_name,last_name,password_hash,role,updated,username) values (?,?,?,?,?,?,?,?)
2026-03-16 19:34:05 [main] WARN  org.hibernate.orm.jdbc.error - HHH000247: ErrorCode: 0, SQLState: 23502
2026-03-16 19:34:05 [main] WARN  org.hibernate.orm.jdbc.error - ERROR: null value in column "password_hash" of relation "users" violates not-null constraint
  Подробности: Failing row contains (2026-03-16 19:34:05.422625, 1, 2026-03-16 19:34:05.422625, ivanpetrov@example.com, Иван, Петров, null, USER, Admin).
2026-03-16 19:34:05 [main] DEBUG org.hibernate.SQL - insert into users (created,email,first_name,last_name,password_hash,role,updated,username) values (?,?,?,?,?,?,?,?)
2026-03-16 19:34:05 [main] WARN  org.hibernate.orm.jdbc.error - HHH000247: ErrorCode: 0, SQLState: 23502
2026-03-16 19:34:05 [main] WARN  org.hibernate.orm.jdbc.error - ERROR: null value in column "password_hash" of relation "users" violates not-null constraint
  Подробности: Failing row contains (2026-03-16 19:34:05.447333, 2, 2026-03-16 19:34:05.447333, ivanpetrov@example.com, Иван, Петров, null, USER, Admin).
2026-03-16 19:34:05 [main] DEBUG org.hibernate.SQL - insert into users (created,email,first_name,last_name,password_hash,role,updated,username) values (?,?,?,?,?,?,?,?)
2026-03-16 19:34:05 [SpringApplicationShutdownHook] DEBUG o.s.w.c.s.GenericWebApplicationContext - Closing org.springframework.web.context.support.GenericWebApplicationContext@6ec7bce0, started on Mon Mar 16 19:34:01 GMT+05:00 2026
2026-03-16 19:34:05 [SpringApplicationShutdownHook] INFO  o.s.o.j.LocalContainerEntityManagerFactoryBean - Closing JPA EntityManagerFactory for persistence unit 'default'
2026-03-16 19:34:05 [SpringApplicationShutdownHook] INFO  com.zaxxer.hikari.HikariDataSource - HikariPool-1 - Shutdown initiated...
2026-03-16 19:34:05 [SpringApplicationShutdownHook] INFO  com.zaxxer.hikari.HikariDataSource - HikariPool-1 - Shutdown completed.
2026-03-16 19:34:54 [main] INFO  c.e.b.service.AuthServiceTest - Starting AuthServiceTest using Java 25.0.2 with PID 13200 (started by gorin47 in D:\Projects\Bank_REST\bank_rest)
2026-03-16 19:34:54 [main] DEBUG c.e.b.service.AuthServiceTest - Running with Spring Boot v4.0.2, Spring v7.0.3
2026-03-16 19:34:54 [main] INFO  c.e.b.service.AuthServiceTest - No active profile set, falling back to 1 default profile: "default"
2026-03-16 19:34:54 [main] DEBUG o.s.w.c.s.GenericWebApplicationContext - Refreshing org.springframework.web.context.support.GenericWebApplicationContext@6ec7bce0
2026-03-16 19:34:54 [main] INFO  o.s.d.r.c.RepositoryConfigurationDelegate - Bootstrapping Spring Data JPA repositories in DEFAULT mode.
2026-03-16 19:34:54 [main] INFO  o.s.d.r.c.RepositoryConfigurationDelegate - Finished Spring Data repository scanning in 24 ms. Found 4 JPA repository interfaces.
2026-03-16 19:34:55 [main] INFO  com.zaxxer.hikari.HikariDataSource - HikariPool-1 - Starting...
2026-03-16 19:34:55 [main] INFO  com.zaxxer.hikari.pool.HikariPool - HikariPool-1 - Added connection org.postgresql.jdbc.PgConnection@73b10975
2026-03-16 19:34:55 [main] INFO  com.zaxxer.hikari.HikariDataSource - HikariPool-1 - Start completed.
2026-03-16 19:34:55 [main] INFO  liquibase.database - Set default schema name to public
2026-03-16 19:34:55 [main] INFO  liquibase.changelog - Reading from public.databasechangelog
2026-03-16 19:34:55 [main] INFO  liquibase.ui - Database is up to date, no changesets to execute
2026-03-16 19:34:55 [main] INFO  liquibase.changelog - Reading from public.databasechangelog
2026-03-16 19:34:55 [main] INFO  liquibase.util - UPDATE SUMMARY
2026-03-16 19:34:55 [main] INFO  liquibase.util - Run:                          0
2026-03-16 19:34:55 [main] INFO  liquibase.util - Previously run:               8
2026-03-16 19:34:55 [main] INFO  liquibase.util - Filtered out:                 0
2026-03-16 19:34:55 [main] INFO  liquibase.util - -------------------------------
2026-03-16 19:34:55 [main] INFO  liquibase.util - Total change sets:            8
2026-03-16 19:34:55 [main] INFO  liquibase.util - Update summary generated
2026-03-16 19:34:55 [main] INFO  liquibase.command - Command execution complete
2026-03-16 19:34:56 [main] INFO  org.hibernate.orm.jpa - HHH008540: Processing PersistenceUnitInfo [name: default]
2026-03-16 19:34:56 [main] INFO  org.hibernate.orm.core - HHH000001: Hibernate ORM core version 7.2.1.Final
2026-03-16 19:34:56 [main] INFO  o.s.o.j.p.SpringPersistenceUnitInfo - No LoadTimeWeaver setup: ignoring JPA class transformer
2026-03-16 19:34:56 [main] INFO  o.hibernate.orm.connections.pooling - HHH10001005: Database info:
	Database JDBC URL [jdbc:postgresql://localhost:5432/bankcards]
	Database driver: PostgreSQL JDBC Driver
	Database dialect: PostgreSQLDialect
	Database version: 18.1
	Default catalog/schema: bankcards/public
	Autocommit mode: undefined/unknown
	Isolation level: READ_COMMITTED [default READ_COMMITTED]
	JDBC fetch size: none
	Pool: DataSourceConnectionProvider
	Minimum pool size: undefined/unknown
	Maximum pool size: undefined/unknown
2026-03-16 19:34:57 [main] INFO  org.hibernate.orm.core - HHH000489: No JTA platform available (set 'hibernate.transaction.jta.platform' to enable JTA platform integration)
2026-03-16 19:34:57 [main] DEBUG org.hibernate.SQL - set client_min_messages = WARNING
2026-03-16 19:34:57 [main] DEBUG org.hibernate.SQL - alter table if exists cards drop constraint if exists FKcmanafgwbibfijy2o5isfk3d5
2026-03-16 19:34:57 [main] DEBUG org.hibernate.SQL - alter table if exists tokens drop constraint if exists FK2dylsfo39lgjyqml2tbe0b0ss
2026-03-16 19:34:57 [main] DEBUG org.hibernate.SQL - alter table if exists transactions drop constraint if exists FKt3ofdu7lbh0np62gy109ik7g2
2026-03-16 19:34:57 [main] DEBUG org.hibernate.SQL - alter table if exists transactions drop constraint if exists FK8tq75g5byjdora9epdeke53ny
2026-03-16 19:34:57 [main] DEBUG org.hibernate.SQL - drop table if exists cards cascade
2026-03-16 19:34:57 [main] DEBUG org.hibernate.SQL - drop table if exists roles_old cascade
2026-03-16 19:34:57 [main] DEBUG org.hibernate.SQL - drop table if exists tokens cascade
2026-03-16 19:34:57 [main] DEBUG org.hibernate.SQL - drop table if exists transactions cascade
2026-03-16 19:34:57 [main] DEBUG org.hibernate.SQL - drop table if exists users cascade
2026-03-16 19:34:57 [main] DEBUG org.hibernate.SQL - create table cards (balance numeric(10,2), expiry_date date not null, id bigint generated by default as identity, user_id bigint not null, number varchar(255) not null unique, status varchar(255) not null check ((status in ('NEW_CARD','ACTIVE','BLOCK_REQUEST','BLOCKED','EXPIRED'))), primary key (id))
2026-03-16 19:34:57 [main] DEBUG org.hibernate.SQL - create table roles_old (id bigint generated by default as identity, name varchar(255) not null unique, primary key (id))
2026-03-16 19:34:57 [main] DEBUG org.hibernate.SQL - create table tokens (is_logged_out boolean, id bigint generated by default as identity, user_id bigint, access_token varchar(255), refresh_token varchar(255), primary key (id))
2026-03-16 19:34:57 [main] DEBUG org.hibernate.SQL - create table transactions (amount numeric(10,2) not null, id bigint generated by default as identity, receiver_card_id bigint not null, sender_card_id bigint not null, transaction_date timestamp(6) not null, description varchar(255), status varchar(255) not null check ((status in ('SUCCESSFUL','CANCELED','WAITING','ERROR'))), primary key (id))
2026-03-16 19:34:57 [main] DEBUG org.hibernate.SQL - create table users (created timestamp(6), id bigint generated by default as identity, updated timestamp(6), email varchar(255) not null unique, first_name varchar(255), last_name varchar(255), password_hash varchar(255) not null, role varchar(255) not null check ((role in ('ADMIN','USER','GUEST'))), username varchar(255) not null unique, primary key (id))
2026-03-16 19:34:57 [main] DEBUG org.hibernate.SQL - alter table if exists cards add constraint FKcmanafgwbibfijy2o5isfk3d5 foreign key (user_id) references users
2026-03-16 19:34:57 [main] DEBUG org.hibernate.SQL - alter table if exists tokens add constraint FK2dylsfo39lgjyqml2tbe0b0ss foreign key (user_id) references users
2026-03-16 19:34:57 [main] DEBUG org.hibernate.SQL - alter table if exists transactions add constraint FKt3ofdu7lbh0np62gy109ik7g2 foreign key (receiver_card_id) references cards
2026-03-16 19:34:57 [main] DEBUG org.hibernate.SQL - alter table if exists transactions add constraint FK8tq75g5byjdora9epdeke53ny foreign key (sender_card_id) references cards
2026-03-16 19:34:57 [main] INFO  o.s.o.j.LocalContainerEntityManagerFactoryBean - Initialized JPA EntityManagerFactory for persistence unit 'default'
2026-03-16 19:34:57 [main] INFO  o.s.d.j.r.q.QueryEnhancerFactories - Hibernate is in classpath; If applicable, HQL parser will be used.
2026-03-16 19:34:57 [main] INFO  o.s.s.c.a.a.c.InitializeUserDetailsBeanManagerConfigurer$InitializeUserDetailsManagerConfigurer - Global AuthenticationManager configured with UserDetailsService bean with name userService
2026-03-16 19:34:57 [main] DEBUG o.s.s.web.DefaultSecurityFilterChain - Will secure any request with filters: DisableEncodeUrlFilter, WebAsyncManagerIntegrationFilter, SecurityContextHolderFilter, HeaderWriterFilter, CorsFilter, LogoutFilter, JwtAuthenticationFilter, RequestCacheAwareFilter, SecurityContextHolderAwareRequestFilter, AnonymousAuthenticationFilter, SessionManagementFilter, ExceptionTranslationFilter, AuthorizationFilter
2026-03-16 19:34:57 [main] DEBUG o.s.w.s.m.m.a.RequestMappingHandlerMapping - 28 mappings in 'requestMappingHandlerMapping'
2026-03-16 19:34:57 [main] DEBUG o.s.w.s.h.SimpleUrlHandlerMapping - Patterns [/webjars/**, /**, /swagger-ui/**, /swagger-ui/*swagger-initializer.js, /webjars/*swagger-ui/**, /webjars/*swagger-ui/*swagger-initializer.js, /webjars/*swagger-ui/5.31.0/*swagger-initializer.js] in 'resourceHandlerMapping'
2026-03-16 19:34:57 [main] DEBUG o.s.w.s.m.m.a.RequestMappingHandlerAdapter - ControllerAdvice beans: 0 @ModelAttribute, 0 @InitBinder, 2 RequestBodyAdvice, 1 ResponseBodyAdvice
2026-03-16 19:34:57 [main] DEBUG o.s.w.s.m.m.a.ExceptionHandlerExceptionResolver - ControllerAdvice beans: 2 @ExceptionHandler, 1 ResponseBodyAdvice
2026-03-16 19:34:57 [main] INFO  c.e.b.service.AuthServiceTest - Started AuthServiceTest in 3.783 seconds (process running for 4.377)
2026-03-16 19:34:57 [main] WARN  o.s.c.events.SpringDocAppInitializer - SpringDoc /v3/api-docs endpoint is enabled by default. To disable it in production, set the property 'springdoc.api-docs.enabled=false'
2026-03-16 19:34:57 [main] WARN  o.s.c.events.SpringDocAppInitializer - SpringDoc /swagger-ui.html endpoint is enabled by default. To disable it in production, set the property 'springdoc.swagger-ui.enabled=false'
2026-03-16 19:34:57 [main] DEBUG org.hibernate.SQL - insert into users (created,email,first_name,last_name,password_hash,role,updated,username) values (?,?,?,?,?,?,?,?)
2026-03-16 19:34:57 [main] WARN  org.hibernate.orm.jdbc.error - HHH000247: ErrorCode: 0, SQLState: 23502
2026-03-16 19:34:57 [main] WARN  org.hibernate.orm.jdbc.error - ERROR: null value in column "password_hash" of relation "users" violates not-null constraint
  Подробности: Failing row contains (2026-03-16 19:34:57.991492, 1, 2026-03-16 19:34:57.991492, ivanpetrov@example.com, Иван, Петров, null, USER, Admin).
2026-03-16 19:34:58 [main] DEBUG org.hibernate.SQL - insert into users (created,email,first_name,last_name,password_hash,role,updated,username) values (?,?,?,?,?,?,?,?)
2026-03-16 19:34:58 [main] WARN  org.hibernate.orm.jdbc.error - HHH000247: ErrorCode: 0, SQLState: 23502
2026-03-16 19:34:58 [main] WARN  org.hibernate.orm.jdbc.error - ERROR: null value in column "password_hash" of relation "users" violates not-null constraint
  Подробности: Failing row contains (2026-03-16 19:34:58.016325, 2, 2026-03-16 19:34:58.016325, ivanpetrov@example.com, Иван, Петров, null, USER, Admin).
2026-03-16 19:34:58 [main] DEBUG org.hibernate.SQL - insert into users (created,email,first_name,last_name,password_hash,role,updated,username) values (?,?,?,?,?,?,?,?)
2026-03-16 19:34:58 [SpringApplicationShutdownHook] DEBUG o.s.w.c.s.GenericWebApplicationContext - Closing org.springframework.web.context.support.GenericWebApplicationContext@6ec7bce0, started on Mon Mar 16 19:34:54 GMT+05:00 2026
2026-03-16 19:34:58 [SpringApplicationShutdownHook] INFO  o.s.o.j.LocalContainerEntityManagerFactoryBean - Closing JPA EntityManagerFactory for persistence unit 'default'
2026-03-16 19:34:58 [SpringApplicationShutdownHook] INFO  com.zaxxer.hikari.HikariDataSource - HikariPool-1 - Shutdown initiated...
2026-03-16 19:34:58 [SpringApplicationShutdownHook] INFO  com.zaxxer.hikari.HikariDataSource - HikariPool-1 - Shutdown completed.
2026-03-16 19:36:22 [main] INFO  c.e.b.service.AuthServiceTest - Starting AuthServiceTest using Java 25.0.2 with PID 12332 (started by gorin47 in D:\Projects\Bank_REST\bank_rest)
2026-03-16 19:36:22 [main] DEBUG c.e.b.service.AuthServiceTest - Running with Spring Boot v4.0.2, Spring v7.0.3
2026-03-16 19:36:22 [main] INFO  c.e.b.service.AuthServiceTest - No active profile set, falling back to 1 default profile: "default"
2026-03-16 19:36:22 [main] DEBUG o.s.w.c.s.GenericWebApplicationContext - Refreshing org.springframework.web.context.support.GenericWebApplicationContext@6ec7bce0
2026-03-16 19:36:22 [main] INFO  o.s.d.r.c.RepositoryConfigurationDelegate - Bootstrapping Spring Data JPA repositories in DEFAULT mode.
2026-03-16 19:36:22 [main] INFO  o.s.d.r.c.RepositoryConfigurationDelegate - Finished Spring Data repository scanning in 23 ms. Found 4 JPA repository interfaces.
2026-03-16 19:36:23 [main] INFO  com.zaxxer.hikari.HikariDataSource - HikariPool-1 - Starting...
2026-03-16 19:36:23 [main] INFO  com.zaxxer.hikari.pool.HikariPool - HikariPool-1 - Added connection org.postgresql.jdbc.PgConnection@73b10975
2026-03-16 19:36:23 [main] INFO  com.zaxxer.hikari.HikariDataSource - HikariPool-1 - Start completed.
2026-03-16 19:36:23 [main] INFO  liquibase.database - Set default schema name to public
2026-03-16 19:36:23 [main] INFO  liquibase.changelog - Reading from public.databasechangelog
2026-03-16 19:36:23 [main] INFO  liquibase.ui - Database is up to date, no changesets to execute
2026-03-16 19:36:23 [main] INFO  liquibase.changelog - Reading from public.databasechangelog
2026-03-16 19:36:23 [main] INFO  liquibase.util - UPDATE SUMMARY
2026-03-16 19:36:23 [main] INFO  liquibase.util - Run:                          0
2026-03-16 19:36:23 [main] INFO  liquibase.util - Previously run:               8
2026-03-16 19:36:23 [main] INFO  liquibase.util - Filtered out:                 0
2026-03-16 19:36:23 [main] INFO  liquibase.util - -------------------------------
2026-03-16 19:36:23 [main] INFO  liquibase.util - Total change sets:            8
2026-03-16 19:36:23 [main] INFO  liquibase.util - Update summary generated
2026-03-16 19:36:23 [main] INFO  liquibase.command - Command execution complete
2026-03-16 19:36:24 [main] INFO  org.hibernate.orm.jpa - HHH008540: Processing PersistenceUnitInfo [name: default]
2026-03-16 19:36:24 [main] INFO  org.hibernate.orm.core - HHH000001: Hibernate ORM core version 7.2.1.Final
2026-03-16 19:36:24 [main] INFO  o.s.o.j.p.SpringPersistenceUnitInfo - No LoadTimeWeaver setup: ignoring JPA class transformer
2026-03-16 19:36:24 [main] INFO  o.hibernate.orm.connections.pooling - HHH10001005: Database info:
	Database JDBC URL [jdbc:postgresql://localhost:5432/bankcards]
	Database driver: PostgreSQL JDBC Driver
	Database dialect: PostgreSQLDialect
	Database version: 18.1
	Default catalog/schema: bankcards/public
	Autocommit mode: undefined/unknown
	Isolation level: READ_COMMITTED [default READ_COMMITTED]
	JDBC fetch size: none
	Pool: DataSourceConnectionProvider
	Minimum pool size: undefined/unknown
	Maximum pool size: undefined/unknown
2026-03-16 19:36:25 [main] INFO  org.hibernate.orm.core - HHH000489: No JTA platform available (set 'hibernate.transaction.jta.platform' to enable JTA platform integration)
2026-03-16 19:36:25 [main] DEBUG org.hibernate.SQL - set client_min_messages = WARNING
2026-03-16 19:36:25 [main] DEBUG org.hibernate.SQL - alter table if exists cards drop constraint if exists FKcmanafgwbibfijy2o5isfk3d5
2026-03-16 19:36:25 [main] DEBUG org.hibernate.SQL - alter table if exists tokens drop constraint if exists FK2dylsfo39lgjyqml2tbe0b0ss
2026-03-16 19:36:25 [main] DEBUG org.hibernate.SQL - alter table if exists transactions drop constraint if exists FKt3ofdu7lbh0np62gy109ik7g2
2026-03-16 19:36:25 [main] DEBUG org.hibernate.SQL - alter table if exists transactions drop constraint if exists FK8tq75g5byjdora9epdeke53ny
2026-03-16 19:36:25 [main] DEBUG org.hibernate.SQL - drop table if exists cards cascade
2026-03-16 19:36:25 [main] DEBUG org.hibernate.SQL - drop table if exists roles_old cascade
2026-03-16 19:36:25 [main] DEBUG org.hibernate.SQL - drop table if exists tokens cascade
2026-03-16 19:36:25 [main] DEBUG org.hibernate.SQL - drop table if exists transactions cascade
2026-03-16 19:36:25 [main] DEBUG org.hibernate.SQL - drop table if exists users cascade
2026-03-16 19:36:25 [main] DEBUG org.hibernate.SQL - create table cards (balance numeric(10,2), expiry_date date not null, id bigint generated by default as identity, user_id bigint not null, number varchar(255) not null unique, status varchar(255) not null check ((status in ('NEW_CARD','ACTIVE','BLOCK_REQUEST','BLOCKED','EXPIRED'))), primary key (id))
2026-03-16 19:36:25 [main] DEBUG org.hibernate.SQL - create table roles_old (id bigint generated by default as identity, name varchar(255) not null unique, primary key (id))
2026-03-16 19:36:25 [main] DEBUG org.hibernate.SQL - create table tokens (is_logged_out boolean, id bigint generated by default as identity, user_id bigint, access_token varchar(255), refresh_token varchar(255), primary key (id))
2026-03-16 19:36:25 [main] DEBUG org.hibernate.SQL - create table transactions (amount numeric(10,2) not null, id bigint generated by default as identity, receiver_card_id bigint not null, sender_card_id bigint not null, transaction_date timestamp(6) not null, description varchar(255), status varchar(255) not null check ((status in ('SUCCESSFUL','CANCELED','WAITING','ERROR'))), primary key (id))
2026-03-16 19:36:25 [main] DEBUG org.hibernate.SQL - create table users (created timestamp(6), id bigint generated by default as identity, updated timestamp(6), email varchar(255) not null unique, first_name varchar(255), last_name varchar(255), password_hash varchar(255) not null, role varchar(255) not null check ((role in ('ADMIN','USER','GUEST'))), username varchar(255) not null unique, primary key (id))
2026-03-16 19:36:25 [main] DEBUG org.hibernate.SQL - alter table if exists cards add constraint FKcmanafgwbibfijy2o5isfk3d5 foreign key (user_id) references users
2026-03-16 19:36:25 [main] DEBUG org.hibernate.SQL - alter table if exists tokens add constraint FK2dylsfo39lgjyqml2tbe0b0ss foreign key (user_id) references users
2026-03-16 19:36:25 [main] DEBUG org.hibernate.SQL - alter table if exists transactions add constraint FKt3ofdu7lbh0np62gy109ik7g2 foreign key (receiver_card_id) references cards
2026-03-16 19:36:25 [main] DEBUG org.hibernate.SQL - alter table if exists transactions add constraint FK8tq75g5byjdora9epdeke53ny foreign key (sender_card_id) references cards
2026-03-16 19:36:25 [main] INFO  o.s.o.j.LocalContainerEntityManagerFactoryBean - Initialized JPA EntityManagerFactory for persistence unit 'default'
2026-03-16 19:36:25 [main] INFO  o.s.d.j.r.q.QueryEnhancerFactories - Hibernate is in classpath; If applicable, HQL parser will be used.
2026-03-16 19:36:25 [main] INFO  o.s.s.c.a.a.c.InitializeUserDetailsBeanManagerConfigurer$InitializeUserDetailsManagerConfigurer - Global AuthenticationManager configured with UserDetailsService bean with name userService
2026-03-16 19:36:25 [main] DEBUG o.s.s.web.DefaultSecurityFilterChain - Will secure any request with filters: DisableEncodeUrlFilter, WebAsyncManagerIntegrationFilter, SecurityContextHolderFilter, HeaderWriterFilter, CorsFilter, LogoutFilter, JwtAuthenticationFilter, RequestCacheAwareFilter, SecurityContextHolderAwareRequestFilter, AnonymousAuthenticationFilter, SessionManagementFilter, ExceptionTranslationFilter, AuthorizationFilter
2026-03-16 19:36:25 [main] DEBUG o.s.w.s.m.m.a.RequestMappingHandlerMapping - 28 mappings in 'requestMappingHandlerMapping'
2026-03-16 19:36:25 [main] DEBUG o.s.w.s.h.SimpleUrlHandlerMapping - Patterns [/webjars/**, /**, /swagger-ui/**, /swagger-ui/*swagger-initializer.js, /webjars/*swagger-ui/**, /webjars/*swagger-ui/*swagger-initializer.js, /webjars/*swagger-ui/5.31.0/*swagger-initializer.js] in 'resourceHandlerMapping'
2026-03-16 19:36:25 [main] DEBUG o.s.w.s.m.m.a.RequestMappingHandlerAdapter - ControllerAdvice beans: 0 @ModelAttribute, 0 @InitBinder, 2 RequestBodyAdvice, 1 ResponseBodyAdvice
2026-03-16 19:36:25 [main] DEBUG o.s.w.s.m.m.a.ExceptionHandlerExceptionResolver - ControllerAdvice beans: 2 @ExceptionHandler, 1 ResponseBodyAdvice
2026-03-16 19:36:25 [main] INFO  c.e.b.service.AuthServiceTest - Started AuthServiceTest in 3.903 seconds (process running for 4.504)
2026-03-16 19:36:25 [main] WARN  o.s.c.events.SpringDocAppInitializer - SpringDoc /v3/api-docs endpoint is enabled by default. To disable it in production, set the property 'springdoc.api-docs.enabled=false'
2026-03-16 19:36:25 [main] WARN  o.s.c.events.SpringDocAppInitializer - SpringDoc /swagger-ui.html endpoint is enabled by default. To disable it in production, set the property 'springdoc.swagger-ui.enabled=false'
2026-03-16 19:36:25 [main] DEBUG org.hibernate.SQL - insert into users (created,email,first_name,last_name,password_hash,role,updated,username) values (?,?,?,?,?,?,?,?)
2026-03-16 19:36:25 [main] WARN  org.hibernate.orm.jdbc.error - HHH000247: ErrorCode: 0, SQLState: 23502
2026-03-16 19:36:25 [main] WARN  org.hibernate.orm.jdbc.error - ERROR: null value in column "password_hash" of relation "users" violates not-null constraint
  Подробности: Failing row contains (2026-03-16 19:36:25.990322, 1, 2026-03-16 19:36:25.990322, ivanpetrov@example.com, Иван, Петров, null, USER, Admin).
2026-03-16 19:36:26 [main] DEBUG org.hibernate.SQL - insert into users (created,email,first_name,last_name,password_hash,role,updated,username) values (?,?,?,?,?,?,?,?)
2026-03-16 19:36:26 [main] WARN  org.hibernate.orm.jdbc.error - HHH000247: ErrorCode: 0, SQLState: 23502
2026-03-16 19:36:26 [main] WARN  org.hibernate.orm.jdbc.error - ERROR: null value in column "password_hash" of relation "users" violates not-null constraint
  Подробности: Failing row contains (2026-03-16 19:36:26.015336, 2, 2026-03-16 19:36:26.015336, ivanpetrov@example.com, Иван, Петров, null, USER, Admin).
2026-03-16 19:36:26 [main] DEBUG org.hibernate.SQL - insert into users (created,email,first_name,last_name,password_hash,role,updated,username) values (?,?,?,?,?,?,?,?)
2026-03-16 19:36:26 [SpringApplicationShutdownHook] DEBUG o.s.w.c.s.GenericWebApplicationContext - Closing org.springframework.web.context.support.GenericWebApplicationContext@6ec7bce0, started on Mon Mar 16 19:36:22 GMT+05:00 2026
2026-03-16 19:36:26 [SpringApplicationShutdownHook] INFO  o.s.o.j.LocalContainerEntityManagerFactoryBean - Closing JPA EntityManagerFactory for persistence unit 'default'
2026-03-16 19:36:26 [SpringApplicationShutdownHook] INFO  com.zaxxer.hikari.HikariDataSource - HikariPool-1 - Shutdown initiated...
2026-03-16 19:36:26 [SpringApplicationShutdownHook] INFO  com.zaxxer.hikari.HikariDataSource - HikariPool-1 - Shutdown completed.
2026-03-16 19:38:22 [main] INFO  c.e.b.service.AuthServiceTest - Starting AuthServiceTest using Java 25.0.2 with PID 10508 (started by gorin47 in D:\Projects\Bank_REST\bank_rest)
2026-03-16 19:38:22 [main] DEBUG c.e.b.service.AuthServiceTest - Running with Spring Boot v4.0.2, Spring v7.0.3
2026-03-16 19:38:22 [main] INFO  c.e.b.service.AuthServiceTest - No active profile set, falling back to 1 default profile: "default"
2026-03-16 19:38:22 [main] DEBUG o.s.w.c.s.GenericWebApplicationContext - Refreshing org.springframework.web.context.support.GenericWebApplicationContext@6ec7bce0
2026-03-16 19:38:22 [main] INFO  o.s.d.r.c.RepositoryConfigurationDelegate - Bootstrapping Spring Data JPA repositories in DEFAULT mode.
2026-03-16 19:38:22 [main] INFO  o.s.d.r.c.RepositoryConfigurationDelegate - Finished Spring Data repository scanning in 25 ms. Found 4 JPA repository interfaces.
2026-03-16 19:38:23 [main] INFO  com.zaxxer.hikari.HikariDataSource - HikariPool-1 - Starting...
2026-03-16 19:38:23 [main] INFO  com.zaxxer.hikari.pool.HikariPool - HikariPool-1 - Added connection org.postgresql.jdbc.PgConnection@73b10975
2026-03-16 19:38:23 [main] INFO  com.zaxxer.hikari.HikariDataSource - HikariPool-1 - Start completed.
2026-03-16 19:38:23 [main] INFO  liquibase.database - Set default schema name to public
2026-03-16 19:38:23 [main] INFO  liquibase.changelog - Reading from public.databasechangelog
2026-03-16 19:38:23 [main] INFO  liquibase.ui - Database is up to date, no changesets to execute
2026-03-16 19:38:23 [main] INFO  liquibase.changelog - Reading from public.databasechangelog
2026-03-16 19:38:23 [main] INFO  liquibase.util - UPDATE SUMMARY
2026-03-16 19:38:23 [main] INFO  liquibase.util - Run:                          0
2026-03-16 19:38:23 [main] INFO  liquibase.util - Previously run:               8
2026-03-16 19:38:23 [main] INFO  liquibase.util - Filtered out:                 0
2026-03-16 19:38:23 [main] INFO  liquibase.util - -------------------------------
2026-03-16 19:38:23 [main] INFO  liquibase.util - Total change sets:            8
2026-03-16 19:38:23 [main] INFO  liquibase.util - Update summary generated
2026-03-16 19:38:23 [main] INFO  liquibase.command - Command execution complete
2026-03-16 19:38:24 [main] INFO  org.hibernate.orm.jpa - HHH008540: Processing PersistenceUnitInfo [name: default]
2026-03-16 19:38:24 [main] INFO  org.hibernate.orm.core - HHH000001: Hibernate ORM core version 7.2.1.Final
2026-03-16 19:38:24 [main] INFO  o.s.o.j.p.SpringPersistenceUnitInfo - No LoadTimeWeaver setup: ignoring JPA class transformer
2026-03-16 19:38:24 [main] INFO  o.hibernate.orm.connections.pooling - HHH10001005: Database info:
	Database JDBC URL [jdbc:postgresql://localhost:5432/bankcards]
	Database driver: PostgreSQL JDBC Driver
	Database dialect: PostgreSQLDialect
	Database version: 18.1
	Default catalog/schema: bankcards/public
	Autocommit mode: undefined/unknown
	Isolation level: READ_COMMITTED [default READ_COMMITTED]
	JDBC fetch size: none
	Pool: DataSourceConnectionProvider
	Minimum pool size: undefined/unknown
	Maximum pool size: undefined/unknown
2026-03-16 19:38:25 [main] INFO  org.hibernate.orm.core - HHH000489: No JTA platform available (set 'hibernate.transaction.jta.platform' to enable JTA platform integration)
2026-03-16 19:38:25 [main] DEBUG org.hibernate.SQL - set client_min_messages = WARNING
2026-03-16 19:38:25 [main] DEBUG org.hibernate.SQL - alter table if exists cards drop constraint if exists FKcmanafgwbibfijy2o5isfk3d5
2026-03-16 19:38:25 [main] DEBUG org.hibernate.SQL - alter table if exists tokens drop constraint if exists FK2dylsfo39lgjyqml2tbe0b0ss
2026-03-16 19:38:25 [main] DEBUG org.hibernate.SQL - alter table if exists transactions drop constraint if exists FKt3ofdu7lbh0np62gy109ik7g2
2026-03-16 19:38:25 [main] DEBUG org.hibernate.SQL - alter table if exists transactions drop constraint if exists FK8tq75g5byjdora9epdeke53ny
2026-03-16 19:38:25 [main] DEBUG org.hibernate.SQL - drop table if exists cards cascade
2026-03-16 19:38:25 [main] DEBUG org.hibernate.SQL - drop table if exists roles_old cascade
2026-03-16 19:38:25 [main] DEBUG org.hibernate.SQL - drop table if exists tokens cascade
2026-03-16 19:38:25 [main] DEBUG org.hibernate.SQL - drop table if exists transactions cascade
2026-03-16 19:38:25 [main] DEBUG org.hibernate.SQL - drop table if exists users cascade
2026-03-16 19:38:25 [main] DEBUG org.hibernate.SQL - create table cards (balance numeric(10,2), expiry_date date not null, id bigint generated by default as identity, user_id bigint not null, number varchar(255) not null unique, status varchar(255) not null check ((status in ('NEW_CARD','ACTIVE','BLOCK_REQUEST','BLOCKED','EXPIRED'))), primary key (id))
2026-03-16 19:38:25 [main] DEBUG org.hibernate.SQL - create table roles_old (id bigint generated by default as identity, name varchar(255) not null unique, primary key (id))
2026-03-16 19:38:25 [main] DEBUG org.hibernate.SQL - create table tokens (is_logged_out boolean, id bigint generated by default as identity, user_id bigint, access_token varchar(255), refresh_token varchar(255), primary key (id))
2026-03-16 19:38:25 [main] DEBUG org.hibernate.SQL - create table transactions (amount numeric(10,2) not null, id bigint generated by default as identity, receiver_card_id bigint not null, sender_card_id bigint not null, transaction_date timestamp(6) not null, description varchar(255), status varchar(255) not null check ((status in ('SUCCESSFUL','CANCELED','WAITING','ERROR'))), primary key (id))
2026-03-16 19:38:25 [main] DEBUG org.hibernate.SQL - create table users (created timestamp(6), id bigint generated by default as identity, updated timestamp(6), email varchar(255) not null unique, first_name varchar(255), last_name varchar(255), password_hash varchar(255) not null, role varchar(255) not null check ((role in ('ADMIN','USER','GUEST'))), username varchar(255) not null unique, primary key (id))
2026-03-16 19:38:25 [main] DEBUG org.hibernate.SQL - alter table if exists cards add constraint FKcmanafgwbibfijy2o5isfk3d5 foreign key (user_id) references users
2026-03-16 19:38:25 [main] DEBUG org.hibernate.SQL - alter table if exists tokens add constraint FK2dylsfo39lgjyqml2tbe0b0ss foreign key (user_id) references users
2026-03-16 19:38:25 [main] DEBUG org.hibernate.SQL - alter table if exists transactions add constraint FKt3ofdu7lbh0np62gy109ik7g2 foreign key (receiver_card_id) references cards
2026-03-16 19:38:25 [main] DEBUG org.hibernate.SQL - alter table if exists transactions add constraint FK8tq75g5byjdora9epdeke53ny foreign key (sender_card_id) references cards
2026-03-16 19:38:25 [main] INFO  o.s.o.j.LocalContainerEntityManagerFactoryBean - Initialized JPA EntityManagerFactory for persistence unit 'default'
2026-03-16 19:38:25 [main] INFO  o.s.d.j.r.q.QueryEnhancerFactories - Hibernate is in classpath; If applicable, HQL parser will be used.
2026-03-16 19:38:25 [main] INFO  o.s.s.c.a.a.c.InitializeUserDetailsBeanManagerConfigurer$InitializeUserDetailsManagerConfigurer - Global AuthenticationManager configured with UserDetailsService bean with name userService
2026-03-16 19:38:25 [main] DEBUG o.s.s.web.DefaultSecurityFilterChain - Will secure any request with filters: DisableEncodeUrlFilter, WebAsyncManagerIntegrationFilter, SecurityContextHolderFilter, HeaderWriterFilter, CorsFilter, LogoutFilter, JwtAuthenticationFilter, RequestCacheAwareFilter, SecurityContextHolderAwareRequestFilter, AnonymousAuthenticationFilter, SessionManagementFilter, ExceptionTranslationFilter, AuthorizationFilter
2026-03-16 19:38:25 [main] DEBUG o.s.w.s.m.m.a.RequestMappingHandlerMapping - 28 mappings in 'requestMappingHandlerMapping'
2026-03-16 19:38:25 [main] DEBUG o.s.w.s.h.SimpleUrlHandlerMapping - Patterns [/webjars/**, /**, /swagger-ui/**, /swagger-ui/*swagger-initializer.js, /webjars/*swagger-ui/**, /webjars/*swagger-ui/*swagger-initializer.js, /webjars/*swagger-ui/5.31.0/*swagger-initializer.js] in 'resourceHandlerMapping'
2026-03-16 19:38:26 [main] DEBUG o.s.w.s.m.m.a.RequestMappingHandlerAdapter - ControllerAdvice beans: 0 @ModelAttribute, 0 @InitBinder, 2 RequestBodyAdvice, 1 ResponseBodyAdvice
2026-03-16 19:38:26 [main] DEBUG o.s.w.s.m.m.a.ExceptionHandlerExceptionResolver - ControllerAdvice beans: 2 @ExceptionHandler, 1 ResponseBodyAdvice
2026-03-16 19:38:26 [main] INFO  c.e.b.service.AuthServiceTest - Started AuthServiceTest in 3.924 seconds (process running for 4.536)
2026-03-16 19:38:26 [main] WARN  o.s.c.events.SpringDocAppInitializer - SpringDoc /v3/api-docs endpoint is enabled by default. To disable it in production, set the property 'springdoc.api-docs.enabled=false'
2026-03-16 19:38:26 [main] WARN  o.s.c.events.SpringDocAppInitializer - SpringDoc /swagger-ui.html endpoint is enabled by default. To disable it in production, set the property 'springdoc.swagger-ui.enabled=false'
2026-03-16 19:38:26 [main] DEBUG org.hibernate.SQL - insert into users (created,email,first_name,last_name,password_hash,role,updated,username) values (?,?,?,?,?,?,?,?)
2026-03-16 19:38:26 [main] WARN  org.hibernate.orm.jdbc.error - HHH000247: ErrorCode: 0, SQLState: 23502
2026-03-16 19:38:26 [main] WARN  org.hibernate.orm.jdbc.error - ERROR: null value in column "password_hash" of relation "users" violates not-null constraint
  Подробности: Failing row contains (2026-03-16 19:38:26.209572, 1, 2026-03-16 19:38:26.209572, ivanpetrov@example.com, Иван, Петров, null, USER, Admin).
2026-03-16 19:38:26 [main] DEBUG org.hibernate.SQL - insert into users (created,email,first_name,last_name,password_hash,role,updated,username) values (?,?,?,?,?,?,?,?)
2026-03-16 19:38:26 [main] WARN  org.hibernate.orm.jdbc.error - HHH000247: ErrorCode: 0, SQLState: 23502
2026-03-16 19:38:26 [main] WARN  org.hibernate.orm.jdbc.error - ERROR: null value in column "password_hash" of relation "users" violates not-null constraint
  Подробности: Failing row contains (2026-03-16 19:38:26.235459, 2, 2026-03-16 19:38:26.235459, ivanpetrov@example.com, Иван, Петров, null, USER, Admin).
2026-03-16 19:38:26 [main] DEBUG org.hibernate.SQL - insert into users (created,email,first_name,last_name,password_hash,role,updated,username) values (?,?,?,?,?,?,?,?)
2026-03-16 19:38:26 [SpringApplicationShutdownHook] DEBUG o.s.w.c.s.GenericWebApplicationContext - Closing org.springframework.web.context.support.GenericWebApplicationContext@6ec7bce0, started on Mon Mar 16 19:38:22 GMT+05:00 2026
2026-03-16 19:38:26 [SpringApplicationShutdownHook] INFO  o.s.o.j.LocalContainerEntityManagerFactoryBean - Closing JPA EntityManagerFactory for persistence unit 'default'
2026-03-16 19:38:26 [SpringApplicationShutdownHook] INFO  com.zaxxer.hikari.HikariDataSource - HikariPool-1 - Shutdown initiated...
2026-03-16 19:38:26 [SpringApplicationShutdownHook] INFO  com.zaxxer.hikari.HikariDataSource - HikariPool-1 - Shutdown completed.
2026-03-16 19:38:52 [main] INFO  c.e.b.service.AuthServiceTest - Starting AuthServiceTest using Java 25.0.2 with PID 9408 (started by gorin47 in D:\Projects\Bank_REST\bank_rest)
2026-03-16 19:38:52 [main] DEBUG c.e.b.service.AuthServiceTest - Running with Spring Boot v4.0.2, Spring v7.0.3
2026-03-16 19:38:52 [main] INFO  c.e.b.service.AuthServiceTest - No active profile set, falling back to 1 default profile: "default"
2026-03-16 19:38:52 [main] DEBUG o.s.w.c.s.GenericWebApplicationContext - Refreshing org.springframework.web.context.support.GenericWebApplicationContext@6ec7bce0
2026-03-16 19:38:52 [main] INFO  o.s.d.r.c.RepositoryConfigurationDelegate - Bootstrapping Spring Data JPA repositories in DEFAULT mode.
2026-03-16 19:38:52 [main] INFO  o.s.d.r.c.RepositoryConfigurationDelegate - Finished Spring Data repository scanning in 25 ms. Found 4 JPA repository interfaces.
2026-03-16 19:38:53 [main] INFO  com.zaxxer.hikari.HikariDataSource - HikariPool-1 - Starting...
2026-03-16 19:38:53 [main] INFO  com.zaxxer.hikari.pool.HikariPool - HikariPool-1 - Added connection org.postgresql.jdbc.PgConnection@48cbe1c9
2026-03-16 19:38:53 [main] INFO  com.zaxxer.hikari.HikariDataSource - HikariPool-1 - Start completed.
2026-03-16 19:38:53 [main] INFO  liquibase.database - Set default schema name to public
2026-03-16 19:38:53 [main] INFO  liquibase.changelog - Reading from public.databasechangelog
2026-03-16 19:38:53 [main] INFO  liquibase.ui - Database is up to date, no changesets to execute
2026-03-16 19:38:53 [main] INFO  liquibase.changelog - Reading from public.databasechangelog
2026-03-16 19:38:53 [main] INFO  liquibase.util - UPDATE SUMMARY
2026-03-16 19:38:53 [main] INFO  liquibase.util - Run:                          0
2026-03-16 19:38:53 [main] INFO  liquibase.util - Previously run:               8
2026-03-16 19:38:53 [main] INFO  liquibase.util - Filtered out:                 0
2026-03-16 19:38:53 [main] INFO  liquibase.util - -------------------------------
2026-03-16 19:38:53 [main] INFO  liquibase.util - Total change sets:            8
2026-03-16 19:38:53 [main] INFO  liquibase.util - Update summary generated
2026-03-16 19:38:53 [main] INFO  liquibase.command - Command execution complete
2026-03-16 19:38:54 [main] INFO  org.hibernate.orm.jpa - HHH008540: Processing PersistenceUnitInfo [name: default]
2026-03-16 19:38:54 [main] INFO  org.hibernate.orm.core - HHH000001: Hibernate ORM core version 7.2.1.Final
2026-03-16 19:38:54 [main] INFO  o.s.o.j.p.SpringPersistenceUnitInfo - No LoadTimeWeaver setup: ignoring JPA class transformer
2026-03-16 19:38:54 [main] INFO  o.hibernate.orm.connections.pooling - HHH10001005: Database info:
	Database JDBC URL [jdbc:postgresql://localhost:5432/bankcards]
	Database driver: PostgreSQL JDBC Driver
	Database dialect: PostgreSQLDialect
	Database version: 18.1
	Default catalog/schema: bankcards/public
	Autocommit mode: undefined/unknown
	Isolation level: READ_COMMITTED [default READ_COMMITTED]
	JDBC fetch size: none
	Pool: DataSourceConnectionProvider
	Minimum pool size: undefined/unknown
	Maximum pool size: undefined/unknown
2026-03-16 19:38:55 [main] INFO  org.hibernate.orm.core - HHH000489: No JTA platform available (set 'hibernate.transaction.jta.platform' to enable JTA platform integration)
2026-03-16 19:38:55 [main] DEBUG org.hibernate.SQL - set client_min_messages = WARNING
2026-03-16 19:38:55 [main] DEBUG org.hibernate.SQL - alter table if exists cards drop constraint if exists FKcmanafgwbibfijy2o5isfk3d5
2026-03-16 19:38:55 [main] DEBUG org.hibernate.SQL - alter table if exists tokens drop constraint if exists FK2dylsfo39lgjyqml2tbe0b0ss
2026-03-16 19:38:55 [main] DEBUG org.hibernate.SQL - alter table if exists transactions drop constraint if exists FKt3ofdu7lbh0np62gy109ik7g2
2026-03-16 19:38:55 [main] DEBUG org.hibernate.SQL - alter table if exists transactions drop constraint if exists FK8tq75g5byjdora9epdeke53ny
2026-03-16 19:38:55 [main] DEBUG org.hibernate.SQL - drop table if exists cards cascade
2026-03-16 19:38:55 [main] DEBUG org.hibernate.SQL - drop table if exists roles_old cascade
2026-03-16 19:38:55 [main] DEBUG org.hibernate.SQL - drop table if exists tokens cascade
2026-03-16 19:38:55 [main] DEBUG org.hibernate.SQL - drop table if exists transactions cascade
2026-03-16 19:38:55 [main] DEBUG org.hibernate.SQL - drop table if exists users cascade
2026-03-16 19:38:55 [main] DEBUG org.hibernate.SQL - create table cards (balance numeric(10,2), expiry_date date not null, id bigint generated by default as identity, user_id bigint not null, number varchar(255) not null unique, status varchar(255) not null check ((status in ('NEW_CARD','ACTIVE','BLOCK_REQUEST','BLOCKED','EXPIRED'))), primary key (id))
2026-03-16 19:38:55 [main] DEBUG org.hibernate.SQL - create table roles_old (id bigint generated by default as identity, name varchar(255) not null unique, primary key (id))
2026-03-16 19:38:55 [main] DEBUG org.hibernate.SQL - create table tokens (is_logged_out boolean, id bigint generated by default as identity, user_id bigint, access_token varchar(255), refresh_token varchar(255), primary key (id))
2026-03-16 19:38:55 [main] DEBUG org.hibernate.SQL - create table transactions (amount numeric(10,2) not null, id bigint generated by default as identity, receiver_card_id bigint not null, sender_card_id bigint not null, transaction_date timestamp(6) not null, description varchar(255), status varchar(255) not null check ((status in ('SUCCESSFUL','CANCELED','WAITING','ERROR'))), primary key (id))
2026-03-16 19:38:55 [main] DEBUG org.hibernate.SQL - create table users (created timestamp(6), id bigint generated by default as identity, updated timestamp(6), email varchar(255) not null unique, first_name varchar(255), last_name varchar(255), password_hash varchar(255) not null, role varchar(255) not null check ((role in ('ADMIN','USER','GUEST'))), username varchar(255) not null unique, primary key (id))
2026-03-16 19:38:55 [main] DEBUG org.hibernate.SQL - alter table if exists cards add constraint FKcmanafgwbibfijy2o5isfk3d5 foreign key (user_id) references users
2026-03-16 19:38:55 [main] DEBUG org.hibernate.SQL - alter table if exists tokens add constraint FK2dylsfo39lgjyqml2tbe0b0ss foreign key (user_id) references users
2026-03-16 19:38:55 [main] DEBUG org.hibernate.SQL - alter table if exists transactions add constraint FKt3ofdu7lbh0np62gy109ik7g2 foreign key (receiver_card_id) references cards
2026-03-16 19:38:55 [main] DEBUG org.hibernate.SQL - alter table if exists transactions add constraint FK8tq75g5byjdora9epdeke53ny foreign key (sender_card_id) references cards
2026-03-16 19:38:55 [main] INFO  o.s.o.j.LocalContainerEntityManagerFactoryBean - Initialized JPA EntityManagerFactory for persistence unit 'default'
2026-03-16 19:38:55 [main] INFO  o.s.d.j.r.q.QueryEnhancerFactories - Hibernate is in classpath; If applicable, HQL parser will be used.
2026-03-16 19:38:55 [main] INFO  o.s.s.c.a.a.c.InitializeUserDetailsBeanManagerConfigurer$InitializeUserDetailsManagerConfigurer - Global AuthenticationManager configured with UserDetailsService bean with name userService
2026-03-16 19:38:55 [main] DEBUG o.s.s.web.DefaultSecurityFilterChain - Will secure any request with filters: DisableEncodeUrlFilter, WebAsyncManagerIntegrationFilter, SecurityContextHolderFilter, HeaderWriterFilter, CorsFilter, LogoutFilter, JwtAuthenticationFilter, RequestCacheAwareFilter, SecurityContextHolderAwareRequestFilter, AnonymousAuthenticationFilter, SessionManagementFilter, ExceptionTranslationFilter, AuthorizationFilter
2026-03-16 19:38:55 [main] DEBUG o.s.w.s.m.m.a.RequestMappingHandlerMapping - 28 mappings in 'requestMappingHandlerMapping'
2026-03-16 19:38:55 [main] DEBUG o.s.w.s.h.SimpleUrlHandlerMapping - Patterns [/webjars/**, /**, /swagger-ui/**, /swagger-ui/*swagger-initializer.js, /webjars/*swagger-ui/**, /webjars/*swagger-ui/*swagger-initializer.js, /webjars/*swagger-ui/5.31.0/*swagger-initializer.js] in 'resourceHandlerMapping'
2026-03-16 19:38:55 [main] DEBUG o.s.w.s.m.m.a.RequestMappingHandlerAdapter - ControllerAdvice beans: 0 @ModelAttribute, 0 @InitBinder, 2 RequestBodyAdvice, 1 ResponseBodyAdvice
2026-03-16 19:38:55 [main] DEBUG o.s.w.s.m.m.a.ExceptionHandlerExceptionResolver - ControllerAdvice beans: 2 @ExceptionHandler, 1 ResponseBodyAdvice
2026-03-16 19:38:56 [main] INFO  c.e.b.service.AuthServiceTest - Started AuthServiceTest in 3.789 seconds (process running for 4.415)
2026-03-16 19:38:56 [main] WARN  o.s.c.events.SpringDocAppInitializer - SpringDoc /v3/api-docs endpoint is enabled by default. To disable it in production, set the property 'springdoc.api-docs.enabled=false'
2026-03-16 19:38:56 [main] WARN  o.s.c.events.SpringDocAppInitializer - SpringDoc /swagger-ui.html endpoint is enabled by default. To disable it in production, set the property 'springdoc.swagger-ui.enabled=false'
2026-03-16 19:38:56 [main] DEBUG org.hibernate.SQL - insert into users (created,email,first_name,last_name,password_hash,role,updated,username) values (?,?,?,?,?,?,?,?)
2026-03-16 19:38:56 [main] WARN  org.hibernate.orm.jdbc.error - HHH000247: ErrorCode: 0, SQLState: 23502
2026-03-16 19:38:56 [main] WARN  org.hibernate.orm.jdbc.error - ERROR: null value in column "password_hash" of relation "users" violates not-null constraint
  Подробности: Failing row contains (2026-03-16 19:38:56.142773, 1, 2026-03-16 19:38:56.142773, ivanpetrov@example.com, Иван, Петров, null, USER, Admin).
2026-03-16 19:38:56 [main] DEBUG org.hibernate.SQL - insert into users (created,email,first_name,last_name,password_hash,role,updated,username) values (?,?,?,?,?,?,?,?)
2026-03-16 19:38:56 [main] WARN  org.hibernate.orm.jdbc.error - HHH000247: ErrorCode: 0, SQLState: 23502
2026-03-16 19:38:56 [main] WARN  org.hibernate.orm.jdbc.error - ERROR: null value in column "password_hash" of relation "users" violates not-null constraint
  Подробности: Failing row contains (2026-03-16 19:38:56.170749, 2, 2026-03-16 19:38:56.170749, ivanpetrov@example.com, Иван, Петров, null, USER, Admin).
2026-03-16 19:38:56 [main] DEBUG org.hibernate.SQL - insert into users (created,email,first_name,last_name,password_hash,role,updated,username) values (?,?,?,?,?,?,?,?)
2026-03-16 19:38:56 [SpringApplicationShutdownHook] DEBUG o.s.w.c.s.GenericWebApplicationContext - Closing org.springframework.web.context.support.GenericWebApplicationContext@6ec7bce0, started on Mon Mar 16 19:38:52 GMT+05:00 2026
2026-03-16 19:38:56 [SpringApplicationShutdownHook] INFO  o.s.o.j.LocalContainerEntityManagerFactoryBean - Closing JPA EntityManagerFactory for persistence unit 'default'
2026-03-16 19:38:56 [SpringApplicationShutdownHook] INFO  com.zaxxer.hikari.HikariDataSource - HikariPool-1 - Shutdown initiated...
2026-03-16 19:38:56 [SpringApplicationShutdownHook] INFO  com.zaxxer.hikari.HikariDataSource - HikariPool-1 - Shutdown completed.
2026-03-16 19:41:06 [main] INFO  c.e.b.service.AuthServiceTest - Starting AuthServiceTest using Java 25.0.2 with PID 15180 (started by gorin47 in D:\Projects\Bank_REST\bank_rest)
2026-03-16 19:41:06 [main] DEBUG c.e.b.service.AuthServiceTest - Running with Spring Boot v4.0.2, Spring v7.0.3
2026-03-16 19:41:06 [main] INFO  c.e.b.service.AuthServiceTest - No active profile set, falling back to 1 default profile: "default"
2026-03-16 19:41:06 [main] DEBUG o.s.w.c.s.GenericWebApplicationContext - Refreshing org.springframework.web.context.support.GenericWebApplicationContext@6ec7bce0
2026-03-16 19:41:07 [main] INFO  o.s.d.r.c.RepositoryConfigurationDelegate - Bootstrapping Spring Data JPA repositories in DEFAULT mode.
2026-03-16 19:41:07 [main] INFO  o.s.d.r.c.RepositoryConfigurationDelegate - Finished Spring Data repository scanning in 26 ms. Found 4 JPA repository interfaces.
2026-03-16 19:41:08 [main] INFO  com.zaxxer.hikari.HikariDataSource - HikariPool-1 - Starting...
2026-03-16 19:41:08 [main] INFO  com.zaxxer.hikari.pool.HikariPool - HikariPool-1 - Added connection org.postgresql.jdbc.PgConnection@73b10975
2026-03-16 19:41:08 [main] INFO  com.zaxxer.hikari.HikariDataSource - HikariPool-1 - Start completed.
2026-03-16 19:41:08 [main] INFO  liquibase.database - Set default schema name to public
2026-03-16 19:41:08 [main] INFO  liquibase.changelog - Reading from public.databasechangelog
2026-03-16 19:41:08 [main] INFO  liquibase.ui - Database is up to date, no changesets to execute
2026-03-16 19:41:08 [main] INFO  liquibase.changelog - Reading from public.databasechangelog
2026-03-16 19:41:08 [main] INFO  liquibase.util - UPDATE SUMMARY
2026-03-16 19:41:08 [main] INFO  liquibase.util - Run:                          0
2026-03-16 19:41:08 [main] INFO  liquibase.util - Previously run:               8
2026-03-16 19:41:08 [main] INFO  liquibase.util - Filtered out:                 0
2026-03-16 19:41:08 [main] INFO  liquibase.util - -------------------------------
2026-03-16 19:41:08 [main] INFO  liquibase.util - Total change sets:            8
2026-03-16 19:41:08 [main] INFO  liquibase.util - Update summary generated
2026-03-16 19:41:08 [main] INFO  liquibase.command - Command execution complete
2026-03-16 19:41:09 [main] INFO  org.hibernate.orm.jpa - HHH008540: Processing PersistenceUnitInfo [name: default]
2026-03-16 19:41:09 [main] INFO  org.hibernate.orm.core - HHH000001: Hibernate ORM core version 7.2.1.Final
2026-03-16 19:41:09 [main] INFO  o.s.o.j.p.SpringPersistenceUnitInfo - No LoadTimeWeaver setup: ignoring JPA class transformer
2026-03-16 19:41:09 [main] INFO  o.hibernate.orm.connections.pooling - HHH10001005: Database info:
	Database JDBC URL [jdbc:postgresql://localhost:5432/bankcards]
	Database driver: PostgreSQL JDBC Driver
	Database dialect: PostgreSQLDialect
	Database version: 18.1
	Default catalog/schema: bankcards/public
	Autocommit mode: undefined/unknown
	Isolation level: READ_COMMITTED [default READ_COMMITTED]
	JDBC fetch size: none
	Pool: DataSourceConnectionProvider
	Minimum pool size: undefined/unknown
	Maximum pool size: undefined/unknown
2026-03-16 19:41:09 [main] INFO  org.hibernate.orm.core - HHH000489: No JTA platform available (set 'hibernate.transaction.jta.platform' to enable JTA platform integration)
2026-03-16 19:41:09 [main] DEBUG org.hibernate.SQL - set client_min_messages = WARNING
2026-03-16 19:41:09 [main] DEBUG org.hibernate.SQL - alter table if exists cards drop constraint if exists FKcmanafgwbibfijy2o5isfk3d5
2026-03-16 19:41:09 [main] DEBUG org.hibernate.SQL - alter table if exists tokens drop constraint if exists FK2dylsfo39lgjyqml2tbe0b0ss
2026-03-16 19:41:09 [main] DEBUG org.hibernate.SQL - alter table if exists transactions drop constraint if exists FKt3ofdu7lbh0np62gy109ik7g2
2026-03-16 19:41:09 [main] DEBUG org.hibernate.SQL - alter table if exists transactions drop constraint if exists FK8tq75g5byjdora9epdeke53ny
2026-03-16 19:41:09 [main] DEBUG org.hibernate.SQL - drop table if exists cards cascade
2026-03-16 19:41:09 [main] DEBUG org.hibernate.SQL - drop table if exists roles_old cascade
2026-03-16 19:41:09 [main] DEBUG org.hibernate.SQL - drop table if exists tokens cascade
2026-03-16 19:41:09 [main] DEBUG org.hibernate.SQL - drop table if exists transactions cascade
2026-03-16 19:41:09 [main] DEBUG org.hibernate.SQL - drop table if exists users cascade
2026-03-16 19:41:09 [main] DEBUG org.hibernate.SQL - create table cards (balance numeric(10,2), expiry_date date not null, id bigint generated by default as identity, user_id bigint not null, number varchar(255) not null unique, status varchar(255) not null check ((status in ('NEW_CARD','ACTIVE','BLOCK_REQUEST','BLOCKED','EXPIRED'))), primary key (id))
2026-03-16 19:41:09 [main] DEBUG org.hibernate.SQL - create table roles_old (id bigint generated by default as identity, name varchar(255) not null unique, primary key (id))
2026-03-16 19:41:09 [main] DEBUG org.hibernate.SQL - create table tokens (is_logged_out boolean, id bigint generated by default as identity, user_id bigint, access_token varchar(255), refresh_token varchar(255), primary key (id))
2026-03-16 19:41:09 [main] DEBUG org.hibernate.SQL - create table transactions (amount numeric(10,2) not null, id bigint generated by default as identity, receiver_card_id bigint not null, sender_card_id bigint not null, transaction_date timestamp(6) not null, description varchar(255), status varchar(255) not null check ((status in ('SUCCESSFUL','CANCELED','WAITING','ERROR'))), primary key (id))
2026-03-16 19:41:09 [main] DEBUG org.hibernate.SQL - create table users (created timestamp(6), id bigint generated by default as identity, updated timestamp(6), email varchar(255) not null unique, first_name varchar(255), last_name varchar(255), password_hash varchar(255) not null, role varchar(255) not null check ((role in ('ADMIN','USER','GUEST'))), username varchar(255) not null unique, primary key (id))
2026-03-16 19:41:09 [main] DEBUG org.hibernate.SQL - alter table if exists cards add constraint FKcmanafgwbibfijy2o5isfk3d5 foreign key (user_id) references users
2026-03-16 19:41:09 [main] DEBUG org.hibernate.SQL - alter table if exists tokens add constraint FK2dylsfo39lgjyqml2tbe0b0ss foreign key (user_id) references users
2026-03-16 19:41:09 [main] DEBUG org.hibernate.SQL - alter table if exists transactions add constraint FKt3ofdu7lbh0np62gy109ik7g2 foreign key (receiver_card_id) references cards
2026-03-16 19:41:09 [main] DEBUG org.hibernate.SQL - alter table if exists transactions add constraint FK8tq75g5byjdora9epdeke53ny foreign key (sender_card_id) references cards
2026-03-16 19:41:09 [main] INFO  o.s.o.j.LocalContainerEntityManagerFactoryBean - Initialized JPA EntityManagerFactory for persistence unit 'default'
2026-03-16 19:41:09 [main] INFO  o.s.d.j.r.q.QueryEnhancerFactories - Hibernate is in classpath; If applicable, HQL parser will be used.
2026-03-16 19:41:10 [main] INFO  o.s.s.c.a.a.c.InitializeUserDetailsBeanManagerConfigurer$InitializeUserDetailsManagerConfigurer - Global AuthenticationManager configured with UserDetailsService bean with name userService
2026-03-16 19:41:10 [main] DEBUG o.s.s.web.DefaultSecurityFilterChain - Will secure any request with filters: DisableEncodeUrlFilter, WebAsyncManagerIntegrationFilter, SecurityContextHolderFilter, HeaderWriterFilter, CorsFilter, LogoutFilter, JwtAuthenticationFilter, RequestCacheAwareFilter, SecurityContextHolderAwareRequestFilter, AnonymousAuthenticationFilter, SessionManagementFilter, ExceptionTranslationFilter, AuthorizationFilter
2026-03-16 19:41:10 [main] DEBUG o.s.w.s.m.m.a.RequestMappingHandlerMapping - 28 mappings in 'requestMappingHandlerMapping'
2026-03-16 19:41:10 [main] DEBUG o.s.w.s.h.SimpleUrlHandlerMapping - Patterns [/webjars/**, /**, /swagger-ui/**, /swagger-ui/*swagger-initializer.js, /webjars/*swagger-ui/**, /webjars/*swagger-ui/*swagger-initializer.js, /webjars/*swagger-ui/5.31.0/*swagger-initializer.js] in 'resourceHandlerMapping'
2026-03-16 19:41:10 [main] DEBUG o.s.w.s.m.m.a.RequestMappingHandlerAdapter - ControllerAdvice beans: 0 @ModelAttribute, 0 @InitBinder, 2 RequestBodyAdvice, 1 ResponseBodyAdvice
2026-03-16 19:41:10 [main] DEBUG o.s.w.s.m.m.a.ExceptionHandlerExceptionResolver - ControllerAdvice beans: 2 @ExceptionHandler, 1 ResponseBodyAdvice
2026-03-16 19:41:10 [main] INFO  c.e.b.service.AuthServiceTest - Started AuthServiceTest in 3.969 seconds (process running for 4.582)
2026-03-16 19:41:10 [main] WARN  o.s.c.events.SpringDocAppInitializer - SpringDoc /v3/api-docs endpoint is enabled by default. To disable it in production, set the property 'springdoc.api-docs.enabled=false'
2026-03-16 19:41:10 [main] WARN  o.s.c.events.SpringDocAppInitializer - SpringDoc /swagger-ui.html endpoint is enabled by default. To disable it in production, set the property 'springdoc.swagger-ui.enabled=false'
2026-03-16 19:41:10 [main] DEBUG org.hibernate.SQL - insert into users (created,email,first_name,last_name,password_hash,role,updated,username) values (?,?,?,?,?,?,?,?)
2026-03-16 19:41:10 [main] WARN  org.hibernate.orm.jdbc.error - HHH000247: ErrorCode: 0, SQLState: 23502
2026-03-16 19:41:10 [main] WARN  org.hibernate.orm.jdbc.error - ERROR: null value in column "password_hash" of relation "users" violates not-null constraint
  Подробности: Failing row contains (2026-03-16 19:41:10.75797, 1, 2026-03-16 19:41:10.758969, ivanpetrov@example.com, Иван, Петров, null, USER, Admin).
2026-03-16 19:41:10 [main] DEBUG org.hibernate.SQL - insert into users (created,email,first_name,last_name,password_hash,role,updated,username) values (?,?,?,?,?,?,?,?)
2026-03-16 19:41:10 [main] WARN  org.hibernate.orm.jdbc.error - HHH000247: ErrorCode: 0, SQLState: 23502
2026-03-16 19:41:10 [main] WARN  org.hibernate.orm.jdbc.error - ERROR: null value in column "password_hash" of relation "users" violates not-null constraint
  Подробности: Failing row contains (2026-03-16 19:41:10.785474, 2, 2026-03-16 19:41:10.785474, ivanpetrov@example.com, Иван, Петров, null, USER, Admin).
2026-03-16 19:41:10 [main] DEBUG org.hibernate.SQL - insert into users (created,email,first_name,last_name,password_hash,role,updated,username) values (?,?,?,?,?,?,?,?)
2026-03-16 19:41:10 [SpringApplicationShutdownHook] DEBUG o.s.w.c.s.GenericWebApplicationContext - Closing org.springframework.web.context.support.GenericWebApplicationContext@6ec7bce0, started on Mon Mar 16 19:41:06 GMT+05:00 2026
2026-03-16 19:41:10 [SpringApplicationShutdownHook] INFO  o.s.o.j.LocalContainerEntityManagerFactoryBean - Closing JPA EntityManagerFactory for persistence unit 'default'
2026-03-16 19:41:10 [SpringApplicationShutdownHook] INFO  com.zaxxer.hikari.HikariDataSource - HikariPool-1 - Shutdown initiated...
2026-03-16 19:41:10 [SpringApplicationShutdownHook] INFO  com.zaxxer.hikari.HikariDataSource - HikariPool-1 - Shutdown completed.
2026-03-16 19:43:34 [main] INFO  c.e.b.service.AuthServiceTest - Starting AuthServiceTest using Java 25.0.2 with PID 12736 (started by gorin47 in D:\Projects\Bank_REST\bank_rest)
2026-03-16 19:43:34 [main] DEBUG c.e.b.service.AuthServiceTest - Running with Spring Boot v4.0.2, Spring v7.0.3
2026-03-16 19:43:34 [main] INFO  c.e.b.service.AuthServiceTest - No active profile set, falling back to 1 default profile: "default"
2026-03-16 19:43:34 [main] DEBUG o.s.w.c.s.GenericWebApplicationContext - Refreshing org.springframework.web.context.support.GenericWebApplicationContext@6ec7bce0
2026-03-16 19:43:35 [main] INFO  o.s.d.r.c.RepositoryConfigurationDelegate - Bootstrapping Spring Data JPA repositories in DEFAULT mode.
2026-03-16 19:43:35 [main] INFO  o.s.d.r.c.RepositoryConfigurationDelegate - Finished Spring Data repository scanning in 23 ms. Found 4 JPA repository interfaces.
2026-03-16 19:43:35 [main] INFO  com.zaxxer.hikari.HikariDataSource - HikariPool-1 - Starting...
2026-03-16 19:43:35 [main] INFO  com.zaxxer.hikari.pool.HikariPool - HikariPool-1 - Added connection org.postgresql.jdbc.PgConnection@73b10975
2026-03-16 19:43:35 [main] INFO  com.zaxxer.hikari.HikariDataSource - HikariPool-1 - Start completed.
2026-03-16 19:43:35 [main] INFO  liquibase.database - Set default schema name to public
2026-03-16 19:43:36 [main] INFO  liquibase.changelog - Reading from public.databasechangelog
2026-03-16 19:43:36 [main] INFO  liquibase.ui - Database is up to date, no changesets to execute
2026-03-16 19:43:36 [main] INFO  liquibase.changelog - Reading from public.databasechangelog
2026-03-16 19:43:36 [main] INFO  liquibase.util - UPDATE SUMMARY
2026-03-16 19:43:36 [main] INFO  liquibase.util - Run:                          0
2026-03-16 19:43:36 [main] INFO  liquibase.util - Previously run:               8
2026-03-16 19:43:36 [main] INFO  liquibase.util - Filtered out:                 0
2026-03-16 19:43:36 [main] INFO  liquibase.util - -------------------------------
2026-03-16 19:43:36 [main] INFO  liquibase.util - Total change sets:            8
2026-03-16 19:43:36 [main] INFO  liquibase.util - Update summary generated
2026-03-16 19:43:36 [main] INFO  liquibase.command - Command execution complete
2026-03-16 19:43:36 [main] INFO  org.hibernate.orm.jpa - HHH008540: Processing PersistenceUnitInfo [name: default]
2026-03-16 19:43:36 [main] INFO  org.hibernate.orm.core - HHH000001: Hibernate ORM core version 7.2.1.Final
2026-03-16 19:43:37 [main] INFO  o.s.o.j.p.SpringPersistenceUnitInfo - No LoadTimeWeaver setup: ignoring JPA class transformer
2026-03-16 19:43:37 [main] INFO  o.hibernate.orm.connections.pooling - HHH10001005: Database info:
	Database JDBC URL [jdbc:postgresql://localhost:5432/bankcards]
	Database driver: PostgreSQL JDBC Driver
	Database dialect: PostgreSQLDialect
	Database version: 18.1
	Default catalog/schema: bankcards/public
	Autocommit mode: undefined/unknown
	Isolation level: READ_COMMITTED [default READ_COMMITTED]
	JDBC fetch size: none
	Pool: DataSourceConnectionProvider
	Minimum pool size: undefined/unknown
	Maximum pool size: undefined/unknown
2026-03-16 19:43:37 [main] INFO  org.hibernate.orm.core - HHH000489: No JTA platform available (set 'hibernate.transaction.jta.platform' to enable JTA platform integration)
2026-03-16 19:43:37 [main] DEBUG org.hibernate.SQL - set client_min_messages = WARNING
2026-03-16 19:43:37 [main] DEBUG org.hibernate.SQL - alter table if exists cards drop constraint if exists FKcmanafgwbibfijy2o5isfk3d5
2026-03-16 19:43:37 [main] DEBUG org.hibernate.SQL - alter table if exists tokens drop constraint if exists FK2dylsfo39lgjyqml2tbe0b0ss
2026-03-16 19:43:37 [main] DEBUG org.hibernate.SQL - alter table if exists transactions drop constraint if exists FKt3ofdu7lbh0np62gy109ik7g2
2026-03-16 19:43:37 [main] DEBUG org.hibernate.SQL - alter table if exists transactions drop constraint if exists FK8tq75g5byjdora9epdeke53ny
2026-03-16 19:43:37 [main] DEBUG org.hibernate.SQL - drop table if exists cards cascade
2026-03-16 19:43:37 [main] DEBUG org.hibernate.SQL - drop table if exists roles_old cascade
2026-03-16 19:43:37 [main] DEBUG org.hibernate.SQL - drop table if exists tokens cascade
2026-03-16 19:43:37 [main] DEBUG org.hibernate.SQL - drop table if exists transactions cascade
2026-03-16 19:43:37 [main] DEBUG org.hibernate.SQL - drop table if exists users cascade
2026-03-16 19:43:37 [main] DEBUG org.hibernate.SQL - create table cards (balance numeric(10,2), expiry_date date not null, id bigint generated by default as identity, user_id bigint not null, number varchar(255) not null unique, status varchar(255) not null check ((status in ('NEW_CARD','ACTIVE','BLOCK_REQUEST','BLOCKED','EXPIRED'))), primary key (id))
2026-03-16 19:43:37 [main] DEBUG org.hibernate.SQL - create table roles_old (id bigint generated by default as identity, name varchar(255) not null unique, primary key (id))
2026-03-16 19:43:37 [main] DEBUG org.hibernate.SQL - create table tokens (is_logged_out boolean, id bigint generated by default as identity, user_id bigint, access_token varchar(255), refresh_token varchar(255), primary key (id))
2026-03-16 19:43:37 [main] DEBUG org.hibernate.SQL - create table transactions (amount numeric(10,2) not null, id bigint generated by default as identity, receiver_card_id bigint not null, sender_card_id bigint not null, transaction_date timestamp(6) not null, description varchar(255), status varchar(255) not null check ((status in ('SUCCESSFUL','CANCELED','WAITING','ERROR'))), primary key (id))
2026-03-16 19:43:37 [main] DEBUG org.hibernate.SQL - create table users (created timestamp(6), id bigint generated by default as identity, updated timestamp(6), email varchar(255) not null unique, first_name varchar(255), last_name varchar(255), password_hash varchar(255) not null, role varchar(255) not null check ((role in ('ADMIN','USER','GUEST'))), username varchar(255) not null unique, primary key (id))
2026-03-16 19:43:37 [main] DEBUG org.hibernate.SQL - alter table if exists cards add constraint FKcmanafgwbibfijy2o5isfk3d5 foreign key (user_id) references users
2026-03-16 19:43:37 [main] DEBUG org.hibernate.SQL - alter table if exists tokens add constraint FK2dylsfo39lgjyqml2tbe0b0ss foreign key (user_id) references users
2026-03-16 19:43:37 [main] DEBUG org.hibernate.SQL - alter table if exists transactions add constraint FKt3ofdu7lbh0np62gy109ik7g2 foreign key (receiver_card_id) references cards
2026-03-16 19:43:37 [main] DEBUG org.hibernate.SQL - alter table if exists transactions add constraint FK8tq75g5byjdora9epdeke53ny foreign key (sender_card_id) references cards
2026-03-16 19:43:37 [main] INFO  o.s.o.j.LocalContainerEntityManagerFactoryBean - Initialized JPA EntityManagerFactory for persistence unit 'default'
2026-03-16 19:43:37 [main] INFO  o.s.d.j.r.q.QueryEnhancerFactories - Hibernate is in classpath; If applicable, HQL parser will be used.
2026-03-16 19:43:38 [main] INFO  o.s.s.c.a.a.c.InitializeUserDetailsBeanManagerConfigurer$InitializeUserDetailsManagerConfigurer - Global AuthenticationManager configured with UserDetailsService bean with name userService
2026-03-16 19:43:38 [main] DEBUG o.s.s.web.DefaultSecurityFilterChain - Will secure any request with filters: DisableEncodeUrlFilter, WebAsyncManagerIntegrationFilter, SecurityContextHolderFilter, HeaderWriterFilter, CorsFilter, LogoutFilter, JwtAuthenticationFilter, RequestCacheAwareFilter, SecurityContextHolderAwareRequestFilter, AnonymousAuthenticationFilter, SessionManagementFilter, ExceptionTranslationFilter, AuthorizationFilter
2026-03-16 19:43:38 [main] DEBUG o.s.w.s.m.m.a.RequestMappingHandlerMapping - 28 mappings in 'requestMappingHandlerMapping'
2026-03-16 19:43:38 [main] DEBUG o.s.w.s.h.SimpleUrlHandlerMapping - Patterns [/webjars/**, /**, /swagger-ui/**, /swagger-ui/*swagger-initializer.js, /webjars/*swagger-ui/**, /webjars/*swagger-ui/*swagger-initializer.js, /webjars/*swagger-ui/5.31.0/*swagger-initializer.js] in 'resourceHandlerMapping'
2026-03-16 19:43:38 [main] DEBUG o.s.w.s.m.m.a.RequestMappingHandlerAdapter - ControllerAdvice beans: 0 @ModelAttribute, 0 @InitBinder, 2 RequestBodyAdvice, 1 ResponseBodyAdvice
2026-03-16 19:43:38 [main] DEBUG o.s.w.s.m.m.a.ExceptionHandlerExceptionResolver - ControllerAdvice beans: 2 @ExceptionHandler, 1 ResponseBodyAdvice
2026-03-16 19:43:38 [main] INFO  c.e.b.service.AuthServiceTest - Started AuthServiceTest in 3.907 seconds (process running for 4.519)
2026-03-16 19:43:38 [main] WARN  o.s.c.events.SpringDocAppInitializer - SpringDoc /v3/api-docs endpoint is enabled by default. To disable it in production, set the property 'springdoc.api-docs.enabled=false'
2026-03-16 19:43:38 [main] WARN  o.s.c.events.SpringDocAppInitializer - SpringDoc /swagger-ui.html endpoint is enabled by default. To disable it in production, set the property 'springdoc.swagger-ui.enabled=false'
2026-03-16 19:43:38 [main] DEBUG org.hibernate.SQL - insert into users (created,email,first_name,last_name,password_hash,role,updated,username) values (?,?,?,?,?,?,?,?)
2026-03-16 19:43:38 [main] WARN  org.hibernate.orm.jdbc.error - HHH000247: ErrorCode: 0, SQLState: 23502
2026-03-16 19:43:38 [main] WARN  org.hibernate.orm.jdbc.error - ERROR: null value in column "password_hash" of relation "users" violates not-null constraint
  Подробности: Failing row contains (2026-03-16 19:43:38.434167, 1, 2026-03-16 19:43:38.434167, ivanpetrov@example.com, Иван, Петров, null, USER, Admin).
2026-03-16 19:43:38 [main] DEBUG org.hibernate.SQL - insert into users (created,email,first_name,last_name,password_hash,role,updated,username) values (?,?,?,?,?,?,?,?)
2026-03-16 19:43:38 [main] WARN  org.hibernate.orm.jdbc.error - HHH000247: ErrorCode: 0, SQLState: 23502
2026-03-16 19:43:38 [main] WARN  org.hibernate.orm.jdbc.error - ERROR: null value in column "password_hash" of relation "users" violates not-null constraint
  Подробности: Failing row contains (2026-03-16 19:43:38.458379, 2, 2026-03-16 19:43:38.458379, ivanpetrov@example.com, Иван, Петров, null, USER, Admin).
2026-03-16 19:43:38 [main] DEBUG org.hibernate.SQL - insert into users (created,email,first_name,last_name,password_hash,role,updated,username) values (?,?,?,?,?,?,?,?)
2026-03-16 19:43:38 [SpringApplicationShutdownHook] DEBUG o.s.w.c.s.GenericWebApplicationContext - Closing org.springframework.web.context.support.GenericWebApplicationContext@6ec7bce0, started on Mon Mar 16 19:43:34 GMT+05:00 2026
2026-03-16 19:43:38 [SpringApplicationShutdownHook] INFO  o.s.o.j.LocalContainerEntityManagerFactoryBean - Closing JPA EntityManagerFactory for persistence unit 'default'
2026-03-16 19:43:38 [SpringApplicationShutdownHook] INFO  com.zaxxer.hikari.HikariDataSource - HikariPool-1 - Shutdown initiated...
2026-03-16 19:43:38 [SpringApplicationShutdownHook] INFO  com.zaxxer.hikari.HikariDataSource - HikariPool-1 - Shutdown completed.
2026-03-16 19:44:23 [main] INFO  c.e.b.service.AuthServiceTest - Starting AuthServiceTest using Java 25.0.2 with PID 3824 (started by gorin47 in D:\Projects\Bank_REST\bank_rest)
2026-03-16 19:44:23 [main] DEBUG c.e.b.service.AuthServiceTest - Running with Spring Boot v4.0.2, Spring v7.0.3
2026-03-16 19:44:23 [main] INFO  c.e.b.service.AuthServiceTest - No active profile set, falling back to 1 default profile: "default"
2026-03-16 19:44:23 [main] DEBUG o.s.w.c.s.GenericWebApplicationContext - Refreshing org.springframework.web.context.support.GenericWebApplicationContext@6ec7bce0
2026-03-16 19:44:23 [main] INFO  o.s.d.r.c.RepositoryConfigurationDelegate - Bootstrapping Spring Data JPA repositories in DEFAULT mode.
2026-03-16 19:44:23 [main] INFO  o.s.d.r.c.RepositoryConfigurationDelegate - Finished Spring Data repository scanning in 25 ms. Found 4 JPA repository interfaces.
2026-03-16 19:44:24 [main] INFO  com.zaxxer.hikari.HikariDataSource - HikariPool-1 - Starting...
2026-03-16 19:44:24 [main] INFO  com.zaxxer.hikari.pool.HikariPool - HikariPool-1 - Added connection org.postgresql.jdbc.PgConnection@73b10975
2026-03-16 19:44:24 [main] INFO  com.zaxxer.hikari.HikariDataSource - HikariPool-1 - Start completed.
2026-03-16 19:44:24 [main] INFO  liquibase.database - Set default schema name to public
2026-03-16 19:44:24 [main] INFO  liquibase.changelog - Reading from public.databasechangelog
2026-03-16 19:44:24 [main] INFO  liquibase.ui - Database is up to date, no changesets to execute
2026-03-16 19:44:24 [main] INFO  liquibase.changelog - Reading from public.databasechangelog
2026-03-16 19:44:24 [main] INFO  liquibase.util - UPDATE SUMMARY
2026-03-16 19:44:24 [main] INFO  liquibase.util - Run:                          0
2026-03-16 19:44:24 [main] INFO  liquibase.util - Previously run:               8
2026-03-16 19:44:24 [main] INFO  liquibase.util - Filtered out:                 0
2026-03-16 19:44:24 [main] INFO  liquibase.util - -------------------------------
2026-03-16 19:44:24 [main] INFO  liquibase.util - Total change sets:            8
2026-03-16 19:44:24 [main] INFO  liquibase.util - Update summary generated
2026-03-16 19:44:24 [main] INFO  liquibase.command - Command execution complete
2026-03-16 19:44:25 [main] INFO  org.hibernate.orm.jpa - HHH008540: Processing PersistenceUnitInfo [name: default]
2026-03-16 19:44:25 [main] INFO  org.hibernate.orm.core - HHH000001: Hibernate ORM core version 7.2.1.Final
2026-03-16 19:44:25 [main] INFO  o.s.o.j.p.SpringPersistenceUnitInfo - No LoadTimeWeaver setup: ignoring JPA class transformer
2026-03-16 19:44:25 [main] INFO  o.hibernate.orm.connections.pooling - HHH10001005: Database info:
	Database JDBC URL [jdbc:postgresql://localhost:5432/bankcards]
	Database driver: PostgreSQL JDBC Driver
	Database dialect: PostgreSQLDialect
	Database version: 18.1
	Default catalog/schema: bankcards/public
	Autocommit mode: undefined/unknown
	Isolation level: READ_COMMITTED [default READ_COMMITTED]
	JDBC fetch size: none
	Pool: DataSourceConnectionProvider
	Minimum pool size: undefined/unknown
	Maximum pool size: undefined/unknown
2026-03-16 19:44:25 [main] INFO  org.hibernate.orm.core - HHH000489: No JTA platform available (set 'hibernate.transaction.jta.platform' to enable JTA platform integration)
2026-03-16 19:44:25 [main] DEBUG org.hibernate.SQL - set client_min_messages = WARNING
2026-03-16 19:44:26 [main] DEBUG org.hibernate.SQL - alter table if exists cards drop constraint if exists FKcmanafgwbibfijy2o5isfk3d5
2026-03-16 19:44:26 [main] DEBUG org.hibernate.SQL - alter table if exists tokens drop constraint if exists FK2dylsfo39lgjyqml2tbe0b0ss
2026-03-16 19:44:26 [main] DEBUG org.hibernate.SQL - alter table if exists transactions drop constraint if exists FKt3ofdu7lbh0np62gy109ik7g2
2026-03-16 19:44:26 [main] DEBUG org.hibernate.SQL - alter table if exists transactions drop constraint if exists FK8tq75g5byjdora9epdeke53ny
2026-03-16 19:44:26 [main] DEBUG org.hibernate.SQL - drop table if exists cards cascade
2026-03-16 19:44:26 [main] DEBUG org.hibernate.SQL - drop table if exists roles_old cascade
2026-03-16 19:44:26 [main] DEBUG org.hibernate.SQL - drop table if exists tokens cascade
2026-03-16 19:44:26 [main] DEBUG org.hibernate.SQL - drop table if exists transactions cascade
2026-03-16 19:44:26 [main] DEBUG org.hibernate.SQL - drop table if exists users cascade
2026-03-16 19:44:26 [main] DEBUG org.hibernate.SQL - create table cards (balance numeric(10,2), expiry_date date not null, id bigint generated by default as identity, user_id bigint not null, number varchar(255) not null unique, status varchar(255) not null check ((status in ('NEW_CARD','ACTIVE','BLOCK_REQUEST','BLOCKED','EXPIRED'))), primary key (id))
2026-03-16 19:44:26 [main] DEBUG org.hibernate.SQL - create table roles_old (id bigint generated by default as identity, name varchar(255) not null unique, primary key (id))
2026-03-16 19:44:26 [main] DEBUG org.hibernate.SQL - create table tokens (is_logged_out boolean, id bigint generated by default as identity, user_id bigint, access_token varchar(255), refresh_token varchar(255), primary key (id))
2026-03-16 19:44:26 [main] DEBUG org.hibernate.SQL - create table transactions (amount numeric(10,2) not null, id bigint generated by default as identity, receiver_card_id bigint not null, sender_card_id bigint not null, transaction_date timestamp(6) not null, description varchar(255), status varchar(255) not null check ((status in ('SUCCESSFUL','CANCELED','WAITING','ERROR'))), primary key (id))
2026-03-16 19:44:26 [main] DEBUG org.hibernate.SQL - create table users (created timestamp(6), id bigint generated by default as identity, updated timestamp(6), email varchar(255) not null unique, first_name varchar(255), last_name varchar(255), password_hash varchar(255) not null, role varchar(255) not null check ((role in ('ADMIN','USER','GUEST'))), username varchar(255) not null unique, primary key (id))
2026-03-16 19:44:26 [main] DEBUG org.hibernate.SQL - alter table if exists cards add constraint FKcmanafgwbibfijy2o5isfk3d5 foreign key (user_id) references users
2026-03-16 19:44:26 [main] DEBUG org.hibernate.SQL - alter table if exists tokens add constraint FK2dylsfo39lgjyqml2tbe0b0ss foreign key (user_id) references users
2026-03-16 19:44:26 [main] DEBUG org.hibernate.SQL - alter table if exists transactions add constraint FKt3ofdu7lbh0np62gy109ik7g2 foreign key (receiver_card_id) references cards
2026-03-16 19:44:26 [main] DEBUG org.hibernate.SQL - alter table if exists transactions add constraint FK8tq75g5byjdora9epdeke53ny foreign key (sender_card_id) references cards
2026-03-16 19:44:26 [main] INFO  o.s.o.j.LocalContainerEntityManagerFactoryBean - Initialized JPA EntityManagerFactory for persistence unit 'default'
2026-03-16 19:44:26 [main] INFO  o.s.d.j.r.q.QueryEnhancerFactories - Hibernate is in classpath; If applicable, HQL parser will be used.
2026-03-16 19:44:26 [main] INFO  o.s.s.c.a.a.c.InitializeUserDetailsBeanManagerConfigurer$InitializeUserDetailsManagerConfigurer - Global AuthenticationManager configured with UserDetailsService bean with name userService
2026-03-16 19:44:26 [main] DEBUG o.s.s.web.DefaultSecurityFilterChain - Will secure any request with filters: DisableEncodeUrlFilter, WebAsyncManagerIntegrationFilter, SecurityContextHolderFilter, HeaderWriterFilter, CorsFilter, LogoutFilter, JwtAuthenticationFilter, RequestCacheAwareFilter, SecurityContextHolderAwareRequestFilter, AnonymousAuthenticationFilter, SessionManagementFilter, ExceptionTranslationFilter, AuthorizationFilter
2026-03-16 19:44:26 [main] DEBUG o.s.w.s.m.m.a.RequestMappingHandlerMapping - 28 mappings in 'requestMappingHandlerMapping'
2026-03-16 19:44:26 [main] DEBUG o.s.w.s.h.SimpleUrlHandlerMapping - Patterns [/webjars/**, /**, /swagger-ui/**, /swagger-ui/*swagger-initializer.js, /webjars/*swagger-ui/**, /webjars/*swagger-ui/*swagger-initializer.js, /webjars/*swagger-ui/5.31.0/*swagger-initializer.js] in 'resourceHandlerMapping'
2026-03-16 19:44:26 [main] DEBUG o.s.w.s.m.m.a.RequestMappingHandlerAdapter - ControllerAdvice beans: 0 @ModelAttribute, 0 @InitBinder, 2 RequestBodyAdvice, 1 ResponseBodyAdvice
2026-03-16 19:44:26 [main] DEBUG o.s.w.s.m.m.a.ExceptionHandlerExceptionResolver - ControllerAdvice beans: 2 @ExceptionHandler, 1 ResponseBodyAdvice
2026-03-16 19:44:26 [main] INFO  c.e.b.service.AuthServiceTest - Started AuthServiceTest in 3.908 seconds (process running for 4.519)
2026-03-16 19:44:26 [main] WARN  o.s.c.events.SpringDocAppInitializer - SpringDoc /v3/api-docs endpoint is enabled by default. To disable it in production, set the property 'springdoc.api-docs.enabled=false'
2026-03-16 19:44:26 [main] WARN  o.s.c.events.SpringDocAppInitializer - SpringDoc /swagger-ui.html endpoint is enabled by default. To disable it in production, set the property 'springdoc.swagger-ui.enabled=false'
2026-03-16 19:44:26 [main] DEBUG org.hibernate.SQL - insert into users (created,email,first_name,last_name,password_hash,role,updated,username) values (?,?,?,?,?,?,?,?)
2026-03-16 19:44:26 [main] WARN  org.hibernate.orm.jdbc.error - HHH000247: ErrorCode: 0, SQLState: 23502
2026-03-16 19:44:26 [main] WARN  org.hibernate.orm.jdbc.error - ERROR: null value in column "password_hash" of relation "users" violates not-null constraint
  Подробности: Failing row contains (2026-03-16 19:44:26.968931, 1, 2026-03-16 19:44:26.968931, ivanpetrov@example.com, Иван, Петров, null, USER, Admin).
2026-03-16 19:44:26 [main] DEBUG org.hibernate.SQL - insert into users (created,email,first_name,last_name,password_hash,role,updated,username) values (?,?,?,?,?,?,?,?)
2026-03-16 19:44:26 [main] WARN  org.hibernate.orm.jdbc.error - HHH000247: ErrorCode: 0, SQLState: 23502
2026-03-16 19:44:26 [main] WARN  org.hibernate.orm.jdbc.error - ERROR: null value in column "password_hash" of relation "users" violates not-null constraint
  Подробности: Failing row contains (2026-03-16 19:44:26.99459, 2, 2026-03-16 19:44:26.99459, ivanpetrov@example.com, Иван, Петров, null, USER, Admin).
2026-03-16 19:44:27 [main] DEBUG org.hibernate.SQL - insert into users (created,email,first_name,last_name,password_hash,role,updated,username) values (?,?,?,?,?,?,?,?)
2026-03-16 19:44:27 [SpringApplicationShutdownHook] DEBUG o.s.w.c.s.GenericWebApplicationContext - Closing org.springframework.web.context.support.GenericWebApplicationContext@6ec7bce0, started on Mon Mar 16 19:44:23 GMT+05:00 2026
2026-03-16 19:44:27 [SpringApplicationShutdownHook] INFO  o.s.o.j.LocalContainerEntityManagerFactoryBean - Closing JPA EntityManagerFactory for persistence unit 'default'
2026-03-16 19:44:27 [SpringApplicationShutdownHook] INFO  com.zaxxer.hikari.HikariDataSource - HikariPool-1 - Shutdown initiated...
2026-03-16 19:44:27 [SpringApplicationShutdownHook] INFO  com.zaxxer.hikari.HikariDataSource - HikariPool-1 - Shutdown completed.
2026-03-16 19:48:51 [main] INFO  c.e.b.service.AuthServiceTest - Starting AuthServiceTest using Java 25.0.2 with PID 11832 (started by gorin47 in D:\Projects\Bank_REST\bank_rest)
2026-03-16 19:48:51 [main] DEBUG c.e.b.service.AuthServiceTest - Running with Spring Boot v4.0.2, Spring v7.0.3
2026-03-16 19:48:51 [main] INFO  c.e.b.service.AuthServiceTest - No active profile set, falling back to 1 default profile: "default"
2026-03-16 19:48:51 [main] DEBUG o.s.w.c.s.GenericWebApplicationContext - Refreshing org.springframework.web.context.support.GenericWebApplicationContext@158f4cfe
2026-03-16 19:48:51 [main] INFO  o.s.d.r.c.RepositoryConfigurationDelegate - Bootstrapping Spring Data JPA repositories in DEFAULT mode.
2026-03-16 19:48:51 [main] INFO  o.s.d.r.c.RepositoryConfigurationDelegate - Finished Spring Data repository scanning in 28 ms. Found 4 JPA repository interfaces.
2026-03-16 19:48:52 [main] INFO  com.zaxxer.hikari.HikariDataSource - HikariPool-1 - Starting...
2026-03-16 19:48:52 [main] INFO  com.zaxxer.hikari.pool.HikariPool - HikariPool-1 - Added connection org.postgresql.jdbc.PgConnection@18356951
2026-03-16 19:48:52 [main] INFO  com.zaxxer.hikari.HikariDataSource - HikariPool-1 - Start completed.
2026-03-16 19:48:52 [main] INFO  liquibase.database - Set default schema name to public
2026-03-16 19:48:53 [main] INFO  liquibase.changelog - Reading from public.databasechangelog
2026-03-16 19:48:53 [main] INFO  liquibase.ui - Database is up to date, no changesets to execute
2026-03-16 19:48:53 [main] INFO  liquibase.changelog - Reading from public.databasechangelog
2026-03-16 19:48:53 [main] INFO  liquibase.util - UPDATE SUMMARY
2026-03-16 19:48:53 [main] INFO  liquibase.util - Run:                          0
2026-03-16 19:48:53 [main] INFO  liquibase.util - Previously run:               8
2026-03-16 19:48:53 [main] INFO  liquibase.util - Filtered out:                 0
2026-03-16 19:48:53 [main] INFO  liquibase.util - -------------------------------
2026-03-16 19:48:53 [main] INFO  liquibase.util - Total change sets:            8
2026-03-16 19:48:53 [main] INFO  liquibase.util - Update summary generated
2026-03-16 19:48:53 [main] INFO  liquibase.command - Command execution complete
2026-03-16 19:48:53 [main] INFO  org.hibernate.orm.jpa - HHH008540: Processing PersistenceUnitInfo [name: default]
2026-03-16 19:48:53 [main] INFO  org.hibernate.orm.core - HHH000001: Hibernate ORM core version 7.2.1.Final
2026-03-16 19:48:54 [main] INFO  o.s.o.j.p.SpringPersistenceUnitInfo - No LoadTimeWeaver setup: ignoring JPA class transformer
2026-03-16 19:48:54 [main] INFO  o.hibernate.orm.connections.pooling - HHH10001005: Database info:
	Database JDBC URL [jdbc:postgresql://localhost:5432/bankcards]
	Database driver: PostgreSQL JDBC Driver
	Database dialect: PostgreSQLDialect
	Database version: 18.1
	Default catalog/schema: bankcards/public
	Autocommit mode: undefined/unknown
	Isolation level: READ_COMMITTED [default READ_COMMITTED]
	JDBC fetch size: none
	Pool: DataSourceConnectionProvider
	Minimum pool size: undefined/unknown
	Maximum pool size: undefined/unknown
2026-03-16 19:48:54 [main] INFO  org.hibernate.orm.core - HHH000489: No JTA platform available (set 'hibernate.transaction.jta.platform' to enable JTA platform integration)
2026-03-16 19:48:54 [main] DEBUG org.hibernate.SQL - set client_min_messages = WARNING
2026-03-16 19:48:54 [main] DEBUG org.hibernate.SQL - alter table if exists cards drop constraint if exists FKcmanafgwbibfijy2o5isfk3d5
2026-03-16 19:48:54 [main] DEBUG org.hibernate.SQL - alter table if exists tokens drop constraint if exists FK2dylsfo39lgjyqml2tbe0b0ss
2026-03-16 19:48:54 [main] DEBUG org.hibernate.SQL - alter table if exists transactions drop constraint if exists FKt3ofdu7lbh0np62gy109ik7g2
2026-03-16 19:48:54 [main] DEBUG org.hibernate.SQL - alter table if exists transactions drop constraint if exists FK8tq75g5byjdora9epdeke53ny
2026-03-16 19:48:54 [main] DEBUG org.hibernate.SQL - drop table if exists cards cascade
2026-03-16 19:48:54 [main] DEBUG org.hibernate.SQL - drop table if exists roles_old cascade
2026-03-16 19:48:54 [main] DEBUG org.hibernate.SQL - drop table if exists tokens cascade
2026-03-16 19:48:54 [main] DEBUG org.hibernate.SQL - drop table if exists transactions cascade
2026-03-16 19:48:54 [main] DEBUG org.hibernate.SQL - drop table if exists users cascade
2026-03-16 19:48:54 [main] DEBUG org.hibernate.SQL - create table cards (balance numeric(10,2), expiry_date date not null, id bigint generated by default as identity, user_id bigint not null, number varchar(255) not null unique, status varchar(255) not null check ((status in ('NEW_CARD','ACTIVE','BLOCK_REQUEST','BLOCKED','EXPIRED'))), primary key (id))
2026-03-16 19:48:54 [main] DEBUG org.hibernate.SQL - create table roles_old (id bigint generated by default as identity, name varchar(255) not null unique, primary key (id))
2026-03-16 19:48:54 [main] DEBUG org.hibernate.SQL - create table tokens (is_logged_out boolean, id bigint generated by default as identity, user_id bigint, access_token varchar(255), refresh_token varchar(255), primary key (id))
2026-03-16 19:48:54 [main] DEBUG org.hibernate.SQL - create table transactions (amount numeric(10,2) not null, id bigint generated by default as identity, receiver_card_id bigint not null, sender_card_id bigint not null, transaction_date timestamp(6) not null, description varchar(255), status varchar(255) not null check ((status in ('SUCCESSFUL','CANCELED','WAITING','ERROR'))), primary key (id))
2026-03-16 19:48:54 [main] DEBUG org.hibernate.SQL - create table users (created timestamp(6), id bigint generated by default as identity, updated timestamp(6), email varchar(255) not null unique, first_name varchar(255), last_name varchar(255), password_hash varchar(255) not null, role varchar(255) not null check ((role in ('ADMIN','USER','GUEST'))), username varchar(255) not null unique, primary key (id))
2026-03-16 19:48:54 [main] DEBUG org.hibernate.SQL - alter table if exists cards add constraint FKcmanafgwbibfijy2o5isfk3d5 foreign key (user_id) references users
2026-03-16 19:48:54 [main] DEBUG org.hibernate.SQL - alter table if exists tokens add constraint FK2dylsfo39lgjyqml2tbe0b0ss foreign key (user_id) references users
2026-03-16 19:48:54 [main] DEBUG org.hibernate.SQL - alter table if exists transactions add constraint FKt3ofdu7lbh0np62gy109ik7g2 foreign key (receiver_card_id) references cards
2026-03-16 19:48:54 [main] DEBUG org.hibernate.SQL - alter table if exists transactions add constraint FK8tq75g5byjdora9epdeke53ny foreign key (sender_card_id) references cards
2026-03-16 19:48:54 [main] INFO  o.s.o.j.LocalContainerEntityManagerFactoryBean - Initialized JPA EntityManagerFactory for persistence unit 'default'
2026-03-16 19:48:54 [main] INFO  o.s.d.j.r.q.QueryEnhancerFactories - Hibernate is in classpath; If applicable, HQL parser will be used.
2026-03-16 19:48:54 [main] INFO  o.s.s.c.a.a.c.InitializeUserDetailsBeanManagerConfigurer$InitializeUserDetailsManagerConfigurer - Global AuthenticationManager configured with UserDetailsService bean with name userService
2026-03-16 19:48:55 [main] DEBUG o.s.s.web.DefaultSecurityFilterChain - Will secure any request with filters: DisableEncodeUrlFilter, WebAsyncManagerIntegrationFilter, SecurityContextHolderFilter, HeaderWriterFilter, CorsFilter, LogoutFilter, JwtAuthenticationFilter, RequestCacheAwareFilter, SecurityContextHolderAwareRequestFilter, AnonymousAuthenticationFilter, SessionManagementFilter, ExceptionTranslationFilter, AuthorizationFilter
2026-03-16 19:48:55 [main] DEBUG o.s.w.s.m.m.a.RequestMappingHandlerMapping - 28 mappings in 'requestMappingHandlerMapping'
2026-03-16 19:48:55 [main] DEBUG o.s.w.s.h.SimpleUrlHandlerMapping - Patterns [/webjars/**, /**, /swagger-ui/**, /swagger-ui/*swagger-initializer.js, /webjars/*swagger-ui/**, /webjars/*swagger-ui/*swagger-initializer.js, /webjars/*swagger-ui/5.31.0/*swagger-initializer.js] in 'resourceHandlerMapping'
2026-03-16 19:48:55 [main] DEBUG o.s.w.s.m.m.a.RequestMappingHandlerAdapter - ControllerAdvice beans: 0 @ModelAttribute, 0 @InitBinder, 2 RequestBodyAdvice, 1 ResponseBodyAdvice
2026-03-16 19:48:55 [main] DEBUG o.s.w.s.m.m.a.ExceptionHandlerExceptionResolver - ControllerAdvice beans: 2 @ExceptionHandler, 1 ResponseBodyAdvice
2026-03-16 19:48:55 [main] INFO  c.e.b.service.AuthServiceTest - Started AuthServiceTest in 4.093 seconds (process running for 4.698)
2026-03-16 19:48:55 [main] WARN  o.s.c.events.SpringDocAppInitializer - SpringDoc /v3/api-docs endpoint is enabled by default. To disable it in production, set the property 'springdoc.api-docs.enabled=false'
2026-03-16 19:48:55 [main] WARN  o.s.c.events.SpringDocAppInitializer - SpringDoc /swagger-ui.html endpoint is enabled by default. To disable it in production, set the property 'springdoc.swagger-ui.enabled=false'
2026-03-16 19:48:55 [SpringApplicationShutdownHook] DEBUG o.s.w.c.s.GenericWebApplicationContext - Closing org.springframework.web.context.support.GenericWebApplicationContext@158f4cfe, started on Mon Mar 16 19:48:51 GMT+05:00 2026
2026-03-16 19:48:55 [SpringApplicationShutdownHook] INFO  o.s.o.j.LocalContainerEntityManagerFactoryBean - Closing JPA EntityManagerFactory for persistence unit 'default'
2026-03-16 19:48:55 [SpringApplicationShutdownHook] INFO  com.zaxxer.hikari.HikariDataSource - HikariPool-1 - Shutdown initiated...
2026-03-16 19:48:55 [SpringApplicationShutdownHook] INFO  com.zaxxer.hikari.HikariDataSource - HikariPool-1 - Shutdown completed.
2026-03-16 19:49:18 [main] INFO  c.e.b.service.AuthServiceTest - Starting AuthServiceTest using Java 25.0.2 with PID 9996 (started by gorin47 in D:\Projects\Bank_REST\bank_rest)
2026-03-16 19:49:18 [main] DEBUG c.e.b.service.AuthServiceTest - Running with Spring Boot v4.0.2, Spring v7.0.3
2026-03-16 19:49:18 [main] INFO  c.e.b.service.AuthServiceTest - No active profile set, falling back to 1 default profile: "default"
2026-03-16 19:49:18 [main] DEBUG o.s.w.c.s.GenericWebApplicationContext - Refreshing org.springframework.web.context.support.GenericWebApplicationContext@6c6333cd
2026-03-16 19:49:19 [main] INFO  o.s.d.r.c.RepositoryConfigurationDelegate - Bootstrapping Spring Data JPA repositories in DEFAULT mode.
2026-03-16 19:49:19 [main] INFO  o.s.d.r.c.RepositoryConfigurationDelegate - Finished Spring Data repository scanning in 25 ms. Found 4 JPA repository interfaces.
2026-03-16 19:49:19 [main] INFO  com.zaxxer.hikari.HikariDataSource - HikariPool-1 - Starting...
2026-03-16 19:49:19 [main] INFO  com.zaxxer.hikari.pool.HikariPool - HikariPool-1 - Added connection org.postgresql.jdbc.PgConnection@61c3d7ac
2026-03-16 19:49:19 [main] INFO  com.zaxxer.hikari.HikariDataSource - HikariPool-1 - Start completed.
2026-03-16 19:49:20 [main] INFO  liquibase.database - Set default schema name to public
2026-03-16 19:49:20 [main] INFO  liquibase.changelog - Reading from public.databasechangelog
2026-03-16 19:49:20 [main] INFO  liquibase.ui - Database is up to date, no changesets to execute
2026-03-16 19:49:20 [main] INFO  liquibase.changelog - Reading from public.databasechangelog
2026-03-16 19:49:20 [main] INFO  liquibase.util - UPDATE SUMMARY
2026-03-16 19:49:20 [main] INFO  liquibase.util - Run:                          0
2026-03-16 19:49:20 [main] INFO  liquibase.util - Previously run:               8
2026-03-16 19:49:20 [main] INFO  liquibase.util - Filtered out:                 0
2026-03-16 19:49:20 [main] INFO  liquibase.util - -------------------------------
2026-03-16 19:49:20 [main] INFO  liquibase.util - Total change sets:            8
2026-03-16 19:49:20 [main] INFO  liquibase.util - Update summary generated
2026-03-16 19:49:20 [main] INFO  liquibase.command - Command execution complete
2026-03-16 19:49:20 [main] INFO  org.hibernate.orm.jpa - HHH008540: Processing PersistenceUnitInfo [name: default]
2026-03-16 19:49:20 [main] INFO  org.hibernate.orm.core - HHH000001: Hibernate ORM core version 7.2.1.Final
2026-03-16 19:49:20 [main] INFO  o.s.o.j.p.SpringPersistenceUnitInfo - No LoadTimeWeaver setup: ignoring JPA class transformer
2026-03-16 19:49:21 [main] INFO  o.hibernate.orm.connections.pooling - HHH10001005: Database info:
	Database JDBC URL [jdbc:postgresql://localhost:5432/bankcards]
	Database driver: PostgreSQL JDBC Driver
	Database dialect: PostgreSQLDialect
	Database version: 18.1
	Default catalog/schema: bankcards/public
	Autocommit mode: undefined/unknown
	Isolation level: READ_COMMITTED [default READ_COMMITTED]
	JDBC fetch size: none
	Pool: DataSourceConnectionProvider
	Minimum pool size: undefined/unknown
	Maximum pool size: undefined/unknown
2026-03-16 19:49:21 [main] INFO  org.hibernate.orm.core - HHH000489: No JTA platform available (set 'hibernate.transaction.jta.platform' to enable JTA platform integration)
2026-03-16 19:49:21 [main] DEBUG org.hibernate.SQL - set client_min_messages = WARNING
2026-03-16 19:49:21 [main] DEBUG org.hibernate.SQL - alter table if exists cards drop constraint if exists FKcmanafgwbibfijy2o5isfk3d5
2026-03-16 19:49:21 [main] DEBUG org.hibernate.SQL - alter table if exists tokens drop constraint if exists FK2dylsfo39lgjyqml2tbe0b0ss
2026-03-16 19:49:21 [main] DEBUG org.hibernate.SQL - alter table if exists transactions drop constraint if exists FKt3ofdu7lbh0np62gy109ik7g2
2026-03-16 19:49:21 [main] DEBUG org.hibernate.SQL - alter table if exists transactions drop constraint if exists FK8tq75g5byjdora9epdeke53ny
2026-03-16 19:49:21 [main] DEBUG org.hibernate.SQL - drop table if exists cards cascade
2026-03-16 19:49:21 [main] DEBUG org.hibernate.SQL - drop table if exists roles_old cascade
2026-03-16 19:49:21 [main] DEBUG org.hibernate.SQL - drop table if exists tokens cascade
2026-03-16 19:49:21 [main] DEBUG org.hibernate.SQL - drop table if exists transactions cascade
2026-03-16 19:49:21 [main] DEBUG org.hibernate.SQL - drop table if exists users cascade
2026-03-16 19:49:21 [main] DEBUG org.hibernate.SQL - create table cards (balance numeric(10,2), expiry_date date not null, id bigint generated by default as identity, user_id bigint not null, number varchar(255) not null unique, status varchar(255) not null check ((status in ('NEW_CARD','ACTIVE','BLOCK_REQUEST','BLOCKED','EXPIRED'))), primary key (id))
2026-03-16 19:49:21 [main] DEBUG org.hibernate.SQL - create table roles_old (id bigint generated by default as identity, name varchar(255) not null unique, primary key (id))
2026-03-16 19:49:21 [main] DEBUG org.hibernate.SQL - create table tokens (is_logged_out boolean, id bigint generated by default as identity, user_id bigint, access_token varchar(255), refresh_token varchar(255), primary key (id))
2026-03-16 19:49:21 [main] DEBUG org.hibernate.SQL - create table transactions (amount numeric(10,2) not null, id bigint generated by default as identity, receiver_card_id bigint not null, sender_card_id bigint not null, transaction_date timestamp(6) not null, description varchar(255), status varchar(255) not null check ((status in ('SUCCESSFUL','CANCELED','WAITING','ERROR'))), primary key (id))
2026-03-16 19:49:21 [main] DEBUG org.hibernate.SQL - create table users (created timestamp(6), id bigint generated by default as identity, updated timestamp(6), email varchar(255) not null unique, first_name varchar(255), last_name varchar(255), password_hash varchar(255) not null, role varchar(255) not null check ((role in ('ADMIN','USER','GUEST'))), username varchar(255) not null unique, primary key (id))
2026-03-16 19:49:21 [main] DEBUG org.hibernate.SQL - alter table if exists cards add constraint FKcmanafgwbibfijy2o5isfk3d5 foreign key (user_id) references users
2026-03-16 19:49:21 [main] DEBUG org.hibernate.SQL - alter table if exists tokens add constraint FK2dylsfo39lgjyqml2tbe0b0ss foreign key (user_id) references users
2026-03-16 19:49:21 [main] DEBUG org.hibernate.SQL - alter table if exists transactions add constraint FKt3ofdu7lbh0np62gy109ik7g2 foreign key (receiver_card_id) references cards
2026-03-16 19:49:21 [main] DEBUG org.hibernate.SQL - alter table if exists transactions add constraint FK8tq75g5byjdora9epdeke53ny foreign key (sender_card_id) references cards
2026-03-16 19:49:21 [main] INFO  o.s.o.j.LocalContainerEntityManagerFactoryBean - Initialized JPA EntityManagerFactory for persistence unit 'default'
2026-03-16 19:49:21 [main] INFO  o.s.d.j.r.q.QueryEnhancerFactories - Hibernate is in classpath; If applicable, HQL parser will be used.
2026-03-16 19:49:22 [main] INFO  o.s.s.c.a.a.c.InitializeUserDetailsBeanManagerConfigurer$InitializeUserDetailsManagerConfigurer - Global AuthenticationManager configured with UserDetailsService bean with name userService
2026-03-16 19:49:22 [main] DEBUG o.s.s.web.DefaultSecurityFilterChain - Will secure any request with filters: DisableEncodeUrlFilter, WebAsyncManagerIntegrationFilter, SecurityContextHolderFilter, HeaderWriterFilter, CorsFilter, LogoutFilter, JwtAuthenticationFilter, RequestCacheAwareFilter, SecurityContextHolderAwareRequestFilter, AnonymousAuthenticationFilter, SessionManagementFilter, ExceptionTranslationFilter, AuthorizationFilter
2026-03-16 19:49:22 [main] DEBUG o.s.w.s.m.m.a.RequestMappingHandlerMapping - 28 mappings in 'requestMappingHandlerMapping'
2026-03-16 19:49:22 [main] DEBUG o.s.w.s.h.SimpleUrlHandlerMapping - Patterns [/webjars/**, /**, /swagger-ui/**, /swagger-ui/*swagger-initializer.js, /webjars/*swagger-ui/**, /webjars/*swagger-ui/*swagger-initializer.js, /webjars/*swagger-ui/5.31.0/*swagger-initializer.js] in 'resourceHandlerMapping'
2026-03-16 19:49:22 [main] DEBUG o.s.w.s.m.m.a.RequestMappingHandlerAdapter - ControllerAdvice beans: 0 @ModelAttribute, 0 @InitBinder, 2 RequestBodyAdvice, 1 ResponseBodyAdvice
2026-03-16 19:49:22 [main] DEBUG o.s.w.s.m.m.a.ExceptionHandlerExceptionResolver - ControllerAdvice beans: 2 @ExceptionHandler, 1 ResponseBodyAdvice
2026-03-16 19:49:22 [main] INFO  c.e.b.service.AuthServiceTest - Started AuthServiceTest in 3.717 seconds (process running for 4.331)
2026-03-16 19:49:22 [main] WARN  o.s.c.events.SpringDocAppInitializer - SpringDoc /v3/api-docs endpoint is enabled by default. To disable it in production, set the property 'springdoc.api-docs.enabled=false'
2026-03-16 19:49:22 [main] WARN  o.s.c.events.SpringDocAppInitializer - SpringDoc /swagger-ui.html endpoint is enabled by default. To disable it in production, set the property 'springdoc.swagger-ui.enabled=false'
2026-03-16 19:49:22 [SpringApplicationShutdownHook] DEBUG o.s.w.c.s.GenericWebApplicationContext - Closing org.springframework.web.context.support.GenericWebApplicationContext@6c6333cd, started on Mon Mar 16 19:49:18 GMT+05:00 2026
2026-03-16 19:49:22 [SpringApplicationShutdownHook] INFO  o.s.o.j.LocalContainerEntityManagerFactoryBean - Closing JPA EntityManagerFactory for persistence unit 'default'
2026-03-16 19:49:22 [SpringApplicationShutdownHook] INFO  com.zaxxer.hikari.HikariDataSource - HikariPool-1 - Shutdown initiated...
2026-03-16 19:49:22 [SpringApplicationShutdownHook] INFO  com.zaxxer.hikari.HikariDataSource - HikariPool-1 - Shutdown completed.
2026-03-16 19:50:29 [main] INFO  c.e.b.service.AuthServiceTest - Starting AuthServiceTest using Java 25.0.2 with PID 12928 (started by gorin47 in D:\Projects\Bank_REST\bank_rest)
2026-03-16 19:50:29 [main] DEBUG c.e.b.service.AuthServiceTest - Running with Spring Boot v4.0.2, Spring v7.0.3
2026-03-16 19:50:29 [main] INFO  c.e.b.service.AuthServiceTest - No active profile set, falling back to 1 default profile: "default"
2026-03-16 19:50:29 [main] DEBUG o.s.w.c.s.GenericWebApplicationContext - Refreshing org.springframework.web.context.support.GenericWebApplicationContext@2620e717
2026-03-16 19:50:30 [main] INFO  o.s.d.r.c.RepositoryConfigurationDelegate - Bootstrapping Spring Data JPA repositories in DEFAULT mode.
2026-03-16 19:50:30 [main] INFO  o.s.d.r.c.RepositoryConfigurationDelegate - Finished Spring Data repository scanning in 28 ms. Found 4 JPA repository interfaces.
2026-03-16 19:50:30 [main] INFO  com.zaxxer.hikari.HikariDataSource - HikariPool-1 - Starting...
2026-03-16 19:50:31 [main] INFO  com.zaxxer.hikari.pool.HikariPool - HikariPool-1 - Added connection org.postgresql.jdbc.PgConnection@3bd79444
2026-03-16 19:50:31 [main] INFO  com.zaxxer.hikari.HikariDataSource - HikariPool-1 - Start completed.
2026-03-16 19:50:31 [main] INFO  liquibase.database - Set default schema name to public
2026-03-16 19:50:31 [main] INFO  liquibase.changelog - Reading from public.databasechangelog
2026-03-16 19:50:31 [main] INFO  liquibase.ui - Database is up to date, no changesets to execute
2026-03-16 19:50:31 [main] INFO  liquibase.changelog - Reading from public.databasechangelog
2026-03-16 19:50:31 [main] INFO  liquibase.util - UPDATE SUMMARY
2026-03-16 19:50:31 [main] INFO  liquibase.util - Run:                          0
2026-03-16 19:50:31 [main] INFO  liquibase.util - Previously run:               8
2026-03-16 19:50:31 [main] INFO  liquibase.util - Filtered out:                 0
2026-03-16 19:50:31 [main] INFO  liquibase.util - -------------------------------
2026-03-16 19:50:31 [main] INFO  liquibase.util - Total change sets:            8
2026-03-16 19:50:31 [main] INFO  liquibase.util - Update summary generated
2026-03-16 19:50:31 [main] INFO  liquibase.command - Command execution complete
2026-03-16 19:50:32 [main] INFO  org.hibernate.orm.jpa - HHH008540: Processing PersistenceUnitInfo [name: default]
2026-03-16 19:50:32 [main] INFO  org.hibernate.orm.core - HHH000001: Hibernate ORM core version 7.2.1.Final
2026-03-16 19:50:32 [main] INFO  o.s.o.j.p.SpringPersistenceUnitInfo - No LoadTimeWeaver setup: ignoring JPA class transformer
2026-03-16 19:50:32 [main] INFO  o.hibernate.orm.connections.pooling - HHH10001005: Database info:
	Database JDBC URL [jdbc:postgresql://localhost:5432/bankcards]
	Database driver: PostgreSQL JDBC Driver
	Database dialect: PostgreSQLDialect
	Database version: 18.1
	Default catalog/schema: bankcards/public
	Autocommit mode: undefined/unknown
	Isolation level: READ_COMMITTED [default READ_COMMITTED]
	JDBC fetch size: none
	Pool: DataSourceConnectionProvider
	Minimum pool size: undefined/unknown
	Maximum pool size: undefined/unknown
2026-03-16 19:50:32 [main] INFO  org.hibernate.orm.core - HHH000489: No JTA platform available (set 'hibernate.transaction.jta.platform' to enable JTA platform integration)
2026-03-16 19:50:32 [main] DEBUG org.hibernate.SQL - set client_min_messages = WARNING
2026-03-16 19:50:32 [main] DEBUG org.hibernate.SQL - alter table if exists cards drop constraint if exists FKcmanafgwbibfijy2o5isfk3d5
2026-03-16 19:50:32 [main] DEBUG org.hibernate.SQL - alter table if exists tokens drop constraint if exists FK2dylsfo39lgjyqml2tbe0b0ss
2026-03-16 19:50:32 [main] DEBUG org.hibernate.SQL - alter table if exists transactions drop constraint if exists FKt3ofdu7lbh0np62gy109ik7g2
2026-03-16 19:50:32 [main] DEBUG org.hibernate.SQL - alter table if exists transactions drop constraint if exists FK8tq75g5byjdora9epdeke53ny
2026-03-16 19:50:32 [main] DEBUG org.hibernate.SQL - drop table if exists cards cascade
2026-03-16 19:50:32 [main] DEBUG org.hibernate.SQL - drop table if exists roles_old cascade
2026-03-16 19:50:32 [main] DEBUG org.hibernate.SQL - drop table if exists tokens cascade
2026-03-16 19:50:32 [main] DEBUG org.hibernate.SQL - drop table if exists transactions cascade
2026-03-16 19:50:32 [main] DEBUG org.hibernate.SQL - drop table if exists users cascade
2026-03-16 19:50:32 [main] DEBUG org.hibernate.SQL - create table cards (balance numeric(10,2), expiry_date date not null, id bigint generated by default as identity, user_id bigint not null, number varchar(255) not null unique, status varchar(255) not null check ((status in ('NEW_CARD','ACTIVE','BLOCK_REQUEST','BLOCKED','EXPIRED'))), primary key (id))
2026-03-16 19:50:32 [main] DEBUG org.hibernate.SQL - create table roles_old (id bigint generated by default as identity, name varchar(255) not null unique, primary key (id))
2026-03-16 19:50:32 [main] DEBUG org.hibernate.SQL - create table tokens (is_logged_out boolean, id bigint generated by default as identity, user_id bigint, access_token varchar(255), refresh_token varchar(255), primary key (id))
2026-03-16 19:50:32 [main] DEBUG org.hibernate.SQL - create table transactions (amount numeric(10,2) not null, id bigint generated by default as identity, receiver_card_id bigint not null, sender_card_id bigint not null, transaction_date timestamp(6) not null, description varchar(255), status varchar(255) not null check ((status in ('SUCCESSFUL','CANCELED','WAITING','ERROR'))), primary key (id))
2026-03-16 19:50:32 [main] DEBUG org.hibernate.SQL - create table users (created timestamp(6), id bigint generated by default as identity, updated timestamp(6), email varchar(255) not null unique, first_name varchar(255), last_name varchar(255), password_hash varchar(255) not null, role varchar(255) not null check ((role in ('ADMIN','USER','GUEST'))), username varchar(255) not null unique, primary key (id))
2026-03-16 19:50:32 [main] DEBUG org.hibernate.SQL - alter table if exists cards add constraint FKcmanafgwbibfijy2o5isfk3d5 foreign key (user_id) references users
2026-03-16 19:50:32 [main] DEBUG org.hibernate.SQL - alter table if exists tokens add constraint FK2dylsfo39lgjyqml2tbe0b0ss foreign key (user_id) references users
2026-03-16 19:50:32 [main] DEBUG org.hibernate.SQL - alter table if exists transactions add constraint FKt3ofdu7lbh0np62gy109ik7g2 foreign key (receiver_card_id) references cards
2026-03-16 19:50:32 [main] DEBUG org.hibernate.SQL - alter table if exists transactions add constraint FK8tq75g5byjdora9epdeke53ny foreign key (sender_card_id) references cards
2026-03-16 19:50:32 [main] INFO  o.s.o.j.LocalContainerEntityManagerFactoryBean - Initialized JPA EntityManagerFactory for persistence unit 'default'
2026-03-16 19:50:32 [main] INFO  o.s.d.j.r.q.QueryEnhancerFactories - Hibernate is in classpath; If applicable, HQL parser will be used.
2026-03-16 19:50:33 [main] INFO  o.s.s.c.a.a.c.InitializeUserDetailsBeanManagerConfigurer$InitializeUserDetailsManagerConfigurer - Global AuthenticationManager configured with UserDetailsService bean with name userService
2026-03-16 19:50:33 [main] DEBUG o.s.s.web.DefaultSecurityFilterChain - Will secure any request with filters: DisableEncodeUrlFilter, WebAsyncManagerIntegrationFilter, SecurityContextHolderFilter, HeaderWriterFilter, CorsFilter, LogoutFilter, JwtAuthenticationFilter, RequestCacheAwareFilter, SecurityContextHolderAwareRequestFilter, AnonymousAuthenticationFilter, SessionManagementFilter, ExceptionTranslationFilter, AuthorizationFilter
2026-03-16 19:50:33 [main] DEBUG o.s.w.s.m.m.a.RequestMappingHandlerMapping - 28 mappings in 'requestMappingHandlerMapping'
2026-03-16 19:50:33 [main] DEBUG o.s.w.s.h.SimpleUrlHandlerMapping - Patterns [/webjars/**, /**, /swagger-ui/**, /swagger-ui/*swagger-initializer.js, /webjars/*swagger-ui/**, /webjars/*swagger-ui/*swagger-initializer.js, /webjars/*swagger-ui/5.31.0/*swagger-initializer.js] in 'resourceHandlerMapping'
2026-03-16 19:50:33 [main] DEBUG o.s.w.s.m.m.a.RequestMappingHandlerAdapter - ControllerAdvice beans: 0 @ModelAttribute, 0 @InitBinder, 2 RequestBodyAdvice, 1 ResponseBodyAdvice
2026-03-16 19:50:33 [main] DEBUG o.s.w.s.m.m.a.ExceptionHandlerExceptionResolver - ControllerAdvice beans: 2 @ExceptionHandler, 1 ResponseBodyAdvice
2026-03-16 19:50:33 [main] INFO  c.e.b.service.AuthServiceTest - Started AuthServiceTest in 4.091 seconds (process running for 4.699)
2026-03-16 19:50:33 [main] WARN  o.s.c.events.SpringDocAppInitializer - SpringDoc /v3/api-docs endpoint is enabled by default. To disable it in production, set the property 'springdoc.api-docs.enabled=false'
2026-03-16 19:50:33 [main] WARN  o.s.c.events.SpringDocAppInitializer - SpringDoc /swagger-ui.html endpoint is enabled by default. To disable it in production, set the property 'springdoc.swagger-ui.enabled=false'
2026-03-16 19:50:33 [SpringApplicationShutdownHook] DEBUG o.s.w.c.s.GenericWebApplicationContext - Closing org.springframework.web.context.support.GenericWebApplicationContext@2620e717, started on Mon Mar 16 19:50:29 GMT+05:00 2026
2026-03-16 19:50:33 [SpringApplicationShutdownHook] INFO  o.s.o.j.LocalContainerEntityManagerFactoryBean - Closing JPA EntityManagerFactory for persistence unit 'default'
2026-03-16 19:50:33 [SpringApplicationShutdownHook] INFO  com.zaxxer.hikari.HikariDataSource - HikariPool-1 - Shutdown initiated...
2026-03-16 19:50:33 [SpringApplicationShutdownHook] INFO  com.zaxxer.hikari.HikariDataSource - HikariPool-1 - Shutdown completed.
2026-03-16 19:52:40 [main] INFO  c.e.b.service.AuthServiceTest - Starting AuthServiceTest using Java 25.0.2 with PID 6668 (started by gorin47 in D:\Projects\Bank_REST\bank_rest)
2026-03-16 19:52:40 [main] DEBUG c.e.b.service.AuthServiceTest - Running with Spring Boot v4.0.2, Spring v7.0.3
2026-03-16 19:52:40 [main] INFO  c.e.b.service.AuthServiceTest - No active profile set, falling back to 1 default profile: "default"
2026-03-16 19:52:40 [main] DEBUG o.s.w.c.s.GenericWebApplicationContext - Refreshing org.springframework.web.context.support.GenericWebApplicationContext@1c9e07c6
2026-03-16 19:52:40 [main] INFO  o.s.d.r.c.RepositoryConfigurationDelegate - Bootstrapping Spring Data JPA repositories in DEFAULT mode.
2026-03-16 19:52:40 [main] INFO  o.s.d.r.c.RepositoryConfigurationDelegate - Finished Spring Data repository scanning in 25 ms. Found 4 JPA repository interfaces.
2026-03-16 19:52:41 [main] INFO  com.zaxxer.hikari.HikariDataSource - HikariPool-1 - Starting...
2026-03-16 19:52:41 [main] INFO  com.zaxxer.hikari.pool.HikariPool - HikariPool-1 - Added connection org.postgresql.jdbc.PgConnection@23e297d9
2026-03-16 19:52:41 [main] INFO  com.zaxxer.hikari.HikariDataSource - HikariPool-1 - Start completed.
2026-03-16 19:52:41 [main] INFO  liquibase.database - Set default schema name to public
2026-03-16 19:52:41 [main] INFO  liquibase.changelog - Reading from public.databasechangelog
2026-03-16 19:52:41 [main] INFO  liquibase.ui - Database is up to date, no changesets to execute
2026-03-16 19:52:41 [main] INFO  liquibase.changelog - Reading from public.databasechangelog
2026-03-16 19:52:41 [main] INFO  liquibase.util - UPDATE SUMMARY
2026-03-16 19:52:41 [main] INFO  liquibase.util - Run:                          0
2026-03-16 19:52:41 [main] INFO  liquibase.util - Previously run:               8
2026-03-16 19:52:41 [main] INFO  liquibase.util - Filtered out:                 0
2026-03-16 19:52:41 [main] INFO  liquibase.util - -------------------------------
2026-03-16 19:52:41 [main] INFO  liquibase.util - Total change sets:            8
2026-03-16 19:52:41 [main] INFO  liquibase.util - Update summary generated
2026-03-16 19:52:41 [main] INFO  liquibase.command - Command execution complete
2026-03-16 19:52:42 [main] INFO  org.hibernate.orm.jpa - HHH008540: Processing PersistenceUnitInfo [name: default]
2026-03-16 19:52:42 [main] INFO  org.hibernate.orm.core - HHH000001: Hibernate ORM core version 7.2.1.Final
2026-03-16 19:52:42 [main] INFO  o.s.o.j.p.SpringPersistenceUnitInfo - No LoadTimeWeaver setup: ignoring JPA class transformer
2026-03-16 19:52:42 [main] INFO  o.hibernate.orm.connections.pooling - HHH10001005: Database info:
	Database JDBC URL [jdbc:postgresql://localhost:5432/bankcards]
	Database driver: PostgreSQL JDBC Driver
	Database dialect: PostgreSQLDialect
	Database version: 18.1
	Default catalog/schema: bankcards/public
	Autocommit mode: undefined/unknown
	Isolation level: READ_COMMITTED [default READ_COMMITTED]
	JDBC fetch size: none
	Pool: DataSourceConnectionProvider
	Minimum pool size: undefined/unknown
	Maximum pool size: undefined/unknown
2026-03-16 19:52:43 [main] INFO  org.hibernate.orm.core - HHH000489: No JTA platform available (set 'hibernate.transaction.jta.platform' to enable JTA platform integration)
2026-03-16 19:52:43 [main] DEBUG org.hibernate.SQL - set client_min_messages = WARNING
2026-03-16 19:52:43 [main] DEBUG org.hibernate.SQL - alter table if exists cards drop constraint if exists FKcmanafgwbibfijy2o5isfk3d5
2026-03-16 19:52:43 [main] DEBUG org.hibernate.SQL - alter table if exists tokens drop constraint if exists FK2dylsfo39lgjyqml2tbe0b0ss
2026-03-16 19:52:43 [main] DEBUG org.hibernate.SQL - alter table if exists transactions drop constraint if exists FKt3ofdu7lbh0np62gy109ik7g2
2026-03-16 19:52:43 [main] DEBUG org.hibernate.SQL - alter table if exists transactions drop constraint if exists FK8tq75g5byjdora9epdeke53ny
2026-03-16 19:52:43 [main] DEBUG org.hibernate.SQL - drop table if exists cards cascade
2026-03-16 19:52:43 [main] DEBUG org.hibernate.SQL - drop table if exists roles_old cascade
2026-03-16 19:52:43 [main] DEBUG org.hibernate.SQL - drop table if exists tokens cascade
2026-03-16 19:52:43 [main] DEBUG org.hibernate.SQL - drop table if exists transactions cascade
2026-03-16 19:52:43 [main] DEBUG org.hibernate.SQL - drop table if exists users cascade
2026-03-16 19:52:43 [main] DEBUG org.hibernate.SQL - create table cards (balance numeric(10,2), expiry_date date not null, id bigint generated by default as identity, user_id bigint not null, number varchar(255) not null unique, status varchar(255) not null check ((status in ('NEW_CARD','ACTIVE','BLOCK_REQUEST','BLOCKED','EXPIRED'))), primary key (id))
2026-03-16 19:52:43 [main] DEBUG org.hibernate.SQL - create table roles_old (id bigint generated by default as identity, name varchar(255) not null unique, primary key (id))
2026-03-16 19:52:43 [main] DEBUG org.hibernate.SQL - create table tokens (is_logged_out boolean, id bigint generated by default as identity, user_id bigint, access_token varchar(255), refresh_token varchar(255), primary key (id))
2026-03-16 19:52:43 [main] DEBUG org.hibernate.SQL - create table transactions (amount numeric(10,2) not null, id bigint generated by default as identity, receiver_card_id bigint not null, sender_card_id bigint not null, transaction_date timestamp(6) not null, description varchar(255), status varchar(255) not null check ((status in ('SUCCESSFUL','CANCELED','WAITING','ERROR'))), primary key (id))
2026-03-16 19:52:43 [main] DEBUG org.hibernate.SQL - create table users (created timestamp(6), id bigint generated by default as identity, updated timestamp(6), email varchar(255) not null unique, first_name varchar(255), last_name varchar(255), password_hash varchar(255) not null, role varchar(255) not null check ((role in ('ADMIN','USER','GUEST'))), username varchar(255) not null unique, primary key (id))
2026-03-16 19:52:43 [main] DEBUG org.hibernate.SQL - alter table if exists cards add constraint FKcmanafgwbibfijy2o5isfk3d5 foreign key (user_id) references users
2026-03-16 19:52:43 [main] DEBUG org.hibernate.SQL - alter table if exists tokens add constraint FK2dylsfo39lgjyqml2tbe0b0ss foreign key (user_id) references users
2026-03-16 19:52:43 [main] DEBUG org.hibernate.SQL - alter table if exists transactions add constraint FKt3ofdu7lbh0np62gy109ik7g2 foreign key (receiver_card_id) references cards
2026-03-16 19:52:43 [main] DEBUG org.hibernate.SQL - alter table if exists transactions add constraint FK8tq75g5byjdora9epdeke53ny foreign key (sender_card_id) references cards
2026-03-16 19:52:43 [main] INFO  o.s.o.j.LocalContainerEntityManagerFactoryBean - Initialized JPA EntityManagerFactory for persistence unit 'default'
2026-03-16 19:52:43 [main] INFO  o.s.d.j.r.q.QueryEnhancerFactories - Hibernate is in classpath; If applicable, HQL parser will be used.
2026-03-16 19:52:43 [main] INFO  o.s.s.c.a.a.c.InitializeUserDetailsBeanManagerConfigurer$InitializeUserDetailsManagerConfigurer - Global AuthenticationManager configured with UserDetailsService bean with name userService
2026-03-16 19:52:43 [main] DEBUG o.s.s.web.DefaultSecurityFilterChain - Will secure any request with filters: DisableEncodeUrlFilter, WebAsyncManagerIntegrationFilter, SecurityContextHolderFilter, HeaderWriterFilter, CorsFilter, LogoutFilter, JwtAuthenticationFilter, RequestCacheAwareFilter, SecurityContextHolderAwareRequestFilter, AnonymousAuthenticationFilter, SessionManagementFilter, ExceptionTranslationFilter, AuthorizationFilter
2026-03-16 19:52:43 [main] DEBUG o.s.w.s.m.m.a.RequestMappingHandlerMapping - 28 mappings in 'requestMappingHandlerMapping'
2026-03-16 19:52:44 [main] DEBUG o.s.w.s.h.SimpleUrlHandlerMapping - Patterns [/webjars/**, /**, /swagger-ui/**, /swagger-ui/*swagger-initializer.js, /webjars/*swagger-ui/**, /webjars/*swagger-ui/*swagger-initializer.js, /webjars/*swagger-ui/5.31.0/*swagger-initializer.js] in 'resourceHandlerMapping'
2026-03-16 19:52:44 [main] DEBUG o.s.w.s.m.m.a.RequestMappingHandlerAdapter - ControllerAdvice beans: 0 @ModelAttribute, 0 @InitBinder, 2 RequestBodyAdvice, 1 ResponseBodyAdvice
2026-03-16 19:52:44 [main] DEBUG o.s.w.s.m.m.a.ExceptionHandlerExceptionResolver - ControllerAdvice beans: 2 @ExceptionHandler, 1 ResponseBodyAdvice
2026-03-16 19:52:44 [main] INFO  c.e.b.service.AuthServiceTest - Started AuthServiceTest in 4.008 seconds (process running for 4.616)
2026-03-16 19:52:44 [main] WARN  o.s.c.events.SpringDocAppInitializer - SpringDoc /v3/api-docs endpoint is enabled by default. To disable it in production, set the property 'springdoc.api-docs.enabled=false'
2026-03-16 19:52:44 [main] WARN  o.s.c.events.SpringDocAppInitializer - SpringDoc /swagger-ui.html endpoint is enabled by default. To disable it in production, set the property 'springdoc.swagger-ui.enabled=false'
2026-03-16 19:52:44 [SpringApplicationShutdownHook] DEBUG o.s.w.c.s.GenericWebApplicationContext - Closing org.springframework.web.context.support.GenericWebApplicationContext@1c9e07c6, started on Mon Mar 16 19:52:40 GMT+05:00 2026
2026-03-16 19:52:44 [SpringApplicationShutdownHook] INFO  o.s.o.j.LocalContainerEntityManagerFactoryBean - Closing JPA EntityManagerFactory for persistence unit 'default'
2026-03-16 19:52:44 [SpringApplicationShutdownHook] INFO  com.zaxxer.hikari.HikariDataSource - HikariPool-1 - Shutdown initiated...
2026-03-16 19:52:44 [SpringApplicationShutdownHook] INFO  com.zaxxer.hikari.HikariDataSource - HikariPool-1 - Shutdown completed.
2026-03-16 19:59:04 [main] INFO  c.e.b.service.AuthServiceTest - Starting AuthServiceTest using Java 25.0.2 with PID 520 (started by gorin47 in D:\Projects\Bank_REST\bank_rest)
2026-03-16 19:59:04 [main] DEBUG c.e.b.service.AuthServiceTest - Running with Spring Boot v4.0.2, Spring v7.0.3
2026-03-16 19:59:04 [main] INFO  c.e.b.service.AuthServiceTest - No active profile set, falling back to 1 default profile: "default"
2026-03-16 19:59:04 [main] DEBUG o.s.w.c.s.GenericWebApplicationContext - Refreshing org.springframework.web.context.support.GenericWebApplicationContext@1c9e07c6
2026-03-16 19:59:04 [main] INFO  o.s.d.r.c.RepositoryConfigurationDelegate - Bootstrapping Spring Data JPA repositories in DEFAULT mode.
2026-03-16 19:59:04 [main] INFO  o.s.d.r.c.RepositoryConfigurationDelegate - Finished Spring Data repository scanning in 27 ms. Found 4 JPA repository interfaces.
2026-03-16 19:59:05 [main] INFO  com.zaxxer.hikari.HikariDataSource - HikariPool-1 - Starting...
2026-03-16 19:59:05 [main] INFO  com.zaxxer.hikari.pool.HikariPool - HikariPool-1 - Added connection org.postgresql.jdbc.PgConnection@23e297d9
2026-03-16 19:59:05 [main] INFO  com.zaxxer.hikari.HikariDataSource - HikariPool-1 - Start completed.
2026-03-16 19:59:05 [main] INFO  liquibase.database - Set default schema name to public
2026-03-16 19:59:05 [main] INFO  liquibase.changelog - Reading from public.databasechangelog
2026-03-16 19:59:05 [main] INFO  liquibase.ui - Database is up to date, no changesets to execute
2026-03-16 19:59:05 [main] INFO  liquibase.changelog - Reading from public.databasechangelog
2026-03-16 19:59:05 [main] INFO  liquibase.util - UPDATE SUMMARY
2026-03-16 19:59:05 [main] INFO  liquibase.util - Run:                          0
2026-03-16 19:59:05 [main] INFO  liquibase.util - Previously run:               8
2026-03-16 19:59:05 [main] INFO  liquibase.util - Filtered out:                 0
2026-03-16 19:59:05 [main] INFO  liquibase.util - -------------------------------
2026-03-16 19:59:05 [main] INFO  liquibase.util - Total change sets:            8
2026-03-16 19:59:05 [main] INFO  liquibase.util - Update summary generated
2026-03-16 19:59:05 [main] INFO  liquibase.command - Command execution complete
2026-03-16 19:59:06 [main] INFO  org.hibernate.orm.jpa - HHH008540: Processing PersistenceUnitInfo [name: default]
2026-03-16 19:59:06 [main] INFO  org.hibernate.orm.core - HHH000001: Hibernate ORM core version 7.2.1.Final
2026-03-16 19:59:06 [main] INFO  o.s.o.j.p.SpringPersistenceUnitInfo - No LoadTimeWeaver setup: ignoring JPA class transformer
2026-03-16 19:59:06 [main] INFO  o.hibernate.orm.connections.pooling - HHH10001005: Database info:
	Database JDBC URL [jdbc:postgresql://localhost:5432/bankcards]
	Database driver: PostgreSQL JDBC Driver
	Database dialect: PostgreSQLDialect
	Database version: 18.1
	Default catalog/schema: bankcards/public
	Autocommit mode: undefined/unknown
	Isolation level: READ_COMMITTED [default READ_COMMITTED]
	JDBC fetch size: none
	Pool: DataSourceConnectionProvider
	Minimum pool size: undefined/unknown
	Maximum pool size: undefined/unknown
2026-03-16 19:59:07 [main] INFO  org.hibernate.orm.core - HHH000489: No JTA platform available (set 'hibernate.transaction.jta.platform' to enable JTA platform integration)
2026-03-16 19:59:07 [main] DEBUG org.hibernate.SQL - set client_min_messages = WARNING
2026-03-16 19:59:07 [main] DEBUG org.hibernate.SQL - alter table if exists cards drop constraint if exists FKcmanafgwbibfijy2o5isfk3d5
2026-03-16 19:59:07 [main] DEBUG org.hibernate.SQL - alter table if exists tokens drop constraint if exists FK2dylsfo39lgjyqml2tbe0b0ss
2026-03-16 19:59:07 [main] DEBUG org.hibernate.SQL - alter table if exists transactions drop constraint if exists FKt3ofdu7lbh0np62gy109ik7g2
2026-03-16 19:59:07 [main] DEBUG org.hibernate.SQL - alter table if exists transactions drop constraint if exists FK8tq75g5byjdora9epdeke53ny
2026-03-16 19:59:07 [main] DEBUG org.hibernate.SQL - drop table if exists cards cascade
2026-03-16 19:59:07 [main] DEBUG org.hibernate.SQL - drop table if exists roles_old cascade
2026-03-16 19:59:07 [main] DEBUG org.hibernate.SQL - drop table if exists tokens cascade
2026-03-16 19:59:07 [main] DEBUG org.hibernate.SQL - drop table if exists transactions cascade
2026-03-16 19:59:07 [main] DEBUG org.hibernate.SQL - drop table if exists users cascade
2026-03-16 19:59:07 [main] DEBUG org.hibernate.SQL - create table cards (balance numeric(10,2), expiry_date date not null, id bigint generated by default as identity, user_id bigint not null, number varchar(255) not null unique, status varchar(255) not null check ((status in ('NEW_CARD','ACTIVE','BLOCK_REQUEST','BLOCKED','EXPIRED'))), primary key (id))
2026-03-16 19:59:07 [main] DEBUG org.hibernate.SQL - create table roles_old (id bigint generated by default as identity, name varchar(255) not null unique, primary key (id))
2026-03-16 19:59:07 [main] DEBUG org.hibernate.SQL - create table tokens (is_logged_out boolean, id bigint generated by default as identity, user_id bigint, access_token varchar(255), refresh_token varchar(255), primary key (id))
2026-03-16 19:59:07 [main] DEBUG org.hibernate.SQL - create table transactions (amount numeric(10,2) not null, id bigint generated by default as identity, receiver_card_id bigint not null, sender_card_id bigint not null, transaction_date timestamp(6) not null, description varchar(255), status varchar(255) not null check ((status in ('SUCCESSFUL','CANCELED','WAITING','ERROR'))), primary key (id))
2026-03-16 19:59:07 [main] DEBUG org.hibernate.SQL - create table users (created timestamp(6), id bigint generated by default as identity, updated timestamp(6), email varchar(255) not null unique, first_name varchar(255), last_name varchar(255), password_hash varchar(255) not null, role varchar(255) not null check ((role in ('ADMIN','USER','GUEST'))), username varchar(255) not null unique, primary key (id))
2026-03-16 19:59:07 [main] DEBUG org.hibernate.SQL - alter table if exists cards add constraint FKcmanafgwbibfijy2o5isfk3d5 foreign key (user_id) references users
2026-03-16 19:59:07 [main] DEBUG org.hibernate.SQL - alter table if exists tokens add constraint FK2dylsfo39lgjyqml2tbe0b0ss foreign key (user_id) references users
2026-03-16 19:59:07 [main] DEBUG org.hibernate.SQL - alter table if exists transactions add constraint FKt3ofdu7lbh0np62gy109ik7g2 foreign key (receiver_card_id) references cards
2026-03-16 19:59:07 [main] DEBUG org.hibernate.SQL - alter table if exists transactions add constraint FK8tq75g5byjdora9epdeke53ny foreign key (sender_card_id) references cards
2026-03-16 19:59:07 [main] INFO  o.s.o.j.LocalContainerEntityManagerFactoryBean - Initialized JPA EntityManagerFactory for persistence unit 'default'
2026-03-16 19:59:07 [main] INFO  o.s.d.j.r.q.QueryEnhancerFactories - Hibernate is in classpath; If applicable, HQL parser will be used.
2026-03-16 19:59:07 [main] INFO  o.s.s.c.a.a.c.InitializeUserDetailsBeanManagerConfigurer$InitializeUserDetailsManagerConfigurer - Global AuthenticationManager configured with UserDetailsService bean with name userService
2026-03-16 19:59:07 [main] DEBUG o.s.s.web.DefaultSecurityFilterChain - Will secure any request with filters: DisableEncodeUrlFilter, WebAsyncManagerIntegrationFilter, SecurityContextHolderFilter, HeaderWriterFilter, CorsFilter, LogoutFilter, JwtAuthenticationFilter, RequestCacheAwareFilter, SecurityContextHolderAwareRequestFilter, AnonymousAuthenticationFilter, SessionManagementFilter, ExceptionTranslationFilter, AuthorizationFilter
2026-03-16 19:59:07 [main] DEBUG o.s.w.s.m.m.a.RequestMappingHandlerMapping - 28 mappings in 'requestMappingHandlerMapping'
2026-03-16 19:59:07 [main] DEBUG o.s.w.s.h.SimpleUrlHandlerMapping - Patterns [/webjars/**, /**, /swagger-ui/**, /swagger-ui/*swagger-initializer.js, /webjars/*swagger-ui/**, /webjars/*swagger-ui/*swagger-initializer.js, /webjars/*swagger-ui/5.31.0/*swagger-initializer.js] in 'resourceHandlerMapping'
2026-03-16 19:59:07 [main] DEBUG o.s.w.s.m.m.a.RequestMappingHandlerAdapter - ControllerAdvice beans: 0 @ModelAttribute, 0 @InitBinder, 2 RequestBodyAdvice, 1 ResponseBodyAdvice
2026-03-16 19:59:08 [main] DEBUG o.s.w.s.m.m.a.ExceptionHandlerExceptionResolver - ControllerAdvice beans: 2 @ExceptionHandler, 1 ResponseBodyAdvice
2026-03-16 19:59:08 [main] INFO  c.e.b.service.AuthServiceTest - Started AuthServiceTest in 4.199 seconds (process running for 4.797)
2026-03-16 19:59:08 [main] WARN  o.s.c.events.SpringDocAppInitializer - SpringDoc /v3/api-docs endpoint is enabled by default. To disable it in production, set the property 'springdoc.api-docs.enabled=false'
2026-03-16 19:59:08 [main] WARN  o.s.c.events.SpringDocAppInitializer - SpringDoc /swagger-ui.html endpoint is enabled by default. To disable it in production, set the property 'springdoc.swagger-ui.enabled=false'
2026-03-16 19:59:08 [SpringApplicationShutdownHook] DEBUG o.s.w.c.s.GenericWebApplicationContext - Closing org.springframework.web.context.support.GenericWebApplicationContext@1c9e07c6, started on Mon Mar 16 19:59:04 GMT+05:00 2026
2026-03-16 19:59:08 [SpringApplicationShutdownHook] INFO  o.s.o.j.LocalContainerEntityManagerFactoryBean - Closing JPA EntityManagerFactory for persistence unit 'default'
2026-03-16 19:59:08 [SpringApplicationShutdownHook] INFO  com.zaxxer.hikari.HikariDataSource - HikariPool-1 - Shutdown initiated...
2026-03-16 19:59:08 [SpringApplicationShutdownHook] INFO  com.zaxxer.hikari.HikariDataSource - HikariPool-1 - Shutdown completed.
2026-03-16 20:00:46 [main] INFO  c.e.b.service.AuthServiceTest - Starting AuthServiceTest using Java 25.0.2 with PID 10108 (started by gorin47 in D:\Projects\Bank_REST\bank_rest)
2026-03-16 20:00:46 [main] DEBUG c.e.b.service.AuthServiceTest - Running with Spring Boot v4.0.2, Spring v7.0.3
2026-03-16 20:00:46 [main] INFO  c.e.b.service.AuthServiceTest - No active profile set, falling back to 1 default profile: "default"
2026-03-16 20:00:46 [main] DEBUG o.s.w.c.s.GenericWebApplicationContext - Refreshing org.springframework.web.context.support.GenericWebApplicationContext@1c9e07c6
2026-03-16 20:00:47 [main] INFO  o.s.d.r.c.RepositoryConfigurationDelegate - Bootstrapping Spring Data JPA repositories in DEFAULT mode.
2026-03-16 20:00:47 [main] INFO  o.s.d.r.c.RepositoryConfigurationDelegate - Finished Spring Data repository scanning in 27 ms. Found 4 JPA repository interfaces.
2026-03-16 20:00:47 [main] INFO  com.zaxxer.hikari.HikariDataSource - HikariPool-1 - Starting...
2026-03-16 20:00:47 [main] INFO  com.zaxxer.hikari.pool.HikariPool - HikariPool-1 - Added connection org.postgresql.jdbc.PgConnection@23e297d9
2026-03-16 20:00:47 [main] INFO  com.zaxxer.hikari.HikariDataSource - HikariPool-1 - Start completed.
2026-03-16 20:00:47 [main] INFO  liquibase.database - Set default schema name to public
2026-03-16 20:00:48 [main] INFO  liquibase.changelog - Reading from public.databasechangelog
2026-03-16 20:00:48 [main] INFO  liquibase.ui - Database is up to date, no changesets to execute
2026-03-16 20:00:48 [main] INFO  liquibase.changelog - Reading from public.databasechangelog
2026-03-16 20:00:48 [main] INFO  liquibase.util - UPDATE SUMMARY
2026-03-16 20:00:48 [main] INFO  liquibase.util - Run:                          0
2026-03-16 20:00:48 [main] INFO  liquibase.util - Previously run:               8
2026-03-16 20:00:48 [main] INFO  liquibase.util - Filtered out:                 0
2026-03-16 20:00:48 [main] INFO  liquibase.util - -------------------------------
2026-03-16 20:00:48 [main] INFO  liquibase.util - Total change sets:            8
2026-03-16 20:00:48 [main] INFO  liquibase.util - Update summary generated
2026-03-16 20:00:48 [main] INFO  liquibase.command - Command execution complete
2026-03-16 20:00:48 [main] INFO  org.hibernate.orm.jpa - HHH008540: Processing PersistenceUnitInfo [name: default]
2026-03-16 20:00:48 [main] INFO  org.hibernate.orm.core - HHH000001: Hibernate ORM core version 7.2.1.Final
2026-03-16 20:00:49 [main] INFO  o.s.o.j.p.SpringPersistenceUnitInfo - No LoadTimeWeaver setup: ignoring JPA class transformer
2026-03-16 20:00:49 [main] INFO  o.hibernate.orm.connections.pooling - HHH10001005: Database info:
	Database JDBC URL [jdbc:postgresql://localhost:5432/bankcards]
	Database driver: PostgreSQL JDBC Driver
	Database dialect: PostgreSQLDialect
	Database version: 18.1
	Default catalog/schema: bankcards/public
	Autocommit mode: undefined/unknown
	Isolation level: READ_COMMITTED [default READ_COMMITTED]
	JDBC fetch size: none
	Pool: DataSourceConnectionProvider
	Minimum pool size: undefined/unknown
	Maximum pool size: undefined/unknown
2026-03-16 20:00:49 [main] INFO  org.hibernate.orm.core - HHH000489: No JTA platform available (set 'hibernate.transaction.jta.platform' to enable JTA platform integration)
2026-03-16 20:00:49 [main] DEBUG org.hibernate.SQL - set client_min_messages = WARNING
2026-03-16 20:00:49 [main] DEBUG org.hibernate.SQL - alter table if exists cards drop constraint if exists FKcmanafgwbibfijy2o5isfk3d5
2026-03-16 20:00:49 [main] DEBUG org.hibernate.SQL - alter table if exists tokens drop constraint if exists FK2dylsfo39lgjyqml2tbe0b0ss
2026-03-16 20:00:49 [main] DEBUG org.hibernate.SQL - alter table if exists transactions drop constraint if exists FKt3ofdu7lbh0np62gy109ik7g2
2026-03-16 20:00:49 [main] DEBUG org.hibernate.SQL - alter table if exists transactions drop constraint if exists FK8tq75g5byjdora9epdeke53ny
2026-03-16 20:00:49 [main] DEBUG org.hibernate.SQL - drop table if exists cards cascade
2026-03-16 20:00:49 [main] DEBUG org.hibernate.SQL - drop table if exists roles_old cascade
2026-03-16 20:00:49 [main] DEBUG org.hibernate.SQL - drop table if exists tokens cascade
2026-03-16 20:00:49 [main] DEBUG org.hibernate.SQL - drop table if exists transactions cascade
2026-03-16 20:00:49 [main] DEBUG org.hibernate.SQL - drop table if exists users cascade
2026-03-16 20:00:49 [main] DEBUG org.hibernate.SQL - create table cards (balance numeric(10,2), expiry_date date not null, id bigint generated by default as identity, user_id bigint not null, number varchar(255) not null unique, status varchar(255) not null check ((status in ('NEW_CARD','ACTIVE','BLOCK_REQUEST','BLOCKED','EXPIRED'))), primary key (id))
2026-03-16 20:00:49 [main] DEBUG org.hibernate.SQL - create table roles_old (id bigint generated by default as identity, name varchar(255) not null unique, primary key (id))
2026-03-16 20:00:49 [main] DEBUG org.hibernate.SQL - create table tokens (is_logged_out boolean, id bigint generated by default as identity, user_id bigint, access_token varchar(255), refresh_token varchar(255), primary key (id))
2026-03-16 20:00:49 [main] DEBUG org.hibernate.SQL - create table transactions (amount numeric(10,2) not null, id bigint generated by default as identity, receiver_card_id bigint not null, sender_card_id bigint not null, transaction_date timestamp(6) not null, description varchar(255), status varchar(255) not null check ((status in ('SUCCESSFUL','CANCELED','WAITING','ERROR'))), primary key (id))
2026-03-16 20:00:49 [main] DEBUG org.hibernate.SQL - create table users (created timestamp(6), id bigint generated by default as identity, updated timestamp(6), email varchar(255) not null unique, first_name varchar(255), last_name varchar(255), password_hash varchar(255) not null, role varchar(255) not null check ((role in ('ADMIN','USER','GUEST'))), username varchar(255) not null unique, primary key (id))
2026-03-16 20:00:49 [main] DEBUG org.hibernate.SQL - alter table if exists cards add constraint FKcmanafgwbibfijy2o5isfk3d5 foreign key (user_id) references users
2026-03-16 20:00:49 [main] DEBUG org.hibernate.SQL - alter table if exists tokens add constraint FK2dylsfo39lgjyqml2tbe0b0ss foreign key (user_id) references users
2026-03-16 20:00:49 [main] DEBUG org.hibernate.SQL - alter table if exists transactions add constraint FKt3ofdu7lbh0np62gy109ik7g2 foreign key (receiver_card_id) references cards
2026-03-16 20:00:49 [main] DEBUG org.hibernate.SQL - alter table if exists transactions add constraint FK8tq75g5byjdora9epdeke53ny foreign key (sender_card_id) references cards
2026-03-16 20:00:49 [main] INFO  o.s.o.j.LocalContainerEntityManagerFactoryBean - Initialized JPA EntityManagerFactory for persistence unit 'default'
2026-03-16 20:00:49 [main] INFO  o.s.d.j.r.q.QueryEnhancerFactories - Hibernate is in classpath; If applicable, HQL parser will be used.
2026-03-16 20:00:50 [main] INFO  o.s.s.c.a.a.c.InitializeUserDetailsBeanManagerConfigurer$InitializeUserDetailsManagerConfigurer - Global AuthenticationManager configured with UserDetailsService bean with name userService
2026-03-16 20:00:50 [main] DEBUG o.s.s.web.DefaultSecurityFilterChain - Will secure any request with filters: DisableEncodeUrlFilter, WebAsyncManagerIntegrationFilter, SecurityContextHolderFilter, HeaderWriterFilter, CorsFilter, LogoutFilter, JwtAuthenticationFilter, RequestCacheAwareFilter, SecurityContextHolderAwareRequestFilter, AnonymousAuthenticationFilter, SessionManagementFilter, ExceptionTranslationFilter, AuthorizationFilter
2026-03-16 20:00:50 [main] DEBUG o.s.w.s.m.m.a.RequestMappingHandlerMapping - 28 mappings in 'requestMappingHandlerMapping'
2026-03-16 20:00:50 [main] DEBUG o.s.w.s.h.SimpleUrlHandlerMapping - Patterns [/webjars/**, /**, /swagger-ui/**, /swagger-ui/*swagger-initializer.js, /webjars/*swagger-ui/**, /webjars/*swagger-ui/*swagger-initializer.js, /webjars/*swagger-ui/5.31.0/*swagger-initializer.js] in 'resourceHandlerMapping'
2026-03-16 20:00:50 [main] DEBUG o.s.w.s.m.m.a.RequestMappingHandlerAdapter - ControllerAdvice beans: 0 @ModelAttribute, 0 @InitBinder, 2 RequestBodyAdvice, 1 ResponseBodyAdvice
2026-03-16 20:00:50 [main] DEBUG o.s.w.s.m.m.a.ExceptionHandlerExceptionResolver - ControllerAdvice beans: 2 @ExceptionHandler, 1 ResponseBodyAdvice
2026-03-16 20:00:50 [main] INFO  c.e.b.service.AuthServiceTest - Started AuthServiceTest in 3.956 seconds (process running for 4.563)
2026-03-16 20:00:50 [main] WARN  o.s.c.events.SpringDocAppInitializer - SpringDoc /v3/api-docs endpoint is enabled by default. To disable it in production, set the property 'springdoc.api-docs.enabled=false'
2026-03-16 20:00:50 [main] WARN  o.s.c.events.SpringDocAppInitializer - SpringDoc /swagger-ui.html endpoint is enabled by default. To disable it in production, set the property 'springdoc.swagger-ui.enabled=false'
2026-03-16 20:00:50 [SpringApplicationShutdownHook] DEBUG o.s.w.c.s.GenericWebApplicationContext - Closing org.springframework.web.context.support.GenericWebApplicationContext@1c9e07c6, started on Mon Mar 16 20:00:46 GMT+05:00 2026
2026-03-16 20:00:50 [SpringApplicationShutdownHook] INFO  o.s.o.j.LocalContainerEntityManagerFactoryBean - Closing JPA EntityManagerFactory for persistence unit 'default'
2026-03-16 20:00:50 [SpringApplicationShutdownHook] INFO  com.zaxxer.hikari.HikariDataSource - HikariPool-1 - Shutdown initiated...
2026-03-16 20:00:50 [SpringApplicationShutdownHook] INFO  com.zaxxer.hikari.HikariDataSource - HikariPool-1 - Shutdown completed.
2026-03-16 20:17:34 [main] INFO  c.e.b.service.AuthServiceTest - Starting AuthServiceTest using Java 25.0.2 with PID 2632 (started by gorin47 in D:\Projects\Bank_REST\bank_rest)
2026-03-16 20:17:34 [main] DEBUG c.e.b.service.AuthServiceTest - Running with Spring Boot v4.0.2, Spring v7.0.3
2026-03-16 20:17:34 [main] INFO  c.e.b.service.AuthServiceTest - No active profile set, falling back to 1 default profile: "default"
2026-03-16 20:17:34 [main] DEBUG o.s.w.c.s.GenericWebApplicationContext - Refreshing org.springframework.web.context.support.GenericWebApplicationContext@1c9e07c6
2026-03-16 20:17:34 [main] INFO  o.s.d.r.c.RepositoryConfigurationDelegate - Bootstrapping Spring Data JPA repositories in DEFAULT mode.
2026-03-16 20:17:34 [main] INFO  o.s.d.r.c.RepositoryConfigurationDelegate - Finished Spring Data repository scanning in 27 ms. Found 4 JPA repository interfaces.
2026-03-16 20:17:35 [main] INFO  com.zaxxer.hikari.HikariDataSource - HikariPool-1 - Starting...
2026-03-16 20:17:35 [main] INFO  com.zaxxer.hikari.pool.HikariPool - HikariPool-1 - Added connection org.postgresql.jdbc.PgConnection@23e297d9
2026-03-16 20:17:35 [main] INFO  com.zaxxer.hikari.HikariDataSource - HikariPool-1 - Start completed.
2026-03-16 20:17:35 [main] INFO  liquibase.database - Set default schema name to public
2026-03-16 20:17:35 [main] INFO  liquibase.changelog - Reading from public.databasechangelog
2026-03-16 20:17:35 [main] INFO  liquibase.ui - Database is up to date, no changesets to execute
2026-03-16 20:17:35 [main] INFO  liquibase.changelog - Reading from public.databasechangelog
2026-03-16 20:17:35 [main] INFO  liquibase.util - UPDATE SUMMARY
2026-03-16 20:17:35 [main] INFO  liquibase.util - Run:                          0
2026-03-16 20:17:35 [main] INFO  liquibase.util - Previously run:               8
2026-03-16 20:17:35 [main] INFO  liquibase.util - Filtered out:                 0
2026-03-16 20:17:35 [main] INFO  liquibase.util - -------------------------------
2026-03-16 20:17:35 [main] INFO  liquibase.util - Total change sets:            8
2026-03-16 20:17:35 [main] INFO  liquibase.util - Update summary generated
2026-03-16 20:17:35 [main] INFO  liquibase.command - Command execution complete
2026-03-16 20:17:36 [main] INFO  org.hibernate.orm.jpa - HHH008540: Processing PersistenceUnitInfo [name: default]
2026-03-16 20:17:36 [main] INFO  org.hibernate.orm.core - HHH000001: Hibernate ORM core version 7.2.1.Final
2026-03-16 20:17:36 [main] INFO  o.s.o.j.p.SpringPersistenceUnitInfo - No LoadTimeWeaver setup: ignoring JPA class transformer
2026-03-16 20:17:36 [main] INFO  o.hibernate.orm.connections.pooling - HHH10001005: Database info:
	Database JDBC URL [jdbc:postgresql://localhost:5432/bankcards]
	Database driver: PostgreSQL JDBC Driver
	Database dialect: PostgreSQLDialect
	Database version: 18.1
	Default catalog/schema: bankcards/public
	Autocommit mode: undefined/unknown
	Isolation level: READ_COMMITTED [default READ_COMMITTED]
	JDBC fetch size: none
	Pool: DataSourceConnectionProvider
	Minimum pool size: undefined/unknown
	Maximum pool size: undefined/unknown
2026-03-16 20:17:37 [main] INFO  org.hibernate.orm.core - HHH000489: No JTA platform available (set 'hibernate.transaction.jta.platform' to enable JTA platform integration)
2026-03-16 20:17:37 [main] DEBUG org.hibernate.SQL - set client_min_messages = WARNING
2026-03-16 20:17:37 [main] DEBUG org.hibernate.SQL - alter table if exists cards drop constraint if exists FKcmanafgwbibfijy2o5isfk3d5
2026-03-16 20:17:37 [main] DEBUG org.hibernate.SQL - alter table if exists tokens drop constraint if exists FK2dylsfo39lgjyqml2tbe0b0ss
2026-03-16 20:17:37 [main] DEBUG org.hibernate.SQL - alter table if exists transactions drop constraint if exists FKt3ofdu7lbh0np62gy109ik7g2
2026-03-16 20:17:37 [main] DEBUG org.hibernate.SQL - alter table if exists transactions drop constraint if exists FK8tq75g5byjdora9epdeke53ny
2026-03-16 20:17:37 [main] DEBUG org.hibernate.SQL - drop table if exists cards cascade
2026-03-16 20:17:37 [main] DEBUG org.hibernate.SQL - drop table if exists roles_old cascade
2026-03-16 20:17:37 [main] DEBUG org.hibernate.SQL - drop table if exists tokens cascade
2026-03-16 20:17:37 [main] DEBUG org.hibernate.SQL - drop table if exists transactions cascade
2026-03-16 20:17:37 [main] DEBUG org.hibernate.SQL - drop table if exists users cascade
2026-03-16 20:17:37 [main] DEBUG org.hibernate.SQL - create table cards (balance numeric(10,2), expiry_date date not null, id bigint generated by default as identity, user_id bigint not null, number varchar(255) not null unique, status varchar(255) not null check ((status in ('NEW_CARD','ACTIVE','BLOCK_REQUEST','BLOCKED','EXPIRED'))), primary key (id))
2026-03-16 20:17:37 [main] DEBUG org.hibernate.SQL - create table roles_old (id bigint generated by default as identity, name varchar(255) not null unique, primary key (id))
2026-03-16 20:17:37 [main] DEBUG org.hibernate.SQL - create table tokens (is_logged_out boolean, id bigint generated by default as identity, user_id bigint, access_token varchar(255), refresh_token varchar(255), primary key (id))
2026-03-16 20:17:37 [main] DEBUG org.hibernate.SQL - create table transactions (amount numeric(10,2) not null, id bigint generated by default as identity, receiver_card_id bigint not null, sender_card_id bigint not null, transaction_date timestamp(6) not null, description varchar(255), status varchar(255) not null check ((status in ('SUCCESSFUL','CANCELED','WAITING','ERROR'))), primary key (id))
2026-03-16 20:17:37 [main] DEBUG org.hibernate.SQL - create table users (created timestamp(6), id bigint generated by default as identity, updated timestamp(6), email varchar(255) not null unique, first_name varchar(255), last_name varchar(255), password_hash varchar(255) not null, role varchar(255) not null check ((role in ('ADMIN','USER','GUEST'))), username varchar(255) not null unique, primary key (id))
2026-03-16 20:17:37 [main] DEBUG org.hibernate.SQL - alter table if exists cards add constraint FKcmanafgwbibfijy2o5isfk3d5 foreign key (user_id) references users
2026-03-16 20:17:37 [main] DEBUG org.hibernate.SQL - alter table if exists tokens add constraint FK2dylsfo39lgjyqml2tbe0b0ss foreign key (user_id) references users
2026-03-16 20:17:37 [main] DEBUG org.hibernate.SQL - alter table if exists transactions add constraint FKt3ofdu7lbh0np62gy109ik7g2 foreign key (receiver_card_id) references cards
2026-03-16 20:17:37 [main] DEBUG org.hibernate.SQL - alter table if exists transactions add constraint FK8tq75g5byjdora9epdeke53ny foreign key (sender_card_id) references cards
2026-03-16 20:17:37 [main] INFO  o.s.o.j.LocalContainerEntityManagerFactoryBean - Initialized JPA EntityManagerFactory for persistence unit 'default'
2026-03-16 20:17:37 [main] INFO  o.s.d.j.r.q.QueryEnhancerFactories - Hibernate is in classpath; If applicable, HQL parser will be used.
2026-03-16 20:17:37 [main] INFO  o.s.s.c.a.a.c.InitializeUserDetailsBeanManagerConfigurer$InitializeUserDetailsManagerConfigurer - Global AuthenticationManager configured with UserDetailsService bean with name userService
2026-03-16 20:17:37 [main] DEBUG o.s.s.web.DefaultSecurityFilterChain - Will secure any request with filters: DisableEncodeUrlFilter, WebAsyncManagerIntegrationFilter, SecurityContextHolderFilter, HeaderWriterFilter, CorsFilter, LogoutFilter, JwtAuthenticationFilter, RequestCacheAwareFilter, SecurityContextHolderAwareRequestFilter, AnonymousAuthenticationFilter, SessionManagementFilter, ExceptionTranslationFilter, AuthorizationFilter
2026-03-16 20:17:37 [main] DEBUG o.s.w.s.m.m.a.RequestMappingHandlerMapping - 28 mappings in 'requestMappingHandlerMapping'
2026-03-16 20:17:37 [main] DEBUG o.s.w.s.h.SimpleUrlHandlerMapping - Patterns [/webjars/**, /**, /swagger-ui/**, /swagger-ui/*swagger-initializer.js, /webjars/*swagger-ui/**, /webjars/*swagger-ui/*swagger-initializer.js, /webjars/*swagger-ui/5.31.0/*swagger-initializer.js] in 'resourceHandlerMapping'
2026-03-16 20:17:37 [main] DEBUG o.s.w.s.m.m.a.RequestMappingHandlerAdapter - ControllerAdvice beans: 0 @ModelAttribute, 0 @InitBinder, 2 RequestBodyAdvice, 1 ResponseBodyAdvice
2026-03-16 20:17:37 [main] DEBUG o.s.w.s.m.m.a.ExceptionHandlerExceptionResolver - ControllerAdvice beans: 2 @ExceptionHandler, 1 ResponseBodyAdvice
2026-03-16 20:17:37 [main] INFO  c.e.b.service.AuthServiceTest - Started AuthServiceTest in 4.025 seconds (process running for 4.628)
2026-03-16 20:17:37 [main] WARN  o.s.c.events.SpringDocAppInitializer - SpringDoc /v3/api-docs endpoint is enabled by default. To disable it in production, set the property 'springdoc.api-docs.enabled=false'
2026-03-16 20:17:37 [main] WARN  o.s.c.events.SpringDocAppInitializer - SpringDoc /swagger-ui.html endpoint is enabled by default. To disable it in production, set the property 'springdoc.swagger-ui.enabled=false'
2026-03-16 20:17:38 [SpringApplicationShutdownHook] DEBUG o.s.w.c.s.GenericWebApplicationContext - Closing org.springframework.web.context.support.GenericWebApplicationContext@1c9e07c6, started on Mon Mar 16 20:17:34 GMT+05:00 2026
2026-03-16 20:17:38 [SpringApplicationShutdownHook] INFO  o.s.o.j.LocalContainerEntityManagerFactoryBean - Closing JPA EntityManagerFactory for persistence unit 'default'
2026-03-16 20:17:38 [SpringApplicationShutdownHook] INFO  com.zaxxer.hikari.HikariDataSource - HikariPool-1 - Shutdown initiated...
2026-03-16 20:17:38 [SpringApplicationShutdownHook] INFO  com.zaxxer.hikari.HikariDataSource - HikariPool-1 - Shutdown completed.
2026-03-16 20:19:32 [main] INFO  c.e.b.service.AuthServiceTest - Starting AuthServiceTest using Java 25.0.2 with PID 14984 (started by gorin47 in D:\Projects\Bank_REST\bank_rest)
2026-03-16 20:19:32 [main] DEBUG c.e.b.service.AuthServiceTest - Running with Spring Boot v4.0.2, Spring v7.0.3
2026-03-16 20:19:32 [main] INFO  c.e.b.service.AuthServiceTest - No active profile set, falling back to 1 default profile: "default"
2026-03-16 20:19:32 [main] DEBUG o.s.w.c.s.GenericWebApplicationContext - Refreshing org.springframework.web.context.support.GenericWebApplicationContext@1c9e07c6
2026-03-16 20:19:32 [main] INFO  o.s.d.r.c.RepositoryConfigurationDelegate - Bootstrapping Spring Data JPA repositories in DEFAULT mode.
2026-03-16 20:19:32 [main] INFO  o.s.d.r.c.RepositoryConfigurationDelegate - Finished Spring Data repository scanning in 28 ms. Found 4 JPA repository interfaces.
2026-03-16 20:19:33 [main] INFO  com.zaxxer.hikari.HikariDataSource - HikariPool-1 - Starting...
2026-03-16 20:19:33 [main] INFO  com.zaxxer.hikari.pool.HikariPool - HikariPool-1 - Added connection org.postgresql.jdbc.PgConnection@7bbe852a
2026-03-16 20:19:33 [main] INFO  com.zaxxer.hikari.HikariDataSource - HikariPool-1 - Start completed.
2026-03-16 20:19:33 [main] INFO  liquibase.database - Set default schema name to public
2026-03-16 20:19:33 [main] INFO  liquibase.changelog - Reading from public.databasechangelog
2026-03-16 20:19:33 [main] INFO  liquibase.ui - Database is up to date, no changesets to execute
2026-03-16 20:19:33 [main] INFO  liquibase.changelog - Reading from public.databasechangelog
2026-03-16 20:19:33 [main] INFO  liquibase.util - UPDATE SUMMARY
2026-03-16 20:19:33 [main] INFO  liquibase.util - Run:                          0
2026-03-16 20:19:33 [main] INFO  liquibase.util - Previously run:               8
2026-03-16 20:19:33 [main] INFO  liquibase.util - Filtered out:                 0
2026-03-16 20:19:33 [main] INFO  liquibase.util - -------------------------------
2026-03-16 20:19:33 [main] INFO  liquibase.util - Total change sets:            8
2026-03-16 20:19:33 [main] INFO  liquibase.util - Update summary generated
2026-03-16 20:19:33 [main] INFO  liquibase.command - Command execution complete
2026-03-16 20:19:34 [main] INFO  org.hibernate.orm.jpa - HHH008540: Processing PersistenceUnitInfo [name: default]
2026-03-16 20:19:34 [main] INFO  org.hibernate.orm.core - HHH000001: Hibernate ORM core version 7.2.1.Final
2026-03-16 20:19:34 [main] INFO  o.s.o.j.p.SpringPersistenceUnitInfo - No LoadTimeWeaver setup: ignoring JPA class transformer
2026-03-16 20:19:34 [main] INFO  o.hibernate.orm.connections.pooling - HHH10001005: Database info:
	Database JDBC URL [jdbc:postgresql://localhost:5432/bankcards]
	Database driver: PostgreSQL JDBC Driver
	Database dialect: PostgreSQLDialect
	Database version: 18.1
	Default catalog/schema: bankcards/public
	Autocommit mode: undefined/unknown
	Isolation level: READ_COMMITTED [default READ_COMMITTED]
	JDBC fetch size: none
	Pool: DataSourceConnectionProvider
	Minimum pool size: undefined/unknown
	Maximum pool size: undefined/unknown
2026-03-16 20:19:35 [main] INFO  org.hibernate.orm.core - HHH000489: No JTA platform available (set 'hibernate.transaction.jta.platform' to enable JTA platform integration)
2026-03-16 20:19:35 [main] DEBUG org.hibernate.SQL - set client_min_messages = WARNING
2026-03-16 20:19:35 [main] DEBUG org.hibernate.SQL - alter table if exists cards drop constraint if exists FKcmanafgwbibfijy2o5isfk3d5
2026-03-16 20:19:35 [main] DEBUG org.hibernate.SQL - alter table if exists tokens drop constraint if exists FK2dylsfo39lgjyqml2tbe0b0ss
2026-03-16 20:19:35 [main] DEBUG org.hibernate.SQL - alter table if exists transactions drop constraint if exists FKt3ofdu7lbh0np62gy109ik7g2
2026-03-16 20:19:35 [main] DEBUG org.hibernate.SQL - alter table if exists transactions drop constraint if exists FK8tq75g5byjdora9epdeke53ny
2026-03-16 20:19:35 [main] DEBUG org.hibernate.SQL - drop table if exists cards cascade
2026-03-16 20:19:35 [main] DEBUG org.hibernate.SQL - drop table if exists roles_old cascade
2026-03-16 20:19:35 [main] DEBUG org.hibernate.SQL - drop table if exists tokens cascade
2026-03-16 20:19:35 [main] DEBUG org.hibernate.SQL - drop table if exists transactions cascade
2026-03-16 20:19:35 [main] DEBUG org.hibernate.SQL - drop table if exists users cascade
2026-03-16 20:19:35 [main] DEBUG org.hibernate.SQL - create table cards (balance numeric(10,2), expiry_date date not null, id bigint generated by default as identity, user_id bigint not null, number varchar(255) not null unique, status varchar(255) not null check ((status in ('NEW_CARD','ACTIVE','BLOCK_REQUEST','BLOCKED','EXPIRED'))), primary key (id))
2026-03-16 20:19:35 [main] DEBUG org.hibernate.SQL - create table roles_old (id bigint generated by default as identity, name varchar(255) not null unique, primary key (id))
2026-03-16 20:19:35 [main] DEBUG org.hibernate.SQL - create table tokens (is_logged_out boolean, id bigint generated by default as identity, user_id bigint, access_token varchar(255), refresh_token varchar(255), primary key (id))
2026-03-16 20:19:35 [main] DEBUG org.hibernate.SQL - create table transactions (amount numeric(10,2) not null, id bigint generated by default as identity, receiver_card_id bigint not null, sender_card_id bigint not null, transaction_date timestamp(6) not null, description varchar(255), status varchar(255) not null check ((status in ('SUCCESSFUL','CANCELED','WAITING','ERROR'))), primary key (id))
2026-03-16 20:19:35 [main] DEBUG org.hibernate.SQL - create table users (created timestamp(6), id bigint generated by default as identity, updated timestamp(6), email varchar(255) not null unique, first_name varchar(255), last_name varchar(255), password_hash varchar(255) not null, role varchar(255) not null check ((role in ('ADMIN','USER','GUEST'))), username varchar(255) not null unique, primary key (id))
2026-03-16 20:19:35 [main] DEBUG org.hibernate.SQL - alter table if exists cards add constraint FKcmanafgwbibfijy2o5isfk3d5 foreign key (user_id) references users
2026-03-16 20:19:35 [main] DEBUG org.hibernate.SQL - alter table if exists tokens add constraint FK2dylsfo39lgjyqml2tbe0b0ss foreign key (user_id) references users
2026-03-16 20:19:35 [main] DEBUG org.hibernate.SQL - alter table if exists transactions add constraint FKt3ofdu7lbh0np62gy109ik7g2 foreign key (receiver_card_id) references cards
2026-03-16 20:19:35 [main] DEBUG org.hibernate.SQL - alter table if exists transactions add constraint FK8tq75g5byjdora9epdeke53ny foreign key (sender_card_id) references cards
2026-03-16 20:19:35 [main] INFO  o.s.o.j.LocalContainerEntityManagerFactoryBean - Initialized JPA EntityManagerFactory for persistence unit 'default'
2026-03-16 20:19:35 [main] INFO  o.s.d.j.r.q.QueryEnhancerFactories - Hibernate is in classpath; If applicable, HQL parser will be used.
2026-03-16 20:19:35 [main] INFO  o.s.s.c.a.a.c.InitializeUserDetailsBeanManagerConfigurer$InitializeUserDetailsManagerConfigurer - Global AuthenticationManager configured with UserDetailsService bean with name userService
2026-03-16 20:19:35 [main] DEBUG o.s.s.web.DefaultSecurityFilterChain - Will secure any request with filters: DisableEncodeUrlFilter, WebAsyncManagerIntegrationFilter, SecurityContextHolderFilter, HeaderWriterFilter, CorsFilter, LogoutFilter, JwtAuthenticationFilter, RequestCacheAwareFilter, SecurityContextHolderAwareRequestFilter, AnonymousAuthenticationFilter, SessionManagementFilter, ExceptionTranslationFilter, AuthorizationFilter
2026-03-16 20:19:35 [main] DEBUG o.s.w.s.m.m.a.RequestMappingHandlerMapping - 28 mappings in 'requestMappingHandlerMapping'
2026-03-16 20:19:35 [main] DEBUG o.s.w.s.h.SimpleUrlHandlerMapping - Patterns [/webjars/**, /**, /swagger-ui/**, /swagger-ui/*swagger-initializer.js, /webjars/*swagger-ui/**, /webjars/*swagger-ui/*swagger-initializer.js, /webjars/*swagger-ui/5.31.0/*swagger-initializer.js] in 'resourceHandlerMapping'
2026-03-16 20:19:35 [main] DEBUG o.s.w.s.m.m.a.RequestMappingHandlerAdapter - ControllerAdvice beans: 0 @ModelAttribute, 0 @InitBinder, 2 RequestBodyAdvice, 1 ResponseBodyAdvice
2026-03-16 20:19:35 [main] DEBUG o.s.w.s.m.m.a.ExceptionHandlerExceptionResolver - ControllerAdvice beans: 2 @ExceptionHandler, 1 ResponseBodyAdvice
2026-03-16 20:19:36 [main] INFO  c.e.b.service.AuthServiceTest - Started AuthServiceTest in 4.089 seconds (process running for 4.701)
2026-03-16 20:19:36 [main] WARN  o.s.c.events.SpringDocAppInitializer - SpringDoc /v3/api-docs endpoint is enabled by default. To disable it in production, set the property 'springdoc.api-docs.enabled=false'
2026-03-16 20:19:36 [main] WARN  o.s.c.events.SpringDocAppInitializer - SpringDoc /swagger-ui.html endpoint is enabled by default. To disable it in production, set the property 'springdoc.swagger-ui.enabled=false'
2026-03-16 20:19:36 [SpringApplicationShutdownHook] DEBUG o.s.w.c.s.GenericWebApplicationContext - Closing org.springframework.web.context.support.GenericWebApplicationContext@1c9e07c6, started on Mon Mar 16 20:19:32 GMT+05:00 2026
2026-03-16 20:19:36 [SpringApplicationShutdownHook] INFO  o.s.o.j.LocalContainerEntityManagerFactoryBean - Closing JPA EntityManagerFactory for persistence unit 'default'
2026-03-16 20:19:36 [SpringApplicationShutdownHook] INFO  com.zaxxer.hikari.HikariDataSource - HikariPool-1 - Shutdown initiated...
2026-03-16 20:19:36 [SpringApplicationShutdownHook] INFO  com.zaxxer.hikari.HikariDataSource - HikariPool-1 - Shutdown completed.
2026-03-16 20:21:02 [main] INFO  c.e.b.service.AuthServiceTest - Starting AuthServiceTest using Java 25.0.2 with PID 17396 (started by gorin47 in D:\Projects\Bank_REST\bank_rest)
2026-03-16 20:21:02 [main] DEBUG c.e.b.service.AuthServiceTest - Running with Spring Boot v4.0.2, Spring v7.0.3
2026-03-16 20:21:02 [main] INFO  c.e.b.service.AuthServiceTest - No active profile set, falling back to 1 default profile: "default"
2026-03-16 20:21:02 [main] DEBUG o.s.w.c.s.GenericWebApplicationContext - Refreshing org.springframework.web.context.support.GenericWebApplicationContext@1c9e07c6
2026-03-16 20:21:03 [main] INFO  o.s.d.r.c.RepositoryConfigurationDelegate - Bootstrapping Spring Data JPA repositories in DEFAULT mode.
2026-03-16 20:21:03 [main] INFO  o.s.d.r.c.RepositoryConfigurationDelegate - Finished Spring Data repository scanning in 28 ms. Found 4 JPA repository interfaces.
2026-03-16 20:21:04 [main] INFO  com.zaxxer.hikari.HikariDataSource - HikariPool-1 - Starting...
2026-03-16 20:21:04 [main] INFO  com.zaxxer.hikari.pool.HikariPool - HikariPool-1 - Added connection org.postgresql.jdbc.PgConnection@23e297d9
2026-03-16 20:21:04 [main] INFO  com.zaxxer.hikari.HikariDataSource - HikariPool-1 - Start completed.
2026-03-16 20:21:04 [main] INFO  liquibase.database - Set default schema name to public
2026-03-16 20:21:04 [main] INFO  liquibase.changelog - Reading from public.databasechangelog
2026-03-16 20:21:04 [main] INFO  liquibase.ui - Database is up to date, no changesets to execute
2026-03-16 20:21:04 [main] INFO  liquibase.changelog - Reading from public.databasechangelog
2026-03-16 20:21:04 [main] INFO  liquibase.util - UPDATE SUMMARY
2026-03-16 20:21:04 [main] INFO  liquibase.util - Run:                          0
2026-03-16 20:21:04 [main] INFO  liquibase.util - Previously run:               8
2026-03-16 20:21:04 [main] INFO  liquibase.util - Filtered out:                 0
2026-03-16 20:21:04 [main] INFO  liquibase.util - -------------------------------
2026-03-16 20:21:04 [main] INFO  liquibase.util - Total change sets:            8
2026-03-16 20:21:04 [main] INFO  liquibase.util - Update summary generated
2026-03-16 20:21:04 [main] INFO  liquibase.command - Command execution complete
2026-03-16 20:21:05 [main] INFO  org.hibernate.orm.jpa - HHH008540: Processing PersistenceUnitInfo [name: default]
2026-03-16 20:21:05 [main] INFO  org.hibernate.orm.core - HHH000001: Hibernate ORM core version 7.2.1.Final
2026-03-16 20:21:05 [main] INFO  o.s.o.j.p.SpringPersistenceUnitInfo - No LoadTimeWeaver setup: ignoring JPA class transformer
2026-03-16 20:21:05 [main] INFO  o.hibernate.orm.connections.pooling - HHH10001005: Database info:
	Database JDBC URL [jdbc:postgresql://localhost:5432/bankcards]
	Database driver: PostgreSQL JDBC Driver
	Database dialect: PostgreSQLDialect
	Database version: 18.1
	Default catalog/schema: bankcards/public
	Autocommit mode: undefined/unknown
	Isolation level: READ_COMMITTED [default READ_COMMITTED]
	JDBC fetch size: none
	Pool: DataSourceConnectionProvider
	Minimum pool size: undefined/unknown
	Maximum pool size: undefined/unknown
2026-03-16 20:21:06 [main] INFO  org.hibernate.orm.core - HHH000489: No JTA platform available (set 'hibernate.transaction.jta.platform' to enable JTA platform integration)
2026-03-16 20:21:06 [main] DEBUG org.hibernate.SQL - set client_min_messages = WARNING
2026-03-16 20:21:06 [main] DEBUG org.hibernate.SQL - alter table if exists cards drop constraint if exists FKcmanafgwbibfijy2o5isfk3d5
2026-03-16 20:21:06 [main] DEBUG org.hibernate.SQL - alter table if exists tokens drop constraint if exists FK2dylsfo39lgjyqml2tbe0b0ss
2026-03-16 20:21:06 [main] DEBUG org.hibernate.SQL - alter table if exists transactions drop constraint if exists FKt3ofdu7lbh0np62gy109ik7g2
2026-03-16 20:21:06 [main] DEBUG org.hibernate.SQL - alter table if exists transactions drop constraint if exists FK8tq75g5byjdora9epdeke53ny
2026-03-16 20:21:06 [main] DEBUG org.hibernate.SQL - drop table if exists cards cascade
2026-03-16 20:21:06 [main] DEBUG org.hibernate.SQL - drop table if exists roles_old cascade
2026-03-16 20:21:06 [main] DEBUG org.hibernate.SQL - drop table if exists tokens cascade
2026-03-16 20:21:06 [main] DEBUG org.hibernate.SQL - drop table if exists transactions cascade
2026-03-16 20:21:06 [main] DEBUG org.hibernate.SQL - drop table if exists users cascade
2026-03-16 20:21:06 [main] DEBUG org.hibernate.SQL - create table cards (balance numeric(10,2), expiry_date date not null, id bigint generated by default as identity, user_id bigint not null, number varchar(255) not null unique, status varchar(255) not null check ((status in ('NEW_CARD','ACTIVE','BLOCK_REQUEST','BLOCKED','EXPIRED'))), primary key (id))
2026-03-16 20:21:06 [main] DEBUG org.hibernate.SQL - create table roles_old (id bigint generated by default as identity, name varchar(255) not null unique, primary key (id))
2026-03-16 20:21:06 [main] DEBUG org.hibernate.SQL - create table tokens (is_logged_out boolean, id bigint generated by default as identity, user_id bigint, access_token varchar(255), refresh_token varchar(255), primary key (id))
2026-03-16 20:21:06 [main] DEBUG org.hibernate.SQL - create table transactions (amount numeric(10,2) not null, id bigint generated by default as identity, receiver_card_id bigint not null, sender_card_id bigint not null, transaction_date timestamp(6) not null, description varchar(255), status varchar(255) not null check ((status in ('SUCCESSFUL','CANCELED','WAITING','ERROR'))), primary key (id))
2026-03-16 20:21:06 [main] DEBUG org.hibernate.SQL - create table users (created timestamp(6), id bigint generated by default as identity, updated timestamp(6), email varchar(255) not null unique, first_name varchar(255), last_name varchar(255), password_hash varchar(255) not null, role varchar(255) not null check ((role in ('ADMIN','USER','GUEST'))), username varchar(255) not null unique, primary key (id))
2026-03-16 20:21:06 [main] DEBUG org.hibernate.SQL - alter table if exists cards add constraint FKcmanafgwbibfijy2o5isfk3d5 foreign key (user_id) references users
2026-03-16 20:21:06 [main] DEBUG org.hibernate.SQL - alter table if exists tokens add constraint FK2dylsfo39lgjyqml2tbe0b0ss foreign key (user_id) references users
2026-03-16 20:21:06 [main] DEBUG org.hibernate.SQL - alter table if exists transactions add constraint FKt3ofdu7lbh0np62gy109ik7g2 foreign key (receiver_card_id) references cards
2026-03-16 20:21:06 [main] DEBUG org.hibernate.SQL - alter table if exists transactions add constraint FK8tq75g5byjdora9epdeke53ny foreign key (sender_card_id) references cards
2026-03-16 20:21:06 [main] INFO  o.s.o.j.LocalContainerEntityManagerFactoryBean - Initialized JPA EntityManagerFactory for persistence unit 'default'
2026-03-16 20:21:06 [main] INFO  o.s.d.j.r.q.QueryEnhancerFactories - Hibernate is in classpath; If applicable, HQL parser will be used.
2026-03-16 20:21:06 [main] INFO  o.s.s.c.a.a.c.InitializeUserDetailsBeanManagerConfigurer$InitializeUserDetailsManagerConfigurer - Global AuthenticationManager configured with UserDetailsService bean with name userService
2026-03-16 20:21:06 [main] DEBUG o.s.s.web.DefaultSecurityFilterChain - Will secure any request with filters: DisableEncodeUrlFilter, WebAsyncManagerIntegrationFilter, SecurityContextHolderFilter, HeaderWriterFilter, CorsFilter, LogoutFilter, JwtAuthenticationFilter, RequestCacheAwareFilter, SecurityContextHolderAwareRequestFilter, AnonymousAuthenticationFilter, SessionManagementFilter, ExceptionTranslationFilter, AuthorizationFilter
2026-03-16 20:21:06 [main] DEBUG o.s.w.s.m.m.a.RequestMappingHandlerMapping - 28 mappings in 'requestMappingHandlerMapping'
2026-03-16 20:21:06 [main] DEBUG o.s.w.s.h.SimpleUrlHandlerMapping - Patterns [/webjars/**, /**, /swagger-ui/**, /swagger-ui/*swagger-initializer.js, /webjars/*swagger-ui/**, /webjars/*swagger-ui/*swagger-initializer.js, /webjars/*swagger-ui/5.31.0/*swagger-initializer.js] in 'resourceHandlerMapping'
2026-03-16 20:21:06 [main] DEBUG o.s.w.s.m.m.a.RequestMappingHandlerAdapter - ControllerAdvice beans: 0 @ModelAttribute, 0 @InitBinder, 2 RequestBodyAdvice, 1 ResponseBodyAdvice
2026-03-16 20:21:06 [main] DEBUG o.s.w.s.m.m.a.ExceptionHandlerExceptionResolver - ControllerAdvice beans: 2 @ExceptionHandler, 1 ResponseBodyAdvice
2026-03-16 20:21:06 [main] INFO  c.e.b.service.AuthServiceTest - Started AuthServiceTest in 4.272 seconds (process running for 4.87)
2026-03-16 20:21:06 [main] WARN  o.s.c.events.SpringDocAppInitializer - SpringDoc /v3/api-docs endpoint is enabled by default. To disable it in production, set the property 'springdoc.api-docs.enabled=false'
2026-03-16 20:21:06 [main] WARN  o.s.c.events.SpringDocAppInitializer - SpringDoc /swagger-ui.html endpoint is enabled by default. To disable it in production, set the property 'springdoc.swagger-ui.enabled=false'
2026-03-16 20:21:07 [SpringApplicationShutdownHook] DEBUG o.s.w.c.s.GenericWebApplicationContext - Closing org.springframework.web.context.support.GenericWebApplicationContext@1c9e07c6, started on Mon Mar 16 20:21:02 GMT+05:00 2026
2026-03-16 20:21:07 [SpringApplicationShutdownHook] INFO  o.s.o.j.LocalContainerEntityManagerFactoryBean - Closing JPA EntityManagerFactory for persistence unit 'default'
2026-03-16 20:21:07 [SpringApplicationShutdownHook] INFO  com.zaxxer.hikari.HikariDataSource - HikariPool-1 - Shutdown initiated...
2026-03-16 20:21:07 [SpringApplicationShutdownHook] INFO  com.zaxxer.hikari.HikariDataSource - HikariPool-1 - Shutdown completed.
2026-03-16 20:21:42 [main] INFO  c.e.b.service.AuthServiceTest - Starting AuthServiceTest using Java 25.0.2 with PID 6276 (started by gorin47 in D:\Projects\Bank_REST\bank_rest)
2026-03-16 20:21:42 [main] DEBUG c.e.b.service.AuthServiceTest - Running with Spring Boot v4.0.2, Spring v7.0.3
2026-03-16 20:21:42 [main] INFO  c.e.b.service.AuthServiceTest - No active profile set, falling back to 1 default profile: "default"
2026-03-16 20:21:42 [main] DEBUG o.s.w.c.s.GenericWebApplicationContext - Refreshing org.springframework.web.context.support.GenericWebApplicationContext@1c9e07c6
2026-03-16 20:21:42 [main] INFO  o.s.d.r.c.RepositoryConfigurationDelegate - Bootstrapping Spring Data JPA repositories in DEFAULT mode.
2026-03-16 20:21:42 [main] INFO  o.s.d.r.c.RepositoryConfigurationDelegate - Finished Spring Data repository scanning in 26 ms. Found 4 JPA repository interfaces.
2026-03-16 20:21:43 [main] INFO  com.zaxxer.hikari.HikariDataSource - HikariPool-1 - Starting...
2026-03-16 20:21:43 [main] INFO  com.zaxxer.hikari.pool.HikariPool - HikariPool-1 - Added connection org.postgresql.jdbc.PgConnection@23e297d9
2026-03-16 20:21:43 [main] INFO  com.zaxxer.hikari.HikariDataSource - HikariPool-1 - Start completed.
2026-03-16 20:21:43 [main] INFO  liquibase.database - Set default schema name to public
2026-03-16 20:21:43 [main] INFO  liquibase.changelog - Reading from public.databasechangelog
2026-03-16 20:21:44 [main] INFO  liquibase.ui - Database is up to date, no changesets to execute
2026-03-16 20:21:44 [main] INFO  liquibase.changelog - Reading from public.databasechangelog
2026-03-16 20:21:44 [main] INFO  liquibase.util - UPDATE SUMMARY
2026-03-16 20:21:44 [main] INFO  liquibase.util - Run:                          0
2026-03-16 20:21:44 [main] INFO  liquibase.util - Previously run:               8
2026-03-16 20:21:44 [main] INFO  liquibase.util - Filtered out:                 0
2026-03-16 20:21:44 [main] INFO  liquibase.util - -------------------------------
2026-03-16 20:21:44 [main] INFO  liquibase.util - Total change sets:            8
2026-03-16 20:21:44 [main] INFO  liquibase.util - Update summary generated
2026-03-16 20:21:44 [main] INFO  liquibase.command - Command execution complete
2026-03-16 20:21:44 [main] INFO  org.hibernate.orm.jpa - HHH008540: Processing PersistenceUnitInfo [name: default]
2026-03-16 20:21:44 [main] INFO  org.hibernate.orm.core - HHH000001: Hibernate ORM core version 7.2.1.Final
2026-03-16 20:21:44 [main] INFO  o.s.o.j.p.SpringPersistenceUnitInfo - No LoadTimeWeaver setup: ignoring JPA class transformer
2026-03-16 20:21:44 [main] INFO  o.hibernate.orm.connections.pooling - HHH10001005: Database info:
	Database JDBC URL [jdbc:postgresql://localhost:5432/bankcards]
	Database driver: PostgreSQL JDBC Driver
	Database dialect: PostgreSQLDialect
	Database version: 18.1
	Default catalog/schema: bankcards/public
	Autocommit mode: undefined/unknown
	Isolation level: READ_COMMITTED [default READ_COMMITTED]
	JDBC fetch size: none
	Pool: DataSourceConnectionProvider
	Minimum pool size: undefined/unknown
	Maximum pool size: undefined/unknown
2026-03-16 20:21:45 [main] INFO  org.hibernate.orm.core - HHH000489: No JTA platform available (set 'hibernate.transaction.jta.platform' to enable JTA platform integration)
2026-03-16 20:21:45 [main] DEBUG org.hibernate.SQL - set client_min_messages = WARNING
2026-03-16 20:21:45 [main] DEBUG org.hibernate.SQL - alter table if exists cards drop constraint if exists FKcmanafgwbibfijy2o5isfk3d5
2026-03-16 20:21:45 [main] DEBUG org.hibernate.SQL - alter table if exists tokens drop constraint if exists FK2dylsfo39lgjyqml2tbe0b0ss
2026-03-16 20:21:45 [main] DEBUG org.hibernate.SQL - alter table if exists transactions drop constraint if exists FKt3ofdu7lbh0np62gy109ik7g2
2026-03-16 20:21:45 [main] DEBUG org.hibernate.SQL - alter table if exists transactions drop constraint if exists FK8tq75g5byjdora9epdeke53ny
2026-03-16 20:21:45 [main] DEBUG org.hibernate.SQL - drop table if exists cards cascade
2026-03-16 20:21:45 [main] DEBUG org.hibernate.SQL - drop table if exists roles_old cascade
2026-03-16 20:21:45 [main] DEBUG org.hibernate.SQL - drop table if exists tokens cascade
2026-03-16 20:21:45 [main] DEBUG org.hibernate.SQL - drop table if exists transactions cascade
2026-03-16 20:21:45 [main] DEBUG org.hibernate.SQL - drop table if exists users cascade
2026-03-16 20:21:45 [main] DEBUG org.hibernate.SQL - create table cards (balance numeric(10,2), expiry_date date not null, id bigint generated by default as identity, user_id bigint not null, number varchar(255) not null unique, status varchar(255) not null check ((status in ('NEW_CARD','ACTIVE','BLOCK_REQUEST','BLOCKED','EXPIRED'))), primary key (id))
2026-03-16 20:21:45 [main] DEBUG org.hibernate.SQL - create table roles_old (id bigint generated by default as identity, name varchar(255) not null unique, primary key (id))
2026-03-16 20:21:45 [main] DEBUG org.hibernate.SQL - create table tokens (is_logged_out boolean, id bigint generated by default as identity, user_id bigint, access_token varchar(255), refresh_token varchar(255), primary key (id))
2026-03-16 20:21:45 [main] DEBUG org.hibernate.SQL - create table transactions (amount numeric(10,2) not null, id bigint generated by default as identity, receiver_card_id bigint not null, sender_card_id bigint not null, transaction_date timestamp(6) not null, description varchar(255), status varchar(255) not null check ((status in ('SUCCESSFUL','CANCELED','WAITING','ERROR'))), primary key (id))
2026-03-16 20:21:45 [main] DEBUG org.hibernate.SQL - create table users (created timestamp(6), id bigint generated by default as identity, updated timestamp(6), email varchar(255) not null unique, first_name varchar(255), last_name varchar(255), password_hash varchar(255) not null, role varchar(255) not null check ((role in ('ADMIN','USER','GUEST'))), username varchar(255) not null unique, primary key (id))
2026-03-16 20:21:45 [main] DEBUG org.hibernate.SQL - alter table if exists cards add constraint FKcmanafgwbibfijy2o5isfk3d5 foreign key (user_id) references users
2026-03-16 20:21:45 [main] DEBUG org.hibernate.SQL - alter table if exists tokens add constraint FK2dylsfo39lgjyqml2tbe0b0ss foreign key (user_id) references users
2026-03-16 20:21:45 [main] DEBUG org.hibernate.SQL - alter table if exists transactions add constraint FKt3ofdu7lbh0np62gy109ik7g2 foreign key (receiver_card_id) references cards
2026-03-16 20:21:45 [main] DEBUG org.hibernate.SQL - alter table if exists transactions add constraint FK8tq75g5byjdora9epdeke53ny foreign key (sender_card_id) references cards
2026-03-16 20:21:45 [main] INFO  o.s.o.j.LocalContainerEntityManagerFactoryBean - Initialized JPA EntityManagerFactory for persistence unit 'default'
2026-03-16 20:21:45 [main] INFO  o.s.d.j.r.q.QueryEnhancerFactories - Hibernate is in classpath; If applicable, HQL parser will be used.
2026-03-16 20:21:45 [main] INFO  o.s.s.c.a.a.c.InitializeUserDetailsBeanManagerConfigurer$InitializeUserDetailsManagerConfigurer - Global AuthenticationManager configured with UserDetailsService bean with name userService
2026-03-16 20:21:45 [main] DEBUG o.s.s.web.DefaultSecurityFilterChain - Will secure any request with filters: DisableEncodeUrlFilter, WebAsyncManagerIntegrationFilter, SecurityContextHolderFilter, HeaderWriterFilter, CorsFilter, LogoutFilter, JwtAuthenticationFilter, RequestCacheAwareFilter, SecurityContextHolderAwareRequestFilter, AnonymousAuthenticationFilter, SessionManagementFilter, ExceptionTranslationFilter, AuthorizationFilter
2026-03-16 20:21:46 [main] DEBUG o.s.w.s.m.m.a.RequestMappingHandlerMapping - 28 mappings in 'requestMappingHandlerMapping'
2026-03-16 20:21:46 [main] DEBUG o.s.w.s.h.SimpleUrlHandlerMapping - Patterns [/webjars/**, /**, /swagger-ui/**, /swagger-ui/*swagger-initializer.js, /webjars/*swagger-ui/**, /webjars/*swagger-ui/*swagger-initializer.js, /webjars/*swagger-ui/5.31.0/*swagger-initializer.js] in 'resourceHandlerMapping'
2026-03-16 20:21:46 [main] DEBUG o.s.w.s.m.m.a.RequestMappingHandlerAdapter - ControllerAdvice beans: 0 @ModelAttribute, 0 @InitBinder, 2 RequestBodyAdvice, 1 ResponseBodyAdvice
2026-03-16 20:21:46 [main] DEBUG o.s.w.s.m.m.a.ExceptionHandlerExceptionResolver - ControllerAdvice beans: 2 @ExceptionHandler, 1 ResponseBodyAdvice
2026-03-16 20:21:46 [main] INFO  c.e.b.service.AuthServiceTest - Started AuthServiceTest in 3.917 seconds (process running for 4.514)
2026-03-16 20:21:46 [main] WARN  o.s.c.events.SpringDocAppInitializer - SpringDoc /v3/api-docs endpoint is enabled by default. To disable it in production, set the property 'springdoc.api-docs.enabled=false'
2026-03-16 20:21:46 [main] WARN  o.s.c.events.SpringDocAppInitializer - SpringDoc /swagger-ui.html endpoint is enabled by default. To disable it in production, set the property 'springdoc.swagger-ui.enabled=false'
2026-03-16 20:21:46 [SpringApplicationShutdownHook] DEBUG o.s.w.c.s.GenericWebApplicationContext - Closing org.springframework.web.context.support.GenericWebApplicationContext@1c9e07c6, started on Mon Mar 16 20:21:42 GMT+05:00 2026
2026-03-16 20:21:46 [SpringApplicationShutdownHook] INFO  o.s.o.j.LocalContainerEntityManagerFactoryBean - Closing JPA EntityManagerFactory for persistence unit 'default'
2026-03-16 20:21:46 [SpringApplicationShutdownHook] INFO  com.zaxxer.hikari.HikariDataSource - HikariPool-1 - Shutdown initiated...
2026-03-16 20:21:46 [SpringApplicationShutdownHook] INFO  com.zaxxer.hikari.HikariDataSource - HikariPool-1 - Shutdown completed.
2026-03-16 20:23:17 [main] INFO  c.e.b.service.AuthServiceTest - Starting AuthServiceTest using Java 25.0.2 with PID 10964 (started by gorin47 in D:\Projects\Bank_REST\bank_rest)
2026-03-16 20:23:17 [main] DEBUG c.e.b.service.AuthServiceTest - Running with Spring Boot v4.0.2, Spring v7.0.3
2026-03-16 20:23:17 [main] INFO  c.e.b.service.AuthServiceTest - No active profile set, falling back to 1 default profile: "default"
2026-03-16 20:23:17 [main] DEBUG o.s.w.c.s.GenericWebApplicationContext - Refreshing org.springframework.web.context.support.GenericWebApplicationContext@1c9e07c6
2026-03-16 20:23:17 [main] INFO  o.s.d.r.c.RepositoryConfigurationDelegate - Bootstrapping Spring Data JPA repositories in DEFAULT mode.
2026-03-16 20:23:17 [main] INFO  o.s.d.r.c.RepositoryConfigurationDelegate - Finished Spring Data repository scanning in 27 ms. Found 4 JPA repository interfaces.
2026-03-16 20:23:18 [main] INFO  com.zaxxer.hikari.HikariDataSource - HikariPool-1 - Starting...
2026-03-16 20:23:18 [main] INFO  com.zaxxer.hikari.pool.HikariPool - HikariPool-1 - Added connection org.postgresql.jdbc.PgConnection@23e297d9
2026-03-16 20:23:18 [main] INFO  com.zaxxer.hikari.HikariDataSource - HikariPool-1 - Start completed.
2026-03-16 20:23:18 [main] INFO  liquibase.database - Set default schema name to public
2026-03-16 20:23:18 [main] INFO  liquibase.changelog - Reading from public.databasechangelog
2026-03-16 20:23:18 [main] INFO  liquibase.ui - Database is up to date, no changesets to execute
2026-03-16 20:23:18 [main] INFO  liquibase.changelog - Reading from public.databasechangelog
2026-03-16 20:23:18 [main] INFO  liquibase.util - UPDATE SUMMARY
2026-03-16 20:23:18 [main] INFO  liquibase.util - Run:                          0
2026-03-16 20:23:18 [main] INFO  liquibase.util - Previously run:               8
2026-03-16 20:23:18 [main] INFO  liquibase.util - Filtered out:                 0
2026-03-16 20:23:18 [main] INFO  liquibase.util - -------------------------------
2026-03-16 20:23:18 [main] INFO  liquibase.util - Total change sets:            8
2026-03-16 20:23:18 [main] INFO  liquibase.util - Update summary generated
2026-03-16 20:23:18 [main] INFO  liquibase.command - Command execution complete
2026-03-16 20:23:19 [main] INFO  org.hibernate.orm.jpa - HHH008540: Processing PersistenceUnitInfo [name: default]
2026-03-16 20:23:19 [main] INFO  org.hibernate.orm.core - HHH000001: Hibernate ORM core version 7.2.1.Final
2026-03-16 20:23:19 [main] INFO  o.s.o.j.p.SpringPersistenceUnitInfo - No LoadTimeWeaver setup: ignoring JPA class transformer
2026-03-16 20:23:19 [main] INFO  o.hibernate.orm.connections.pooling - HHH10001005: Database info:
	Database JDBC URL [jdbc:postgresql://localhost:5432/bankcards]
	Database driver: PostgreSQL JDBC Driver
	Database dialect: PostgreSQLDialect
	Database version: 18.1
	Default catalog/schema: bankcards/public
	Autocommit mode: undefined/unknown
	Isolation level: READ_COMMITTED [default READ_COMMITTED]
	JDBC fetch size: none
	Pool: DataSourceConnectionProvider
	Minimum pool size: undefined/unknown
	Maximum pool size: undefined/unknown
2026-03-16 20:23:20 [main] INFO  org.hibernate.orm.core - HHH000489: No JTA platform available (set 'hibernate.transaction.jta.platform' to enable JTA platform integration)
2026-03-16 20:23:20 [main] DEBUG org.hibernate.SQL - set client_min_messages = WARNING
2026-03-16 20:23:20 [main] DEBUG org.hibernate.SQL - alter table if exists cards drop constraint if exists FKcmanafgwbibfijy2o5isfk3d5
2026-03-16 20:23:20 [main] DEBUG org.hibernate.SQL - alter table if exists tokens drop constraint if exists FK2dylsfo39lgjyqml2tbe0b0ss
2026-03-16 20:23:20 [main] DEBUG org.hibernate.SQL - alter table if exists transactions drop constraint if exists FKt3ofdu7lbh0np62gy109ik7g2
2026-03-16 20:23:20 [main] DEBUG org.hibernate.SQL - alter table if exists transactions drop constraint if exists FK8tq75g5byjdora9epdeke53ny
2026-03-16 20:23:20 [main] DEBUG org.hibernate.SQL - drop table if exists cards cascade
2026-03-16 20:23:20 [main] DEBUG org.hibernate.SQL - drop table if exists roles_old cascade
2026-03-16 20:23:20 [main] DEBUG org.hibernate.SQL - drop table if exists tokens cascade
2026-03-16 20:23:20 [main] DEBUG org.hibernate.SQL - drop table if exists transactions cascade
2026-03-16 20:23:20 [main] DEBUG org.hibernate.SQL - drop table if exists users cascade
2026-03-16 20:23:20 [main] DEBUG org.hibernate.SQL - create table cards (balance numeric(10,2), expiry_date date not null, id bigint generated by default as identity, user_id bigint not null, number varchar(255) not null unique, status varchar(255) not null check ((status in ('NEW_CARD','ACTIVE','BLOCK_REQUEST','BLOCKED','EXPIRED'))), primary key (id))
2026-03-16 20:23:20 [main] DEBUG org.hibernate.SQL - create table roles_old (id bigint generated by default as identity, name varchar(255) not null unique, primary key (id))
2026-03-16 20:23:20 [main] DEBUG org.hibernate.SQL - create table tokens (is_logged_out boolean, id bigint generated by default as identity, user_id bigint, access_token varchar(255), refresh_token varchar(255), primary key (id))
2026-03-16 20:23:20 [main] DEBUG org.hibernate.SQL - create table transactions (amount numeric(10,2) not null, id bigint generated by default as identity, receiver_card_id bigint not null, sender_card_id bigint not null, transaction_date timestamp(6) not null, description varchar(255), status varchar(255) not null check ((status in ('SUCCESSFUL','CANCELED','WAITING','ERROR'))), primary key (id))
2026-03-16 20:23:20 [main] DEBUG org.hibernate.SQL - create table users (created timestamp(6), id bigint generated by default as identity, updated timestamp(6), email varchar(255) not null unique, first_name varchar(255), last_name varchar(255), password_hash varchar(255) not null, role varchar(255) not null check ((role in ('ADMIN','USER','GUEST'))), username varchar(255) not null unique, primary key (id))
2026-03-16 20:23:20 [main] DEBUG org.hibernate.SQL - alter table if exists cards add constraint FKcmanafgwbibfijy2o5isfk3d5 foreign key (user_id) references users
2026-03-16 20:23:20 [main] DEBUG org.hibernate.SQL - alter table if exists tokens add constraint FK2dylsfo39lgjyqml2tbe0b0ss foreign key (user_id) references users
2026-03-16 20:23:20 [main] DEBUG org.hibernate.SQL - alter table if exists transactions add constraint FKt3ofdu7lbh0np62gy109ik7g2 foreign key (receiver_card_id) references cards
2026-03-16 20:23:20 [main] DEBUG org.hibernate.SQL - alter table if exists transactions add constraint FK8tq75g5byjdora9epdeke53ny foreign key (sender_card_id) references cards
2026-03-16 20:23:20 [main] INFO  o.s.o.j.LocalContainerEntityManagerFactoryBean - Initialized JPA EntityManagerFactory for persistence unit 'default'
2026-03-16 20:23:20 [main] INFO  o.s.d.j.r.q.QueryEnhancerFactories - Hibernate is in classpath; If applicable, HQL parser will be used.
2026-03-16 20:23:20 [main] INFO  o.s.s.c.a.a.c.InitializeUserDetailsBeanManagerConfigurer$InitializeUserDetailsManagerConfigurer - Global AuthenticationManager configured with UserDetailsService bean with name userService
2026-03-16 20:23:20 [main] DEBUG o.s.s.web.DefaultSecurityFilterChain - Will secure any request with filters: DisableEncodeUrlFilter, WebAsyncManagerIntegrationFilter, SecurityContextHolderFilter, HeaderWriterFilter, CorsFilter, LogoutFilter, JwtAuthenticationFilter, RequestCacheAwareFilter, SecurityContextHolderAwareRequestFilter, AnonymousAuthenticationFilter, SessionManagementFilter, ExceptionTranslationFilter, AuthorizationFilter
2026-03-16 20:23:20 [main] DEBUG o.s.w.s.m.m.a.RequestMappingHandlerMapping - 28 mappings in 'requestMappingHandlerMapping'
2026-03-16 20:23:20 [main] DEBUG o.s.w.s.h.SimpleUrlHandlerMapping - Patterns [/webjars/**, /**, /swagger-ui/**, /swagger-ui/*swagger-initializer.js, /webjars/*swagger-ui/**, /webjars/*swagger-ui/*swagger-initializer.js, /webjars/*swagger-ui/5.31.0/*swagger-initializer.js] in 'resourceHandlerMapping'
2026-03-16 20:23:20 [main] DEBUG o.s.w.s.m.m.a.RequestMappingHandlerAdapter - ControllerAdvice beans: 0 @ModelAttribute, 0 @InitBinder, 2 RequestBodyAdvice, 1 ResponseBodyAdvice
2026-03-16 20:23:21 [main] DEBUG o.s.w.s.m.m.a.ExceptionHandlerExceptionResolver - ControllerAdvice beans: 2 @ExceptionHandler, 1 ResponseBodyAdvice
2026-03-16 20:23:21 [main] INFO  c.e.b.service.AuthServiceTest - Started AuthServiceTest in 4.119 seconds (process running for 4.726)
2026-03-16 20:23:21 [main] WARN  o.s.c.events.SpringDocAppInitializer - SpringDoc /v3/api-docs endpoint is enabled by default. To disable it in production, set the property 'springdoc.api-docs.enabled=false'
2026-03-16 20:23:21 [main] WARN  o.s.c.events.SpringDocAppInitializer - SpringDoc /swagger-ui.html endpoint is enabled by default. To disable it in production, set the property 'springdoc.swagger-ui.enabled=false'
2026-03-16 20:23:21 [SpringApplicationShutdownHook] DEBUG o.s.w.c.s.GenericWebApplicationContext - Closing org.springframework.web.context.support.GenericWebApplicationContext@1c9e07c6, started on Mon Mar 16 20:23:17 GMT+05:00 2026
2026-03-16 20:23:21 [SpringApplicationShutdownHook] INFO  o.s.o.j.LocalContainerEntityManagerFactoryBean - Closing JPA EntityManagerFactory for persistence unit 'default'
2026-03-16 20:23:21 [SpringApplicationShutdownHook] INFO  com.zaxxer.hikari.HikariDataSource - HikariPool-1 - Shutdown initiated...
2026-03-16 20:23:21 [SpringApplicationShutdownHook] INFO  com.zaxxer.hikari.HikariDataSource - HikariPool-1 - Shutdown completed.
2026-03-16 20:24:51 [main] INFO  c.e.b.service.AuthServiceTest - Starting AuthServiceTest using Java 25.0.2 with PID 11504 (started by gorin47 in D:\Projects\Bank_REST\bank_rest)
2026-03-16 20:24:51 [main] DEBUG c.e.b.service.AuthServiceTest - Running with Spring Boot v4.0.2, Spring v7.0.3
2026-03-16 20:24:51 [main] INFO  c.e.b.service.AuthServiceTest - No active profile set, falling back to 1 default profile: "default"
2026-03-16 20:24:51 [main] DEBUG o.s.w.c.s.GenericWebApplicationContext - Refreshing org.springframework.web.context.support.GenericWebApplicationContext@1c9e07c6
2026-03-16 20:24:51 [main] INFO  o.s.d.r.c.RepositoryConfigurationDelegate - Bootstrapping Spring Data JPA repositories in DEFAULT mode.
2026-03-16 20:24:51 [main] INFO  o.s.d.r.c.RepositoryConfigurationDelegate - Finished Spring Data repository scanning in 26 ms. Found 4 JPA repository interfaces.
2026-03-16 20:24:52 [main] INFO  com.zaxxer.hikari.HikariDataSource - HikariPool-1 - Starting...
2026-03-16 20:24:52 [main] INFO  com.zaxxer.hikari.pool.HikariPool - HikariPool-1 - Added connection org.postgresql.jdbc.PgConnection@23e297d9
2026-03-16 20:24:52 [main] INFO  com.zaxxer.hikari.HikariDataSource - HikariPool-1 - Start completed.
2026-03-16 20:24:52 [main] INFO  liquibase.database - Set default schema name to public
2026-03-16 20:24:52 [main] INFO  liquibase.changelog - Reading from public.databasechangelog
2026-03-16 20:24:53 [main] INFO  liquibase.ui - Database is up to date, no changesets to execute
2026-03-16 20:24:53 [main] INFO  liquibase.changelog - Reading from public.databasechangelog
2026-03-16 20:24:53 [main] INFO  liquibase.util - UPDATE SUMMARY
2026-03-16 20:24:53 [main] INFO  liquibase.util - Run:                          0
2026-03-16 20:24:53 [main] INFO  liquibase.util - Previously run:               8
2026-03-16 20:24:53 [main] INFO  liquibase.util - Filtered out:                 0
2026-03-16 20:24:53 [main] INFO  liquibase.util - -------------------------------
2026-03-16 20:24:53 [main] INFO  liquibase.util - Total change sets:            8
2026-03-16 20:24:53 [main] INFO  liquibase.util - Update summary generated
2026-03-16 20:24:53 [main] INFO  liquibase.command - Command execution complete
2026-03-16 20:24:53 [main] INFO  org.hibernate.orm.jpa - HHH008540: Processing PersistenceUnitInfo [name: default]
2026-03-16 20:24:53 [main] INFO  org.hibernate.orm.core - HHH000001: Hibernate ORM core version 7.2.1.Final
2026-03-16 20:24:53 [main] INFO  o.s.o.j.p.SpringPersistenceUnitInfo - No LoadTimeWeaver setup: ignoring JPA class transformer
2026-03-16 20:24:53 [main] INFO  o.hibernate.orm.connections.pooling - HHH10001005: Database info:
	Database JDBC URL [jdbc:postgresql://localhost:5432/bankcards]
	Database driver: PostgreSQL JDBC Driver
	Database dialect: PostgreSQLDialect
	Database version: 18.1
	Default catalog/schema: bankcards/public
	Autocommit mode: undefined/unknown
	Isolation level: READ_COMMITTED [default READ_COMMITTED]
	JDBC fetch size: none
	Pool: DataSourceConnectionProvider
	Minimum pool size: undefined/unknown
	Maximum pool size: undefined/unknown
2026-03-16 20:24:54 [main] INFO  org.hibernate.orm.core - HHH000489: No JTA platform available (set 'hibernate.transaction.jta.platform' to enable JTA platform integration)
2026-03-16 20:24:54 [main] DEBUG org.hibernate.SQL - set client_min_messages = WARNING
2026-03-16 20:24:54 [main] DEBUG org.hibernate.SQL - alter table if exists cards drop constraint if exists FKcmanafgwbibfijy2o5isfk3d5
2026-03-16 20:24:54 [main] DEBUG org.hibernate.SQL - alter table if exists tokens drop constraint if exists FK2dylsfo39lgjyqml2tbe0b0ss
2026-03-16 20:24:54 [main] DEBUG org.hibernate.SQL - alter table if exists transactions drop constraint if exists FKt3ofdu7lbh0np62gy109ik7g2
2026-03-16 20:24:54 [main] DEBUG org.hibernate.SQL - alter table if exists transactions drop constraint if exists FK8tq75g5byjdora9epdeke53ny
2026-03-16 20:24:54 [main] DEBUG org.hibernate.SQL - drop table if exists cards cascade
2026-03-16 20:24:54 [main] DEBUG org.hibernate.SQL - drop table if exists roles_old cascade
2026-03-16 20:24:54 [main] DEBUG org.hibernate.SQL - drop table if exists tokens cascade
2026-03-16 20:24:54 [main] DEBUG org.hibernate.SQL - drop table if exists transactions cascade
2026-03-16 20:24:54 [main] DEBUG org.hibernate.SQL - drop table if exists users cascade
2026-03-16 20:24:54 [main] DEBUG org.hibernate.SQL - create table cards (balance numeric(10,2), expiry_date date not null, id bigint generated by default as identity, user_id bigint not null, number varchar(255) not null unique, status varchar(255) not null check ((status in ('NEW_CARD','ACTIVE','BLOCK_REQUEST','BLOCKED','EXPIRED'))), primary key (id))
2026-03-16 20:24:54 [main] DEBUG org.hibernate.SQL - create table roles_old (id bigint generated by default as identity, name varchar(255) not null unique, primary key (id))
2026-03-16 20:24:54 [main] DEBUG org.hibernate.SQL - create table tokens (is_logged_out boolean, id bigint generated by default as identity, user_id bigint, access_token varchar(255), refresh_token varchar(255), primary key (id))
2026-03-16 20:24:54 [main] DEBUG org.hibernate.SQL - create table transactions (amount numeric(10,2) not null, id bigint generated by default as identity, receiver_card_id bigint not null, sender_card_id bigint not null, transaction_date timestamp(6) not null, description varchar(255), status varchar(255) not null check ((status in ('SUCCESSFUL','CANCELED','WAITING','ERROR'))), primary key (id))
2026-03-16 20:24:54 [main] DEBUG org.hibernate.SQL - create table users (created timestamp(6), id bigint generated by default as identity, updated timestamp(6), email varchar(255) not null unique, first_name varchar(255), last_name varchar(255), password_hash varchar(255) not null, role varchar(255) not null check ((role in ('ADMIN','USER','GUEST'))), username varchar(255) not null unique, primary key (id))
2026-03-16 20:24:54 [main] DEBUG org.hibernate.SQL - alter table if exists cards add constraint FKcmanafgwbibfijy2o5isfk3d5 foreign key (user_id) references users
2026-03-16 20:24:54 [main] DEBUG org.hibernate.SQL - alter table if exists tokens add constraint FK2dylsfo39lgjyqml2tbe0b0ss foreign key (user_id) references users
2026-03-16 20:24:54 [main] DEBUG org.hibernate.SQL - alter table if exists transactions add constraint FKt3ofdu7lbh0np62gy109ik7g2 foreign key (receiver_card_id) references cards
2026-03-16 20:24:54 [main] DEBUG org.hibernate.SQL - alter table if exists transactions add constraint FK8tq75g5byjdora9epdeke53ny foreign key (sender_card_id) references cards
2026-03-16 20:24:54 [main] INFO  o.s.o.j.LocalContainerEntityManagerFactoryBean - Initialized JPA EntityManagerFactory for persistence unit 'default'
2026-03-16 20:24:54 [main] INFO  o.s.d.j.r.q.QueryEnhancerFactories - Hibernate is in classpath; If applicable, HQL parser will be used.
2026-03-16 20:24:54 [main] INFO  o.s.s.c.a.a.c.InitializeUserDetailsBeanManagerConfigurer$InitializeUserDetailsManagerConfigurer - Global AuthenticationManager configured with UserDetailsService bean with name userService
2026-03-16 20:24:54 [main] DEBUG o.s.s.web.DefaultSecurityFilterChain - Will secure any request with filters: DisableEncodeUrlFilter, WebAsyncManagerIntegrationFilter, SecurityContextHolderFilter, HeaderWriterFilter, CorsFilter, LogoutFilter, JwtAuthenticationFilter, RequestCacheAwareFilter, SecurityContextHolderAwareRequestFilter, AnonymousAuthenticationFilter, SessionManagementFilter, ExceptionTranslationFilter, AuthorizationFilter
2026-03-16 20:24:55 [main] DEBUG o.s.w.s.m.m.a.RequestMappingHandlerMapping - 28 mappings in 'requestMappingHandlerMapping'
2026-03-16 20:24:55 [main] DEBUG o.s.w.s.h.SimpleUrlHandlerMapping - Patterns [/webjars/**, /**, /swagger-ui/**, /swagger-ui/*swagger-initializer.js, /webjars/*swagger-ui/**, /webjars/*swagger-ui/*swagger-initializer.js, /webjars/*swagger-ui/5.31.0/*swagger-initializer.js] in 'resourceHandlerMapping'
2026-03-16 20:24:55 [main] DEBUG o.s.w.s.m.m.a.RequestMappingHandlerAdapter - ControllerAdvice beans: 0 @ModelAttribute, 0 @InitBinder, 2 RequestBodyAdvice, 1 ResponseBodyAdvice
2026-03-16 20:24:55 [main] DEBUG o.s.w.s.m.m.a.ExceptionHandlerExceptionResolver - ControllerAdvice beans: 2 @ExceptionHandler, 1 ResponseBodyAdvice
2026-03-16 20:24:55 [main] INFO  c.e.b.service.AuthServiceTest - Started AuthServiceTest in 3.978 seconds (process running for 4.587)
2026-03-16 20:24:55 [main] WARN  o.s.c.events.SpringDocAppInitializer - SpringDoc /v3/api-docs endpoint is enabled by default. To disable it in production, set the property 'springdoc.api-docs.enabled=false'
2026-03-16 20:24:55 [main] WARN  o.s.c.events.SpringDocAppInitializer - SpringDoc /swagger-ui.html endpoint is enabled by default. To disable it in production, set the property 'springdoc.swagger-ui.enabled=false'
2026-03-16 20:24:55 [SpringApplicationShutdownHook] DEBUG o.s.w.c.s.GenericWebApplicationContext - Closing org.springframework.web.context.support.GenericWebApplicationContext@1c9e07c6, started on Mon Mar 16 20:24:51 GMT+05:00 2026
2026-03-16 20:24:55 [SpringApplicationShutdownHook] INFO  o.s.o.j.LocalContainerEntityManagerFactoryBean - Closing JPA EntityManagerFactory for persistence unit 'default'
2026-03-16 20:24:55 [SpringApplicationShutdownHook] INFO  com.zaxxer.hikari.HikariDataSource - HikariPool-1 - Shutdown initiated...
2026-03-16 20:24:55 [SpringApplicationShutdownHook] INFO  com.zaxxer.hikari.HikariDataSource - HikariPool-1 - Shutdown completed.
2026-03-16 20:28:06 [main] INFO  c.e.b.service.AuthServiceTest - Starting AuthServiceTest using Java 25.0.2 with PID 3376 (started by gorin47 in D:\Projects\Bank_REST\bank_rest)
2026-03-16 20:28:06 [main] DEBUG c.e.b.service.AuthServiceTest - Running with Spring Boot v4.0.2, Spring v7.0.3
2026-03-16 20:28:06 [main] INFO  c.e.b.service.AuthServiceTest - No active profile set, falling back to 1 default profile: "default"
2026-03-16 20:28:06 [main] DEBUG o.s.w.c.s.GenericWebApplicationContext - Refreshing org.springframework.web.context.support.GenericWebApplicationContext@1c9e07c6
2026-03-16 20:28:06 [main] INFO  o.s.d.r.c.RepositoryConfigurationDelegate - Bootstrapping Spring Data JPA repositories in DEFAULT mode.
2026-03-16 20:28:06 [main] INFO  o.s.d.r.c.RepositoryConfigurationDelegate - Finished Spring Data repository scanning in 28 ms. Found 4 JPA repository interfaces.
2026-03-16 20:28:07 [main] INFO  com.zaxxer.hikari.HikariDataSource - HikariPool-1 - Starting...
2026-03-16 20:28:07 [main] INFO  com.zaxxer.hikari.pool.HikariPool - HikariPool-1 - Added connection org.postgresql.jdbc.PgConnection@23e297d9
2026-03-16 20:28:07 [main] INFO  com.zaxxer.hikari.HikariDataSource - HikariPool-1 - Start completed.
2026-03-16 20:28:07 [main] INFO  liquibase.database - Set default schema name to public
2026-03-16 20:28:07 [main] INFO  liquibase.changelog - Reading from public.databasechangelog
2026-03-16 20:28:07 [main] INFO  liquibase.ui - Database is up to date, no changesets to execute
2026-03-16 20:28:07 [main] INFO  liquibase.changelog - Reading from public.databasechangelog
2026-03-16 20:28:07 [main] INFO  liquibase.util - UPDATE SUMMARY
2026-03-16 20:28:07 [main] INFO  liquibase.util - Run:                          0
2026-03-16 20:28:07 [main] INFO  liquibase.util - Previously run:               8
2026-03-16 20:28:07 [main] INFO  liquibase.util - Filtered out:                 0
2026-03-16 20:28:07 [main] INFO  liquibase.util - -------------------------------
2026-03-16 20:28:07 [main] INFO  liquibase.util - Total change sets:            8
2026-03-16 20:28:07 [main] INFO  liquibase.util - Update summary generated
2026-03-16 20:28:07 [main] INFO  liquibase.command - Command execution complete
2026-03-16 20:28:08 [main] INFO  org.hibernate.orm.jpa - HHH008540: Processing PersistenceUnitInfo [name: default]
2026-03-16 20:28:08 [main] INFO  org.hibernate.orm.core - HHH000001: Hibernate ORM core version 7.2.1.Final
2026-03-16 20:28:08 [main] INFO  o.s.o.j.p.SpringPersistenceUnitInfo - No LoadTimeWeaver setup: ignoring JPA class transformer
2026-03-16 20:28:08 [main] INFO  o.hibernate.orm.connections.pooling - HHH10001005: Database info:
	Database JDBC URL [jdbc:postgresql://localhost:5432/bankcards]
	Database driver: PostgreSQL JDBC Driver
	Database dialect: PostgreSQLDialect
	Database version: 18.1
	Default catalog/schema: bankcards/public
	Autocommit mode: undefined/unknown
	Isolation level: READ_COMMITTED [default READ_COMMITTED]
	JDBC fetch size: none
	Pool: DataSourceConnectionProvider
	Minimum pool size: undefined/unknown
	Maximum pool size: undefined/unknown
2026-03-16 20:28:09 [main] INFO  org.hibernate.orm.core - HHH000489: No JTA platform available (set 'hibernate.transaction.jta.platform' to enable JTA platform integration)
2026-03-16 20:28:09 [main] DEBUG org.hibernate.SQL - set client_min_messages = WARNING
2026-03-16 20:28:09 [main] DEBUG org.hibernate.SQL - alter table if exists cards drop constraint if exists FKcmanafgwbibfijy2o5isfk3d5
2026-03-16 20:28:09 [main] DEBUG org.hibernate.SQL - alter table if exists tokens drop constraint if exists FK2dylsfo39lgjyqml2tbe0b0ss
2026-03-16 20:28:09 [main] DEBUG org.hibernate.SQL - alter table if exists transactions drop constraint if exists FKt3ofdu7lbh0np62gy109ik7g2
2026-03-16 20:28:09 [main] DEBUG org.hibernate.SQL - alter table if exists transactions drop constraint if exists FK8tq75g5byjdora9epdeke53ny
2026-03-16 20:28:09 [main] DEBUG org.hibernate.SQL - drop table if exists cards cascade
2026-03-16 20:28:09 [main] DEBUG org.hibernate.SQL - drop table if exists roles_old cascade
2026-03-16 20:28:09 [main] DEBUG org.hibernate.SQL - drop table if exists tokens cascade
2026-03-16 20:28:09 [main] DEBUG org.hibernate.SQL - drop table if exists transactions cascade
2026-03-16 20:28:09 [main] DEBUG org.hibernate.SQL - drop table if exists users cascade
2026-03-16 20:28:09 [main] DEBUG org.hibernate.SQL - create table cards (balance numeric(10,2), expiry_date date not null, id bigint generated by default as identity, user_id bigint not null, number varchar(255) not null unique, status varchar(255) not null check ((status in ('NEW_CARD','ACTIVE','BLOCK_REQUEST','BLOCKED','EXPIRED'))), primary key (id))
2026-03-16 20:28:09 [main] DEBUG org.hibernate.SQL - create table roles_old (id bigint generated by default as identity, name varchar(255) not null unique, primary key (id))
2026-03-16 20:28:09 [main] DEBUG org.hibernate.SQL - create table tokens (is_logged_out boolean, id bigint generated by default as identity, user_id bigint, access_token varchar(255), refresh_token varchar(255), primary key (id))
2026-03-16 20:28:09 [main] DEBUG org.hibernate.SQL - create table transactions (amount numeric(10,2) not null, id bigint generated by default as identity, receiver_card_id bigint not null, sender_card_id bigint not null, transaction_date timestamp(6) not null, description varchar(255), status varchar(255) not null check ((status in ('SUCCESSFUL','CANCELED','WAITING','ERROR'))), primary key (id))
2026-03-16 20:28:09 [main] DEBUG org.hibernate.SQL - create table users (created timestamp(6), id bigint generated by default as identity, updated timestamp(6), email varchar(255) not null unique, first_name varchar(255), last_name varchar(255), password_hash varchar(255) not null, role varchar(255) not null check ((role in ('ADMIN','USER','GUEST'))), username varchar(255) not null unique, primary key (id))
2026-03-16 20:28:09 [main] DEBUG org.hibernate.SQL - alter table if exists cards add constraint FKcmanafgwbibfijy2o5isfk3d5 foreign key (user_id) references users
2026-03-16 20:28:09 [main] DEBUG org.hibernate.SQL - alter table if exists tokens add constraint FK2dylsfo39lgjyqml2tbe0b0ss foreign key (user_id) references users
2026-03-16 20:28:09 [main] DEBUG org.hibernate.SQL - alter table if exists transactions add constraint FKt3ofdu7lbh0np62gy109ik7g2 foreign key (receiver_card_id) references cards
2026-03-16 20:28:09 [main] DEBUG org.hibernate.SQL - alter table if exists transactions add constraint FK8tq75g5byjdora9epdeke53ny foreign key (sender_card_id) references cards
2026-03-16 20:28:09 [main] INFO  o.s.o.j.LocalContainerEntityManagerFactoryBean - Initialized JPA EntityManagerFactory for persistence unit 'default'
2026-03-16 20:28:09 [main] INFO  o.s.d.j.r.q.QueryEnhancerFactories - Hibernate is in classpath; If applicable, HQL parser will be used.
2026-03-16 20:28:09 [main] INFO  o.s.s.c.a.a.c.InitializeUserDetailsBeanManagerConfigurer$InitializeUserDetailsManagerConfigurer - Global AuthenticationManager configured with UserDetailsService bean with name userService
2026-03-16 20:28:09 [main] DEBUG o.s.s.web.DefaultSecurityFilterChain - Will secure any request with filters: DisableEncodeUrlFilter, WebAsyncManagerIntegrationFilter, SecurityContextHolderFilter, HeaderWriterFilter, CorsFilter, LogoutFilter, JwtAuthenticationFilter, RequestCacheAwareFilter, SecurityContextHolderAwareRequestFilter, AnonymousAuthenticationFilter, SessionManagementFilter, ExceptionTranslationFilter, AuthorizationFilter
2026-03-16 20:28:10 [main] DEBUG o.s.w.s.m.m.a.RequestMappingHandlerMapping - 28 mappings in 'requestMappingHandlerMapping'
2026-03-16 20:28:10 [main] DEBUG o.s.w.s.h.SimpleUrlHandlerMapping - Patterns [/webjars/**, /**, /swagger-ui/**, /swagger-ui/*swagger-initializer.js, /webjars/*swagger-ui/**, /webjars/*swagger-ui/*swagger-initializer.js, /webjars/*swagger-ui/5.31.0/*swagger-initializer.js] in 'resourceHandlerMapping'
2026-03-16 20:28:10 [main] DEBUG o.s.w.s.m.m.a.RequestMappingHandlerAdapter - ControllerAdvice beans: 0 @ModelAttribute, 0 @InitBinder, 2 RequestBodyAdvice, 1 ResponseBodyAdvice
2026-03-16 20:28:10 [main] DEBUG o.s.w.s.m.m.a.ExceptionHandlerExceptionResolver - ControllerAdvice beans: 2 @ExceptionHandler, 1 ResponseBodyAdvice
2026-03-16 20:28:10 [main] INFO  c.e.b.service.AuthServiceTest - Started AuthServiceTest in 3.955 seconds (process running for 4.562)
2026-03-16 20:28:10 [main] WARN  o.s.c.events.SpringDocAppInitializer - SpringDoc /v3/api-docs endpoint is enabled by default. To disable it in production, set the property 'springdoc.api-docs.enabled=false'
2026-03-16 20:28:10 [main] WARN  o.s.c.events.SpringDocAppInitializer - SpringDoc /swagger-ui.html endpoint is enabled by default. To disable it in production, set the property 'springdoc.swagger-ui.enabled=false'
2026-03-16 20:28:10 [SpringApplicationShutdownHook] DEBUG o.s.w.c.s.GenericWebApplicationContext - Closing org.springframework.web.context.support.GenericWebApplicationContext@1c9e07c6, started on Mon Mar 16 20:28:06 GMT+05:00 2026
2026-03-16 20:28:10 [SpringApplicationShutdownHook] INFO  o.s.o.j.LocalContainerEntityManagerFactoryBean - Closing JPA EntityManagerFactory for persistence unit 'default'
2026-03-16 20:28:10 [SpringApplicationShutdownHook] INFO  com.zaxxer.hikari.HikariDataSource - HikariPool-1 - Shutdown initiated...
2026-03-16 20:28:10 [SpringApplicationShutdownHook] INFO  com.zaxxer.hikari.HikariDataSource - HikariPool-1 - Shutdown completed.
2026-03-16 20:31:59 [main] INFO  c.e.b.controller.AuthControllerTest - Starting AuthControllerTest using Java 25.0.2 with PID 16196 (started by gorin47 in D:\Projects\Bank_REST\bank_rest)
2026-03-16 20:31:59 [main] DEBUG c.e.b.controller.AuthControllerTest - Running with Spring Boot v4.0.2, Spring v7.0.3
2026-03-16 20:31:59 [main] INFO  c.e.b.controller.AuthControllerTest - No active profile set, falling back to 1 default profile: "default"
2026-03-16 20:31:59 [main] DEBUG o.s.w.c.s.GenericWebApplicationContext - Refreshing org.springframework.web.context.support.GenericWebApplicationContext@1716e8c5
2026-03-16 20:31:59 [main] INFO  o.s.s.c.a.a.c.InitializeUserDetailsBeanManagerConfigurer$InitializeUserDetailsManagerConfigurer - Global AuthenticationManager configured with UserDetailsService bean with name userService
2026-03-16 20:32:00 [main] DEBUG o.s.s.web.DefaultSecurityFilterChain - Will secure any request with filters: DisableEncodeUrlFilter, WebAsyncManagerIntegrationFilter, SecurityContextHolderFilter, HeaderWriterFilter, CorsFilter, LogoutFilter, JwtAuthenticationFilter, RequestCacheAwareFilter, SecurityContextHolderAwareRequestFilter, AnonymousAuthenticationFilter, SessionManagementFilter, ExceptionTranslationFilter, AuthorizationFilter
2026-03-16 20:32:00 [main] DEBUG o.s.w.s.m.m.a.RequestMappingHandlerMapping - 7 mappings in 'requestMappingHandlerMapping'
2026-03-16 20:32:00 [main] DEBUG o.s.w.s.h.SimpleUrlHandlerMapping - Patterns [/webjars/**, /**] in 'resourceHandlerMapping'
2026-03-16 20:32:00 [main] DEBUG o.s.w.s.m.m.a.RequestMappingHandlerAdapter - ControllerAdvice beans: 0 @ModelAttribute, 0 @InitBinder, 2 RequestBodyAdvice, 1 ResponseBodyAdvice
2026-03-16 20:32:00 [main] DEBUG o.s.w.s.m.m.a.ExceptionHandlerExceptionResolver - ControllerAdvice beans: 1 @ExceptionHandler, 1 ResponseBodyAdvice
2026-03-16 20:32:00 [main] DEBUG c.e.b.s.JwtAuthenticationFilter - Filter 'jwtAuthenticationFilter' configured for use
2026-03-16 20:32:00 [main] INFO  o.s.b.t.m.w.SpringBootMockServletContext - Initializing Spring TestDispatcherServlet ''
2026-03-16 20:32:00 [main] INFO  o.s.t.w.s.TestDispatcherServlet - Initializing Servlet ''
2026-03-16 20:32:00 [main] INFO  o.s.t.w.s.TestDispatcherServlet - Completed initialization in 1 ms
2026-03-16 20:32:00 [main] INFO  c.e.b.controller.AuthControllerTest - Started AuthControllerTest in 1.354 seconds (process running for 1.974)
2026-03-16 20:32:00 [main] DEBUG o.s.security.web.FilterChainProxy - Securing POST /api/auth/login
2026-03-16 20:32:00 [main] DEBUG o.s.s.w.a.AnonymousAuthenticationFilter - Set SecurityContextHolder to anonymous SecurityContext
2026-03-16 20:32:00 [main] DEBUG o.s.security.web.FilterChainProxy - Secured POST /api/auth/login
2026-03-16 20:32:00 [main] DEBUG o.s.w.s.m.m.a.RequestMappingHandlerMapping - Mapped to com.example.bankcards.controller.AuthController#login(LoginRequestDto)
2026-03-16 20:32:00 [main] DEBUG o.s.w.s.m.m.a.RequestResponseBodyMethodProcessor - Read "application/json;charset=UTF-8" to [LoginRequestDto(username=Admin, password=123)]
2026-03-16 20:32:00 [main] DEBUG o.s.w.s.m.m.a.HttpEntityMethodProcessor - Using 'application/json', given [*/*] and supported [application/json, application/*+json, application/yaml]
2026-03-16 20:32:00 [main] DEBUG o.s.w.s.m.m.a.HttpEntityMethodProcessor - Writing [TokenResponseDto(accessToken=access-token, refreshToken=refresh-token)]
2026-03-16 20:32:00 [main] DEBUG o.s.security.web.FilterChainProxy - Securing POST /api/auth/logout
2026-03-16 20:32:00 [main] DEBUG o.s.s.w.a.AnonymousAuthenticationFilter - Set SecurityContextHolder to anonymous SecurityContext
2026-03-16 20:32:00 [main] DEBUG o.s.security.web.FilterChainProxy - Secured POST /api/auth/logout
2026-03-16 20:32:00 [main] DEBUG o.s.w.s.m.m.a.RequestMappingHandlerMapping - Mapped to com.example.bankcards.controller.AuthController#logout(String)
2026-03-16 20:32:00 [main] DEBUG o.s.w.s.m.m.a.HttpEntityMethodProcessor - Using 'application/json', given [*/*] and supported [application/json, application/*+json, application/yaml]
2026-03-16 20:32:00 [main] DEBUG o.s.w.s.m.m.a.HttpEntityMethodProcessor - Nothing to write: null body
2026-03-16 20:32:00 [main] DEBUG o.s.security.web.FilterChainProxy - Securing POST /api/auth/registration
2026-03-16 20:32:00 [main] DEBUG o.s.s.w.a.AnonymousAuthenticationFilter - Set SecurityContextHolder to anonymous SecurityContext
2026-03-16 20:32:00 [main] DEBUG o.s.security.web.FilterChainProxy - Secured POST /api/auth/registration
2026-03-16 20:32:00 [main] DEBUG o.s.w.s.m.m.a.RequestMappingHandlerMapping - Mapped to com.example.bankcards.controller.AuthController#register(RegistrationDto)
2026-03-16 20:32:00 [main] DEBUG o.s.w.s.m.m.a.RequestResponseBodyMethodProcessor - Read "application/json;charset=UTF-8" to [RegistrationDto(username=Admin, firstName=Иван, lastName=Петров, email=ivanpetrov@example.com, passw (truncated)...]
2026-03-16 20:32:00 [main] DEBUG o.s.w.s.m.m.a.ExceptionHandlerExceptionResolver - Using @ExceptionHandler com.example.bankcards.exception.GlobalExceptionHandler#handleAlreadyExists(AlreadyExistsException, HttpServletRequest)
2026-03-16 20:32:00 [main] DEBUG o.s.w.s.m.m.a.RequestResponseBodyMethodProcessor - Using 'application/json', given [*/*] and supported [application/json, application/*+json, application/yaml]
2026-03-16 20:32:00 [main] DEBUG o.s.w.s.m.m.a.RequestResponseBodyMethodProcessor - Writing [ErrorResponseDTO(timestamp=2026-03-16T20:32:00.453031600, path=/api/auth/registration, status=409, e (truncated)...]
2026-03-16 20:32:00 [main] DEBUG o.s.w.s.m.m.a.ExceptionHandlerExceptionResolver - Resolved [com.example.bankcards.exception.AlreadyExistsException: Имя пользователя уже занято]
2026-03-16 20:32:00 [main] DEBUG o.s.security.web.FilterChainProxy - Securing POST /api/auth/registration
2026-03-16 20:32:00 [main] DEBUG o.s.s.w.a.AnonymousAuthenticationFilter - Set SecurityContextHolder to anonymous SecurityContext
2026-03-16 20:32:00 [main] DEBUG o.s.security.web.FilterChainProxy - Secured POST /api/auth/registration
2026-03-16 20:32:00 [main] DEBUG o.s.w.s.m.m.a.RequestMappingHandlerMapping - Mapped to com.example.bankcards.controller.AuthController#register(RegistrationDto)
2026-03-16 20:32:00 [main] DEBUG o.s.w.s.m.m.a.RequestResponseBodyMethodProcessor - Read "application/json;charset=UTF-8" to [RegistrationDto(username=Admin, firstName=Иван, lastName=Петров, email=ivanpetrov@example.com, passw (truncated)...]
2026-03-16 20:32:00 [main] DEBUG o.s.w.s.m.m.a.ExceptionHandlerExceptionResolver - Using @ExceptionHandler com.example.bankcards.exception.GlobalExceptionHandler#handleAlreadyExists(AlreadyExistsException, HttpServletRequest)
2026-03-16 20:32:00 [main] DEBUG o.s.w.s.m.m.a.RequestResponseBodyMethodProcessor - Using 'application/json', given [*/*] and supported [application/json, application/*+json, application/yaml]
2026-03-16 20:32:00 [main] DEBUG o.s.w.s.m.m.a.RequestResponseBodyMethodProcessor - Writing [ErrorResponseDTO(timestamp=2026-03-16T20:32:00.469031200, path=/api/auth/registration, status=409, e (truncated)...]
2026-03-16 20:32:00 [main] DEBUG o.s.w.s.m.m.a.ExceptionHandlerExceptionResolver - Resolved [com.example.bankcards.exception.AlreadyExistsException: Email уже занят]
2026-03-16 20:32:00 [main] DEBUG o.s.security.web.FilterChainProxy - Securing POST /api/auth/logout
2026-03-16 20:32:00 [main] DEBUG o.s.s.w.a.AnonymousAuthenticationFilter - Set SecurityContextHolder to anonymous SecurityContext
2026-03-16 20:32:00 [main] DEBUG o.s.security.web.FilterChainProxy - Secured POST /api/auth/logout
2026-03-16 20:32:00 [main] DEBUG o.s.w.s.m.m.a.RequestMappingHandlerMapping - Mapped to com.example.bankcards.controller.AuthController#logout(String)
2026-03-16 20:32:00 [main] DEBUG o.s.web.method.HandlerMethod - Could not resolve parameter [0] in public org.springframework.http.ResponseEntity<java.lang.Void> com.example.bankcards.controller.AuthController.logout(java.lang.String): Required request header 'Authorization' for method parameter type String is not present
2026-03-16 20:32:00 [main] DEBUG o.s.w.s.m.m.a.ExceptionHandlerExceptionResolver - Using @ExceptionHandler com.example.bankcards.exception.GlobalExceptionHandler#handleGenericException(Exception, HttpServletRequest)
2026-03-16 20:32:00 [main] DEBUG o.s.w.s.m.m.a.RequestResponseBodyMethodProcessor - Using 'application/json', given [*/*] and supported [application/json, application/*+json, application/yaml]
2026-03-16 20:32:00 [main] DEBUG o.s.w.s.m.m.a.RequestResponseBodyMethodProcessor - Writing [ErrorResponseDTO(timestamp=2026-03-16T20:32:00.479033800, path=/api/auth/logout, status=500, error=I (truncated)...]
2026-03-16 20:32:00 [main] DEBUG o.s.w.s.m.m.a.ExceptionHandlerExceptionResolver - Resolved [org.springframework.web.bind.MissingRequestHeaderException: Required request header 'Authorization' for method parameter type String is not present]
2026-03-16 20:32:00 [main] DEBUG o.s.security.web.FilterChainProxy - Securing POST /api/auth/registration
2026-03-16 20:32:00 [main] DEBUG o.s.s.w.a.AnonymousAuthenticationFilter - Set SecurityContextHolder to anonymous SecurityContext
2026-03-16 20:32:00 [main] DEBUG o.s.security.web.FilterChainProxy - Secured POST /api/auth/registration
2026-03-16 20:32:00 [main] DEBUG o.s.w.s.m.m.a.RequestMappingHandlerMapping - Mapped to com.example.bankcards.controller.AuthController#register(RegistrationDto)
2026-03-16 20:32:00 [main] DEBUG o.s.w.s.m.m.a.RequestResponseBodyMethodProcessor - Read "application/json;charset=UTF-8" to [RegistrationDto(username=, firstName=Иван, lastName=Петров, email=ivanpetrov@example.com, password=1 (truncated)...]
2026-03-16 20:32:00 [main] DEBUG o.s.w.s.m.m.a.ExceptionHandlerExceptionResolver - Using @ExceptionHandler com.example.bankcards.exception.GlobalExceptionHandler#handleMethodArgumentNotValidException(MethodArgumentNotValidException, HttpServletRequest)
2026-03-16 20:32:00 [main] DEBUG o.s.w.s.m.m.a.RequestResponseBodyMethodProcessor - Using 'application/json', given [*/*] and supported [application/json, application/*+json, application/yaml]
2026-03-16 20:32:00 [main] DEBUG o.s.w.s.m.m.a.RequestResponseBodyMethodProcessor - Writing [[ErrorResponseDTO(timestamp=2026-03-16T20:32:00.490031200, path=/api/auth/registration, status=422,  (truncated)...]
2026-03-16 20:32:00 [main] DEBUG o.s.w.s.m.m.a.ExceptionHandlerExceptionResolver - Resolved [org.springframework.web.bind.MethodArgumentNotValidException: Validation failed for argument [0] in public org.springframework.http.ResponseEntity<java.lang.String> com.example.bankcards.controller.AuthController.register(com.example.bankcards.dto.RegistrationDto): [Field error in object 'registrationDto' on field 'username': rejected value []; codes [NotBlank.registrationDto.username,NotBlank.username,NotBlank.java.lang.String,NotBlank]; arguments [org.springframework.context.support.DefaultMessageSourceResolvable: codes [registrationDto.username,username]; arguments []; default message [username]]; default message [поле не может быть пустым]] ]
2026-03-16 20:32:00 [main] DEBUG o.s.security.web.FilterChainProxy - Securing POST /api/auth/registration_list
2026-03-16 20:32:00 [main] DEBUG o.s.s.w.a.AnonymousAuthenticationFilter - Set SecurityContextHolder to anonymous SecurityContext
2026-03-16 20:32:00 [main] DEBUG o.s.security.web.FilterChainProxy - Secured POST /api/auth/registration_list
2026-03-16 20:32:00 [main] DEBUG o.s.w.s.m.m.a.RequestMappingHandlerMapping - Mapped to com.example.bankcards.controller.AuthController#registerList(List)
2026-03-16 20:32:00 [main] DEBUG o.s.w.s.m.m.a.RequestResponseBodyMethodProcessor - Read "application/json;charset=UTF-8" to [[RegistrationDto(username=user1, firstName=Иван1, lastName=Петров1, email=ivanpetrov1@example.com, p (truncated)...]
2026-03-16 20:32:00 [main] DEBUG o.s.w.s.m.m.a.HttpEntityMethodProcessor - Using 'text/plain', given [*/*] and supported [text/plain, */*, application/json, application/*+json, application/yaml]
2026-03-16 20:32:00 [main] DEBUG o.s.w.s.m.m.a.HttpEntityMethodProcessor - Writing ["Регистрация прошла успешно"]
2026-03-16 20:32:00 [main] DEBUG o.s.security.web.FilterChainProxy - Securing POST /api/auth/registration
2026-03-16 20:32:00 [main] DEBUG o.s.s.w.a.AnonymousAuthenticationFilter - Set SecurityContextHolder to anonymous SecurityContext
2026-03-16 20:32:00 [main] DEBUG o.s.security.web.FilterChainProxy - Secured POST /api/auth/registration
2026-03-16 20:32:00 [main] DEBUG o.s.w.s.m.m.a.RequestMappingHandlerMapping - Mapped to com.example.bankcards.controller.AuthController#register(RegistrationDto)
2026-03-16 20:32:00 [main] DEBUG o.s.w.s.m.m.a.RequestResponseBodyMethodProcessor - Read "application/json;charset=UTF-8" to [RegistrationDto(username=Admin, firstName=Иван, lastName=Петров, email=ivanpetrov@example.com, passw (truncated)...]
2026-03-16 20:32:00 [main] DEBUG o.s.w.s.m.m.a.HttpEntityMethodProcessor - Using 'text/plain', given [*/*] and supported [text/plain, */*, application/json, application/*+json, application/yaml]
2026-03-16 20:32:00 [main] DEBUG o.s.w.s.m.m.a.HttpEntityMethodProcessor - Writing ["Регистрация прошла успешно"]
2026-03-16 20:32:00 [main] DEBUG o.s.security.web.FilterChainProxy - Securing POST /api/auth/registration
2026-03-16 20:32:00 [main] DEBUG o.s.s.w.a.AnonymousAuthenticationFilter - Set SecurityContextHolder to anonymous SecurityContext
2026-03-16 20:32:00 [main] DEBUG o.s.security.web.FilterChainProxy - Secured POST /api/auth/registration
2026-03-16 20:32:00 [main] DEBUG o.s.w.s.m.m.a.RequestMappingHandlerMapping - Mapped to com.example.bankcards.controller.AuthController#register(RegistrationDto)
2026-03-16 20:32:00 [main] DEBUG o.s.w.s.m.m.a.RequestResponseBodyMethodProcessor - Read "application/json;charset=UTF-8" to [RegistrationDto(username=null, firstName=Иван, lastName=Петров, email=ivanpetrov@example.com, passwo (truncated)...]
2026-03-16 20:32:00 [main] DEBUG o.s.w.s.m.m.a.ExceptionHandlerExceptionResolver - Using @ExceptionHandler com.example.bankcards.exception.GlobalExceptionHandler#handleMethodArgumentNotValidException(MethodArgumentNotValidException, HttpServletRequest)
2026-03-16 20:32:00 [main] DEBUG o.s.w.s.m.m.a.RequestResponseBodyMethodProcessor - Using 'application/json', given [*/*] and supported [application/json, application/*+json, application/yaml]
2026-03-16 20:32:00 [main] DEBUG o.s.w.s.m.m.a.RequestResponseBodyMethodProcessor - Writing [[ErrorResponseDTO(timestamp=2026-03-16T20:32:00.555032500, path=/api/auth/registration, status=422,  (truncated)...]
2026-03-16 20:32:00 [main] DEBUG o.s.w.s.m.m.a.ExceptionHandlerExceptionResolver - Resolved [org.springframework.web.bind.MethodArgumentNotValidException: Validation failed for argument [0] in public org.springframework.http.ResponseEntity<java.lang.String> com.example.bankcards.controller.AuthController.register(com.example.bankcards.dto.RegistrationDto): [Field error in object 'registrationDto' on field 'username': rejected value [null]; codes [NotBlank.registrationDto.username,NotBlank.username,NotBlank.java.lang.String,NotBlank]; arguments [org.springframework.context.support.DefaultMessageSourceResolvable: codes [registrationDto.username,username]; arguments []; default message [username]]; default message [поле не может быть пустым]] ]
2026-03-16 20:32:00 [main] DEBUG o.s.security.web.FilterChainProxy - Securing POST /api/auth/refresh_token
2026-03-16 20:32:00 [main] DEBUG o.s.s.w.a.AnonymousAuthenticationFilter - Set SecurityContextHolder to anonymous SecurityContext
2026-03-16 20:32:00 [main] DEBUG o.s.security.web.FilterChainProxy - Secured POST /api/auth/refresh_token
2026-03-16 20:32:00 [main] DEBUG o.s.w.s.m.m.a.RequestMappingHandlerMapping - Mapped to com.example.bankcards.controller.AuthController#refreshToken(HttpServletRequest, HttpServletResponse)
2026-03-16 20:32:00 [main] DEBUG o.s.w.s.m.m.a.HttpEntityMethodProcessor - Using 'application/json', given [*/*] and supported [application/json, application/*+json, application/yaml]
2026-03-16 20:32:00 [main] DEBUG o.s.w.s.m.m.a.HttpEntityMethodProcessor - Writing [TokenResponseDto(accessToken=access-token, refreshToken=refresh-token)]
2026-03-16 20:32:00 [main] DEBUG o.s.security.web.FilterChainProxy - Securing POST /api/auth/registration_list
2026-03-16 20:32:00 [main] DEBUG o.s.s.w.a.AnonymousAuthenticationFilter - Set SecurityContextHolder to anonymous SecurityContext
2026-03-16 20:32:00 [main] DEBUG o.s.security.web.FilterChainProxy - Secured POST /api/auth/registration_list
2026-03-16 20:32:00 [main] DEBUG o.s.w.s.m.m.a.RequestMappingHandlerMapping - Mapped to com.example.bankcards.controller.AuthController#registerList(List)
2026-03-16 20:32:00 [main] DEBUG o.s.w.s.m.m.a.RequestResponseBodyMethodProcessor - Read "application/json;charset=UTF-8" to [[RegistrationDto(username=user1, firstName=Иван1, lastName=Петров1, email=ivanpetrov1@example.com, p (truncated)...]
2026-03-16 20:32:00 [main] DEBUG o.s.w.s.m.m.a.ExceptionHandlerExceptionResolver - Using @ExceptionHandler com.example.bankcards.exception.GlobalExceptionHandler#handleAlreadyExists(AlreadyExistsException, HttpServletRequest)
2026-03-16 20:32:00 [main] DEBUG o.s.w.s.m.m.a.RequestResponseBodyMethodProcessor - Using 'application/json', given [*/*] and supported [application/json, application/*+json, application/yaml]
2026-03-16 20:32:00 [main] DEBUG o.s.w.s.m.m.a.RequestResponseBodyMethodProcessor - Writing [ErrorResponseDTO(timestamp=2026-03-16T20:32:00.573032400, path=/api/auth/registration_list, status=4 (truncated)...]
2026-03-16 20:32:00 [main] DEBUG o.s.w.s.m.m.a.ExceptionHandlerExceptionResolver - Resolved [com.example.bankcards.exception.AlreadyExistsException: Имя пользователя 'user2' уже занято]
2026-03-16 20:32:00 [SpringApplicationShutdownHook] DEBUG o.s.w.c.s.GenericWebApplicationContext - Closing org.springframework.web.context.support.GenericWebApplicationContext@1716e8c5, started on Mon Mar 16 20:31:59 GMT+05:00 2026
2026-03-16 20:32:06 [main] INFO  c.e.b.service.AuthServiceTest - Starting AuthServiceTest using Java 25.0.2 with PID 6760 (started by gorin47 in D:\Projects\Bank_REST\bank_rest)
2026-03-16 20:32:06 [main] DEBUG c.e.b.service.AuthServiceTest - Running with Spring Boot v4.0.2, Spring v7.0.3
2026-03-16 20:32:06 [main] INFO  c.e.b.service.AuthServiceTest - No active profile set, falling back to 1 default profile: "default"
2026-03-16 20:32:06 [main] DEBUG o.s.w.c.s.GenericWebApplicationContext - Refreshing org.springframework.web.context.support.GenericWebApplicationContext@1c9e07c6
2026-03-16 20:32:07 [main] INFO  o.s.d.r.c.RepositoryConfigurationDelegate - Bootstrapping Spring Data JPA repositories in DEFAULT mode.
2026-03-16 20:32:07 [main] INFO  o.s.d.r.c.RepositoryConfigurationDelegate - Finished Spring Data repository scanning in 28 ms. Found 4 JPA repository interfaces.
2026-03-16 20:32:07 [main] INFO  com.zaxxer.hikari.HikariDataSource - HikariPool-1 - Starting...
2026-03-16 20:32:07 [main] INFO  com.zaxxer.hikari.pool.HikariPool - HikariPool-1 - Added connection org.postgresql.jdbc.PgConnection@7bbe852a
2026-03-16 20:32:07 [main] INFO  com.zaxxer.hikari.HikariDataSource - HikariPool-1 - Start completed.
2026-03-16 20:32:07 [main] INFO  liquibase.database - Set default schema name to public
2026-03-16 20:32:08 [main] INFO  liquibase.changelog - Reading from public.databasechangelog
2026-03-16 20:32:08 [main] INFO  liquibase.ui - Database is up to date, no changesets to execute
2026-03-16 20:32:08 [main] INFO  liquibase.changelog - Reading from public.databasechangelog
2026-03-16 20:32:08 [main] INFO  liquibase.util - UPDATE SUMMARY
2026-03-16 20:32:08 [main] INFO  liquibase.util - Run:                          0
2026-03-16 20:32:08 [main] INFO  liquibase.util - Previously run:               8
2026-03-16 20:32:08 [main] INFO  liquibase.util - Filtered out:                 0
2026-03-16 20:32:08 [main] INFO  liquibase.util - -------------------------------
2026-03-16 20:32:08 [main] INFO  liquibase.util - Total change sets:            8
2026-03-16 20:32:08 [main] INFO  liquibase.util - Update summary generated
2026-03-16 20:32:08 [main] INFO  liquibase.command - Command execution complete
2026-03-16 20:32:08 [main] INFO  org.hibernate.orm.jpa - HHH008540: Processing PersistenceUnitInfo [name: default]
2026-03-16 20:32:08 [main] INFO  org.hibernate.orm.core - HHH000001: Hibernate ORM core version 7.2.1.Final
2026-03-16 20:32:09 [main] INFO  o.s.o.j.p.SpringPersistenceUnitInfo - No LoadTimeWeaver setup: ignoring JPA class transformer
2026-03-16 20:32:09 [main] INFO  o.hibernate.orm.connections.pooling - HHH10001005: Database info:
	Database JDBC URL [jdbc:postgresql://localhost:5432/bankcards]
	Database driver: PostgreSQL JDBC Driver
	Database dialect: PostgreSQLDialect
	Database version: 18.1
	Default catalog/schema: bankcards/public
	Autocommit mode: undefined/unknown
	Isolation level: READ_COMMITTED [default READ_COMMITTED]
	JDBC fetch size: none
	Pool: DataSourceConnectionProvider
	Minimum pool size: undefined/unknown
	Maximum pool size: undefined/unknown
2026-03-16 20:32:09 [main] INFO  org.hibernate.orm.core - HHH000489: No JTA platform available (set 'hibernate.transaction.jta.platform' to enable JTA platform integration)
2026-03-16 20:32:09 [main] DEBUG org.hibernate.SQL - set client_min_messages = WARNING
2026-03-16 20:32:09 [main] DEBUG org.hibernate.SQL - alter table if exists cards drop constraint if exists FKcmanafgwbibfijy2o5isfk3d5
2026-03-16 20:32:09 [main] DEBUG org.hibernate.SQL - alter table if exists tokens drop constraint if exists FK2dylsfo39lgjyqml2tbe0b0ss
2026-03-16 20:32:09 [main] DEBUG org.hibernate.SQL - alter table if exists transactions drop constraint if exists FKt3ofdu7lbh0np62gy109ik7g2
2026-03-16 20:32:09 [main] DEBUG org.hibernate.SQL - alter table if exists transactions drop constraint if exists FK8tq75g5byjdora9epdeke53ny
2026-03-16 20:32:09 [main] DEBUG org.hibernate.SQL - drop table if exists cards cascade
2026-03-16 20:32:09 [main] DEBUG org.hibernate.SQL - drop table if exists roles_old cascade
2026-03-16 20:32:09 [main] DEBUG org.hibernate.SQL - drop table if exists tokens cascade
2026-03-16 20:32:09 [main] DEBUG org.hibernate.SQL - drop table if exists transactions cascade
2026-03-16 20:32:09 [main] DEBUG org.hibernate.SQL - drop table if exists users cascade
2026-03-16 20:32:09 [main] DEBUG org.hibernate.SQL - create table cards (balance numeric(10,2), expiry_date date not null, id bigint generated by default as identity, user_id bigint not null, number varchar(255) not null unique, status varchar(255) not null check ((status in ('NEW_CARD','ACTIVE','BLOCK_REQUEST','BLOCKED','EXPIRED'))), primary key (id))
2026-03-16 20:32:09 [main] DEBUG org.hibernate.SQL - create table roles_old (id bigint generated by default as identity, name varchar(255) not null unique, primary key (id))
2026-03-16 20:32:09 [main] DEBUG org.hibernate.SQL - create table tokens (is_logged_out boolean, id bigint generated by default as identity, user_id bigint, access_token varchar(255), refresh_token varchar(255), primary key (id))
2026-03-16 20:32:09 [main] DEBUG org.hibernate.SQL - create table transactions (amount numeric(10,2) not null, id bigint generated by default as identity, receiver_card_id bigint not null, sender_card_id bigint not null, transaction_date timestamp(6) not null, description varchar(255), status varchar(255) not null check ((status in ('SUCCESSFUL','CANCELED','WAITING','ERROR'))), primary key (id))
2026-03-16 20:32:09 [main] DEBUG org.hibernate.SQL - create table users (created timestamp(6), id bigint generated by default as identity, updated timestamp(6), email varchar(255) not null unique, first_name varchar(255), last_name varchar(255), password_hash varchar(255) not null, role varchar(255) not null check ((role in ('ADMIN','USER','GUEST'))), username varchar(255) not null unique, primary key (id))
2026-03-16 20:32:09 [main] DEBUG org.hibernate.SQL - alter table if exists cards add constraint FKcmanafgwbibfijy2o5isfk3d5 foreign key (user_id) references users
2026-03-16 20:32:09 [main] DEBUG org.hibernate.SQL - alter table if exists tokens add constraint FK2dylsfo39lgjyqml2tbe0b0ss foreign key (user_id) references users
2026-03-16 20:32:09 [main] DEBUG org.hibernate.SQL - alter table if exists transactions add constraint FKt3ofdu7lbh0np62gy109ik7g2 foreign key (receiver_card_id) references cards
2026-03-16 20:32:09 [main] DEBUG org.hibernate.SQL - alter table if exists transactions add constraint FK8tq75g5byjdora9epdeke53ny foreign key (sender_card_id) references cards
2026-03-16 20:32:09 [main] INFO  o.s.o.j.LocalContainerEntityManagerFactoryBean - Initialized JPA EntityManagerFactory for persistence unit 'default'
2026-03-16 20:32:09 [main] INFO  o.s.d.j.r.q.QueryEnhancerFactories - Hibernate is in classpath; If applicable, HQL parser will be used.
2026-03-16 20:32:10 [main] INFO  o.s.s.c.a.a.c.InitializeUserDetailsBeanManagerConfigurer$InitializeUserDetailsManagerConfigurer - Global AuthenticationManager configured with UserDetailsService bean with name userService
2026-03-16 20:32:10 [main] DEBUG o.s.s.web.DefaultSecurityFilterChain - Will secure any request with filters: DisableEncodeUrlFilter, WebAsyncManagerIntegrationFilter, SecurityContextHolderFilter, HeaderWriterFilter, CorsFilter, LogoutFilter, JwtAuthenticationFilter, RequestCacheAwareFilter, SecurityContextHolderAwareRequestFilter, AnonymousAuthenticationFilter, SessionManagementFilter, ExceptionTranslationFilter, AuthorizationFilter
2026-03-16 20:32:10 [main] DEBUG o.s.w.s.m.m.a.RequestMappingHandlerMapping - 28 mappings in 'requestMappingHandlerMapping'
2026-03-16 20:32:10 [main] DEBUG o.s.w.s.h.SimpleUrlHandlerMapping - Patterns [/webjars/**, /**, /swagger-ui/**, /swagger-ui/*swagger-initializer.js, /webjars/*swagger-ui/**, /webjars/*swagger-ui/*swagger-initializer.js, /webjars/*swagger-ui/5.31.0/*swagger-initializer.js] in 'resourceHandlerMapping'
2026-03-16 20:32:10 [main] DEBUG o.s.w.s.m.m.a.RequestMappingHandlerAdapter - ControllerAdvice beans: 0 @ModelAttribute, 0 @InitBinder, 2 RequestBodyAdvice, 1 ResponseBodyAdvice
2026-03-16 20:32:10 [main] DEBUG o.s.w.s.m.m.a.ExceptionHandlerExceptionResolver - ControllerAdvice beans: 2 @ExceptionHandler, 1 ResponseBodyAdvice
2026-03-16 20:32:10 [main] INFO  c.e.b.service.AuthServiceTest - Started AuthServiceTest in 4.011 seconds (process running for 4.617)
2026-03-16 20:32:10 [main] WARN  o.s.c.events.SpringDocAppInitializer - SpringDoc /v3/api-docs endpoint is enabled by default. To disable it in production, set the property 'springdoc.api-docs.enabled=false'
2026-03-16 20:32:10 [main] WARN  o.s.c.events.SpringDocAppInitializer - SpringDoc /swagger-ui.html endpoint is enabled by default. To disable it in production, set the property 'springdoc.swagger-ui.enabled=false'
2026-03-16 20:32:10 [SpringApplicationShutdownHook] DEBUG o.s.w.c.s.GenericWebApplicationContext - Closing org.springframework.web.context.support.GenericWebApplicationContext@1c9e07c6, started on Mon Mar 16 20:32:06 GMT+05:00 2026
2026-03-16 20:32:10 [SpringApplicationShutdownHook] INFO  o.s.o.j.LocalContainerEntityManagerFactoryBean - Closing JPA EntityManagerFactory for persistence unit 'default'
2026-03-16 20:32:10 [SpringApplicationShutdownHook] INFO  com.zaxxer.hikari.HikariDataSource - HikariPool-1 - Shutdown initiated...
2026-03-16 20:32:10 [SpringApplicationShutdownHook] INFO  com.zaxxer.hikari.HikariDataSource - HikariPool-1 - Shutdown completed.
2026-03-16 20:35:21 [main] INFO  c.e.b.controller.AuthControllerTest - Starting AuthControllerTest using Java 25.0.2 with PID 9888 (started by gorin47 in D:\Projects\Bank_REST\bank_rest)
2026-03-16 20:35:21 [main] DEBUG c.e.b.controller.AuthControllerTest - Running with Spring Boot v4.0.2, Spring v7.0.3
2026-03-16 20:35:21 [main] INFO  c.e.b.controller.AuthControllerTest - No active profile set, falling back to 1 default profile: "default"
2026-03-16 20:35:21 [main] DEBUG o.s.w.c.s.GenericWebApplicationContext - Refreshing org.springframework.web.context.support.GenericWebApplicationContext@1716e8c5
2026-03-16 20:35:21 [main] INFO  o.s.s.c.a.a.c.InitializeUserDetailsBeanManagerConfigurer$InitializeUserDetailsManagerConfigurer - Global AuthenticationManager configured with UserDetailsService bean with name userService
2026-03-16 20:35:22 [main] DEBUG o.s.s.web.DefaultSecurityFilterChain - Will secure any request with filters: DisableEncodeUrlFilter, WebAsyncManagerIntegrationFilter, SecurityContextHolderFilter, HeaderWriterFilter, CorsFilter, LogoutFilter, JwtAuthenticationFilter, RequestCacheAwareFilter, SecurityContextHolderAwareRequestFilter, AnonymousAuthenticationFilter, SessionManagementFilter, ExceptionTranslationFilter, AuthorizationFilter
2026-03-16 20:35:22 [main] DEBUG o.s.w.s.m.m.a.RequestMappingHandlerMapping - 7 mappings in 'requestMappingHandlerMapping'
2026-03-16 20:35:22 [main] DEBUG o.s.w.s.h.SimpleUrlHandlerMapping - Patterns [/webjars/**, /**] in 'resourceHandlerMapping'
2026-03-16 20:35:22 [main] DEBUG o.s.w.s.m.m.a.RequestMappingHandlerAdapter - ControllerAdvice beans: 0 @ModelAttribute, 0 @InitBinder, 2 RequestBodyAdvice, 1 ResponseBodyAdvice
2026-03-16 20:35:22 [main] DEBUG o.s.w.s.m.m.a.ExceptionHandlerExceptionResolver - ControllerAdvice beans: 1 @ExceptionHandler, 1 ResponseBodyAdvice
2026-03-16 20:35:22 [main] DEBUG c.e.b.s.JwtAuthenticationFilter - Filter 'jwtAuthenticationFilter' configured for use
2026-03-16 20:35:22 [main] INFO  o.s.b.t.m.w.SpringBootMockServletContext - Initializing Spring TestDispatcherServlet ''
2026-03-16 20:35:22 [main] INFO  o.s.t.w.s.TestDispatcherServlet - Initializing Servlet ''
2026-03-16 20:35:22 [main] INFO  o.s.t.w.s.TestDispatcherServlet - Completed initialization in 1 ms
2026-03-16 20:35:22 [main] INFO  c.e.b.controller.AuthControllerTest - Started AuthControllerTest in 1.341 seconds (process running for 1.956)
2026-03-16 20:35:22 [main] DEBUG o.s.security.web.FilterChainProxy - Securing POST /api/auth/login
2026-03-16 20:35:22 [main] DEBUG o.s.s.w.a.AnonymousAuthenticationFilter - Set SecurityContextHolder to anonymous SecurityContext
2026-03-16 20:35:22 [main] DEBUG o.s.security.web.FilterChainProxy - Secured POST /api/auth/login
2026-03-16 20:35:22 [main] DEBUG o.s.w.s.m.m.a.RequestMappingHandlerMapping - Mapped to com.example.bankcards.controller.AuthController#login(LoginRequestDto)
2026-03-16 20:35:22 [main] DEBUG o.s.w.s.m.m.a.RequestResponseBodyMethodProcessor - Read "application/json;charset=UTF-8" to [LoginRequestDto(username=Admin, password=123)]
2026-03-16 20:35:22 [main] DEBUG o.s.w.s.m.m.a.HttpEntityMethodProcessor - Using 'application/json', given [*/*] and supported [application/json, application/*+json, application/yaml]
2026-03-16 20:35:22 [main] DEBUG o.s.w.s.m.m.a.HttpEntityMethodProcessor - Writing [TokenResponseDto(accessToken=access-token, refreshToken=refresh-token)]
2026-03-16 20:35:22 [main] DEBUG o.s.security.web.FilterChainProxy - Securing POST /api/auth/logout
2026-03-16 20:35:22 [main] DEBUG o.s.s.w.a.AnonymousAuthenticationFilter - Set SecurityContextHolder to anonymous SecurityContext
2026-03-16 20:35:22 [main] DEBUG o.s.security.web.FilterChainProxy - Secured POST /api/auth/logout
2026-03-16 20:35:22 [main] DEBUG o.s.w.s.m.m.a.RequestMappingHandlerMapping - Mapped to com.example.bankcards.controller.AuthController#logout(String)
2026-03-16 20:35:22 [main] DEBUG o.s.w.s.m.m.a.HttpEntityMethodProcessor - Using 'application/json', given [*/*] and supported [application/json, application/*+json, application/yaml]
2026-03-16 20:35:22 [main] DEBUG o.s.w.s.m.m.a.HttpEntityMethodProcessor - Nothing to write: null body
2026-03-16 20:35:22 [main] DEBUG o.s.security.web.FilterChainProxy - Securing POST /api/auth/registration
2026-03-16 20:35:22 [main] DEBUG o.s.s.w.a.AnonymousAuthenticationFilter - Set SecurityContextHolder to anonymous SecurityContext
2026-03-16 20:35:22 [main] DEBUG o.s.security.web.FilterChainProxy - Secured POST /api/auth/registration
2026-03-16 20:35:22 [main] DEBUG o.s.w.s.m.m.a.RequestMappingHandlerMapping - Mapped to com.example.bankcards.controller.AuthController#register(RegistrationDto)
2026-03-16 20:35:22 [main] DEBUG o.s.w.s.m.m.a.RequestResponseBodyMethodProcessor - Read "application/json;charset=UTF-8" to [RegistrationDto(username=Admin, firstName=Иван, lastName=Петров, email=ivanpetrov@example.com, passw (truncated)...]
2026-03-16 20:35:22 [main] DEBUG o.s.w.s.m.m.a.HttpEntityMethodProcessor - Using 'text/plain', given [*/*] and supported [text/plain, */*, application/json, application/*+json, application/yaml]
2026-03-16 20:35:22 [main] DEBUG o.s.w.s.m.m.a.HttpEntityMethodProcessor - Writing ["Регистрация прошла успешно"]
2026-03-16 20:35:22 [main] DEBUG o.s.security.web.FilterChainProxy - Securing POST /api/auth/registration
2026-03-16 20:35:22 [main] DEBUG o.s.s.w.a.AnonymousAuthenticationFilter - Set SecurityContextHolder to anonymous SecurityContext
2026-03-16 20:35:22 [main] DEBUG o.s.security.web.FilterChainProxy - Secured POST /api/auth/registration
2026-03-16 20:35:22 [main] DEBUG o.s.w.s.m.m.a.RequestMappingHandlerMapping - Mapped to com.example.bankcards.controller.AuthController#register(RegistrationDto)
2026-03-16 20:35:22 [main] DEBUG o.s.w.s.m.m.a.RequestResponseBodyMethodProcessor - Read "application/json;charset=UTF-8" to [RegistrationDto(username=Admin, firstName=Иван, lastName=Петров, email=ivanpetrov@example.com, passw (truncated)...]
2026-03-16 20:35:22 [main] DEBUG o.s.w.s.m.m.a.HttpEntityMethodProcessor - Using 'text/plain', given [*/*] and supported [text/plain, */*, application/json, application/*+json, application/yaml]
2026-03-16 20:35:22 [main] DEBUG o.s.w.s.m.m.a.HttpEntityMethodProcessor - Writing ["Регистрация прошла успешно"]
2026-03-16 20:35:22 [main] DEBUG o.s.security.web.FilterChainProxy - Securing POST /api/auth/logout
2026-03-16 20:35:22 [main] DEBUG o.s.s.w.a.AnonymousAuthenticationFilter - Set SecurityContextHolder to anonymous SecurityContext
2026-03-16 20:35:22 [main] DEBUG o.s.security.web.FilterChainProxy - Secured POST /api/auth/logout
2026-03-16 20:35:22 [main] DEBUG o.s.w.s.m.m.a.RequestMappingHandlerMapping - Mapped to com.example.bankcards.controller.AuthController#logout(String)
2026-03-16 20:35:22 [main] DEBUG o.s.web.method.HandlerMethod - Could not resolve parameter [0] in public org.springframework.http.ResponseEntity<java.lang.Void> com.example.bankcards.controller.AuthController.logout(java.lang.String): Required request header 'Authorization' for method parameter type String is not present
2026-03-16 20:35:22 [main] DEBUG o.s.w.s.m.m.a.ExceptionHandlerExceptionResolver - Using @ExceptionHandler com.example.bankcards.exception.GlobalExceptionHandler#handleGenericException(Exception, HttpServletRequest)
2026-03-16 20:35:22 [main] DEBUG o.s.w.s.m.m.a.RequestResponseBodyMethodProcessor - Using 'application/json', given [*/*] and supported [application/json, application/*+json, application/yaml]
2026-03-16 20:35:22 [main] DEBUG o.s.w.s.m.m.a.RequestResponseBodyMethodProcessor - Writing [ErrorResponseDTO(timestamp=2026-03-16T20:35:22.477212900, path=/api/auth/logout, status=500, error=I (truncated)...]
2026-03-16 20:35:22 [main] DEBUG o.s.w.s.m.m.a.ExceptionHandlerExceptionResolver - Resolved [org.springframework.web.bind.MissingRequestHeaderException: Required request header 'Authorization' for method parameter type String is not present]
2026-03-16 20:35:22 [main] DEBUG o.s.security.web.FilterChainProxy - Securing POST /api/auth/registration
2026-03-16 20:35:22 [main] DEBUG o.s.s.w.a.AnonymousAuthenticationFilter - Set SecurityContextHolder to anonymous SecurityContext
2026-03-16 20:35:22 [main] DEBUG o.s.security.web.FilterChainProxy - Secured POST /api/auth/registration
2026-03-16 20:35:22 [main] DEBUG o.s.w.s.m.m.a.RequestMappingHandlerMapping - Mapped to com.example.bankcards.controller.AuthController#register(RegistrationDto)
2026-03-16 20:35:22 [main] DEBUG o.s.w.s.m.m.a.RequestResponseBodyMethodProcessor - Read "application/json;charset=UTF-8" to [RegistrationDto(username=, firstName=Иван, lastName=Петров, email=ivanpetrov@example.com, password=1 (truncated)...]
2026-03-16 20:35:22 [main] DEBUG o.s.w.s.m.m.a.ExceptionHandlerExceptionResolver - Using @ExceptionHandler com.example.bankcards.exception.GlobalExceptionHandler#handleMethodArgumentNotValidException(MethodArgumentNotValidException, HttpServletRequest)
2026-03-16 20:35:22 [main] DEBUG o.s.w.s.m.m.a.RequestResponseBodyMethodProcessor - Using 'application/json', given [*/*] and supported [application/json, application/*+json, application/yaml]
2026-03-16 20:35:22 [main] DEBUG o.s.w.s.m.m.a.RequestResponseBodyMethodProcessor - Writing [[ErrorResponseDTO(timestamp=2026-03-16T20:35:22.493212300, path=/api/auth/registration, status=422,  (truncated)...]
2026-03-16 20:35:22 [main] DEBUG o.s.w.s.m.m.a.ExceptionHandlerExceptionResolver - Resolved [org.springframework.web.bind.MethodArgumentNotValidException: Validation failed for argument [0] in public org.springframework.http.ResponseEntity<java.lang.String> com.example.bankcards.controller.AuthController.register(com.example.bankcards.dto.RegistrationDto): [Field error in object 'registrationDto' on field 'username': rejected value []; codes [NotBlank.registrationDto.username,NotBlank.username,NotBlank.java.lang.String,NotBlank]; arguments [org.springframework.context.support.DefaultMessageSourceResolvable: codes [registrationDto.username,username]; arguments []; default message [username]]; default message [поле не может быть пустым]] ]
2026-03-16 20:35:22 [main] DEBUG o.s.security.web.FilterChainProxy - Securing POST /api/auth/registration_list
2026-03-16 20:35:22 [main] DEBUG o.s.s.w.a.AnonymousAuthenticationFilter - Set SecurityContextHolder to anonymous SecurityContext
2026-03-16 20:35:22 [main] DEBUG o.s.security.web.FilterChainProxy - Secured POST /api/auth/registration_list
2026-03-16 20:35:22 [main] DEBUG o.s.w.s.m.m.a.RequestMappingHandlerMapping - Mapped to com.example.bankcards.controller.AuthController#registerList(List)
2026-03-16 20:35:22 [main] DEBUG o.s.w.s.m.m.a.RequestResponseBodyMethodProcessor - Read "application/json;charset=UTF-8" to [[RegistrationDto(username=user1, firstName=Иван1, lastName=Петров1, email=ivanpetrov1@example.com, p (truncated)...]
2026-03-16 20:35:22 [main] DEBUG o.s.w.s.m.m.a.HttpEntityMethodProcessor - Using 'text/plain', given [*/*] and supported [text/plain, */*, application/json, application/*+json, application/yaml]
2026-03-16 20:35:22 [main] DEBUG o.s.w.s.m.m.a.HttpEntityMethodProcessor - Writing ["Регистрация прошла успешно"]
2026-03-16 20:35:22 [main] DEBUG o.s.security.web.FilterChainProxy - Securing POST /api/auth/registration
2026-03-16 20:35:22 [main] DEBUG o.s.s.w.a.AnonymousAuthenticationFilter - Set SecurityContextHolder to anonymous SecurityContext
2026-03-16 20:35:22 [main] DEBUG o.s.security.web.FilterChainProxy - Secured POST /api/auth/registration
2026-03-16 20:35:22 [main] DEBUG o.s.w.s.m.m.a.RequestMappingHandlerMapping - Mapped to com.example.bankcards.controller.AuthController#register(RegistrationDto)
2026-03-16 20:35:22 [main] DEBUG o.s.w.s.m.m.a.RequestResponseBodyMethodProcessor - Read "application/json;charset=UTF-8" to [RegistrationDto(username=Admin, firstName=Иван, lastName=Петров, email=ivanpetrov@example.com, passw (truncated)...]
2026-03-16 20:35:22 [main] DEBUG o.s.w.s.m.m.a.HttpEntityMethodProcessor - Using 'text/plain', given [*/*] and supported [text/plain, */*, application/json, application/*+json, application/yaml]
2026-03-16 20:35:22 [main] DEBUG o.s.w.s.m.m.a.HttpEntityMethodProcessor - Writing ["Регистрация прошла успешно"]
2026-03-16 20:35:22 [main] DEBUG o.s.security.web.FilterChainProxy - Securing POST /api/auth/registration
2026-03-16 20:35:22 [main] DEBUG o.s.s.w.a.AnonymousAuthenticationFilter - Set SecurityContextHolder to anonymous SecurityContext
2026-03-16 20:35:22 [main] DEBUG o.s.security.web.FilterChainProxy - Secured POST /api/auth/registration
2026-03-16 20:35:22 [main] DEBUG o.s.w.s.m.m.a.RequestMappingHandlerMapping - Mapped to com.example.bankcards.controller.AuthController#register(RegistrationDto)
2026-03-16 20:35:22 [main] DEBUG o.s.w.s.m.m.a.RequestResponseBodyMethodProcessor - Read "application/json;charset=UTF-8" to [RegistrationDto(username=null, firstName=Иван, lastName=Петров, email=ivanpetrov@example.com, passwo (truncated)...]
2026-03-16 20:35:22 [main] DEBUG o.s.w.s.m.m.a.ExceptionHandlerExceptionResolver - Using @ExceptionHandler com.example.bankcards.exception.GlobalExceptionHandler#handleMethodArgumentNotValidException(MethodArgumentNotValidException, HttpServletRequest)
2026-03-16 20:35:22 [main] DEBUG o.s.w.s.m.m.a.RequestResponseBodyMethodProcessor - Using 'application/json', given [*/*] and supported [application/json, application/*+json, application/yaml]
2026-03-16 20:35:22 [main] DEBUG o.s.w.s.m.m.a.RequestResponseBodyMethodProcessor - Writing [[ErrorResponseDTO(timestamp=2026-03-16T20:35:22.559213500, path=/api/auth/registration, status=422,  (truncated)...]
2026-03-16 20:35:22 [main] DEBUG o.s.w.s.m.m.a.ExceptionHandlerExceptionResolver - Resolved [org.springframework.web.bind.MethodArgumentNotValidException: Validation failed for argument [0] in public org.springframework.http.ResponseEntity<java.lang.String> com.example.bankcards.controller.AuthController.register(com.example.bankcards.dto.RegistrationDto): [Field error in object 'registrationDto' on field 'username': rejected value [null]; codes [NotBlank.registrationDto.username,NotBlank.username,NotBlank.java.lang.String,NotBlank]; arguments [org.springframework.context.support.DefaultMessageSourceResolvable: codes [registrationDto.username,username]; arguments []; default message [username]]; default message [поле не может быть пустым]] ]
2026-03-16 20:35:22 [main] DEBUG o.s.security.web.FilterChainProxy - Securing POST /api/auth/refresh_token
2026-03-16 20:35:22 [main] DEBUG o.s.s.w.a.AnonymousAuthenticationFilter - Set SecurityContextHolder to anonymous SecurityContext
2026-03-16 20:35:22 [main] DEBUG o.s.security.web.FilterChainProxy - Secured POST /api/auth/refresh_token
2026-03-16 20:35:22 [main] DEBUG o.s.w.s.m.m.a.RequestMappingHandlerMapping - Mapped to com.example.bankcards.controller.AuthController#refreshToken(HttpServletRequest, HttpServletResponse)
2026-03-16 20:35:22 [main] DEBUG o.s.w.s.m.m.a.HttpEntityMethodProcessor - Using 'application/json', given [*/*] and supported [application/json, application/*+json, application/yaml]
2026-03-16 20:35:22 [main] DEBUG o.s.w.s.m.m.a.HttpEntityMethodProcessor - Writing [TokenResponseDto(accessToken=access-token, refreshToken=refresh-token)]
2026-03-16 20:35:22 [main] DEBUG o.s.security.web.FilterChainProxy - Securing POST /api/auth/registration_list
2026-03-16 20:35:22 [main] DEBUG o.s.s.w.a.AnonymousAuthenticationFilter - Set SecurityContextHolder to anonymous SecurityContext
2026-03-16 20:35:22 [main] DEBUG o.s.security.web.FilterChainProxy - Secured POST /api/auth/registration_list
2026-03-16 20:35:22 [main] DEBUG o.s.w.s.m.m.a.RequestMappingHandlerMapping - Mapped to com.example.bankcards.controller.AuthController#registerList(List)
2026-03-16 20:35:22 [main] DEBUG o.s.w.s.m.m.a.RequestResponseBodyMethodProcessor - Read "application/json;charset=UTF-8" to [[RegistrationDto(username=user1, firstName=Иван1, lastName=Петров1, email=ivanpetrov1@example.com, p (truncated)...]
2026-03-16 20:35:22 [main] DEBUG o.s.w.s.m.m.a.HttpEntityMethodProcessor - Using 'text/plain', given [*/*] and supported [text/plain, */*, application/json, application/*+json, application/yaml]
2026-03-16 20:35:22 [main] DEBUG o.s.w.s.m.m.a.HttpEntityMethodProcessor - Writing ["Регистрация прошла успешно"]
2026-03-16 20:35:22 [SpringApplicationShutdownHook] DEBUG o.s.w.c.s.GenericWebApplicationContext - Closing org.springframework.web.context.support.GenericWebApplicationContext@1716e8c5, started on Mon Mar 16 20:35:21 GMT+05:00 2026
2026-03-16 20:36:57 [main] INFO  c.e.b.controller.AuthControllerTest - Starting AuthControllerTest using Java 25.0.2 with PID 9728 (started by gorin47 in D:\Projects\Bank_REST\bank_rest)
2026-03-16 20:36:57 [main] DEBUG c.e.b.controller.AuthControllerTest - Running with Spring Boot v4.0.2, Spring v7.0.3
2026-03-16 20:36:57 [main] INFO  c.e.b.controller.AuthControllerTest - No active profile set, falling back to 1 default profile: "default"
2026-03-16 20:36:57 [main] DEBUG o.s.w.c.s.GenericWebApplicationContext - Refreshing org.springframework.web.context.support.GenericWebApplicationContext@1716e8c5
2026-03-16 20:36:58 [main] INFO  o.s.s.c.a.a.c.InitializeUserDetailsBeanManagerConfigurer$InitializeUserDetailsManagerConfigurer - Global AuthenticationManager configured with UserDetailsService bean with name userService
2026-03-16 20:36:58 [main] DEBUG o.s.s.web.DefaultSecurityFilterChain - Will secure any request with filters: DisableEncodeUrlFilter, WebAsyncManagerIntegrationFilter, SecurityContextHolderFilter, HeaderWriterFilter, CorsFilter, LogoutFilter, JwtAuthenticationFilter, RequestCacheAwareFilter, SecurityContextHolderAwareRequestFilter, AnonymousAuthenticationFilter, SessionManagementFilter, ExceptionTranslationFilter, AuthorizationFilter
2026-03-16 20:36:58 [main] DEBUG o.s.w.s.m.m.a.RequestMappingHandlerMapping - 7 mappings in 'requestMappingHandlerMapping'
2026-03-16 20:36:58 [main] DEBUG o.s.w.s.h.SimpleUrlHandlerMapping - Patterns [/webjars/**, /**] in 'resourceHandlerMapping'
2026-03-16 20:36:58 [main] DEBUG o.s.w.s.m.m.a.RequestMappingHandlerAdapter - ControllerAdvice beans: 0 @ModelAttribute, 0 @InitBinder, 2 RequestBodyAdvice, 1 ResponseBodyAdvice
2026-03-16 20:36:58 [main] DEBUG o.s.w.s.m.m.a.ExceptionHandlerExceptionResolver - ControllerAdvice beans: 1 @ExceptionHandler, 1 ResponseBodyAdvice
2026-03-16 20:36:58 [main] DEBUG c.e.b.s.JwtAuthenticationFilter - Filter 'jwtAuthenticationFilter' configured for use
2026-03-16 20:36:58 [main] INFO  o.s.b.t.m.w.SpringBootMockServletContext - Initializing Spring TestDispatcherServlet ''
2026-03-16 20:36:58 [main] INFO  o.s.t.w.s.TestDispatcherServlet - Initializing Servlet ''
2026-03-16 20:36:58 [main] INFO  o.s.t.w.s.TestDispatcherServlet - Completed initialization in 1 ms
2026-03-16 20:36:58 [main] INFO  c.e.b.controller.AuthControllerTest - Started AuthControllerTest in 1.35 seconds (process running for 1.992)
2026-03-16 20:36:58 [main] DEBUG o.s.security.web.FilterChainProxy - Securing POST /api/auth/login
2026-03-16 20:36:58 [main] DEBUG o.s.s.w.a.AnonymousAuthenticationFilter - Set SecurityContextHolder to anonymous SecurityContext
2026-03-16 20:36:58 [main] DEBUG o.s.security.web.FilterChainProxy - Secured POST /api/auth/login
2026-03-16 20:36:58 [main] DEBUG o.s.w.s.m.m.a.RequestMappingHandlerMapping - Mapped to com.example.bankcards.controller.AuthController#login(LoginRequestDto)
2026-03-16 20:36:58 [main] DEBUG o.s.w.s.m.m.a.RequestResponseBodyMethodProcessor - Read "application/json;charset=UTF-8" to [LoginRequestDto(username=Admin, password=123)]
2026-03-16 20:36:59 [main] DEBUG o.s.w.s.m.m.a.HttpEntityMethodProcessor - Using 'application/json', given [*/*] and supported [application/json, application/*+json, application/yaml]
2026-03-16 20:36:59 [main] DEBUG o.s.w.s.m.m.a.HttpEntityMethodProcessor - Writing [TokenResponseDto(accessToken=access-token, refreshToken=refresh-token)]
2026-03-16 20:36:59 [main] DEBUG o.s.security.web.FilterChainProxy - Securing POST /api/auth/logout
2026-03-16 20:36:59 [main] DEBUG o.s.s.w.a.AnonymousAuthenticationFilter - Set SecurityContextHolder to anonymous SecurityContext
2026-03-16 20:36:59 [main] DEBUG o.s.security.web.FilterChainProxy - Secured POST /api/auth/logout
2026-03-16 20:36:59 [main] DEBUG o.s.w.s.m.m.a.RequestMappingHandlerMapping - Mapped to com.example.bankcards.controller.AuthController#logout(String)
2026-03-16 20:36:59 [main] DEBUG o.s.w.s.m.m.a.HttpEntityMethodProcessor - Using 'application/json', given [*/*] and supported [application/json, application/*+json, application/yaml]
2026-03-16 20:36:59 [main] DEBUG o.s.w.s.m.m.a.HttpEntityMethodProcessor - Nothing to write: null body
2026-03-16 20:36:59 [main] DEBUG o.s.security.web.FilterChainProxy - Securing POST /api/auth/registration
2026-03-16 20:36:59 [main] DEBUG o.s.s.w.a.AnonymousAuthenticationFilter - Set SecurityContextHolder to anonymous SecurityContext
2026-03-16 20:36:59 [main] DEBUG o.s.security.web.FilterChainProxy - Secured POST /api/auth/registration
2026-03-16 20:36:59 [main] DEBUG o.s.w.s.m.m.a.RequestMappingHandlerMapping - Mapped to com.example.bankcards.controller.AuthController#register(RegistrationDto)
2026-03-16 20:36:59 [main] DEBUG o.s.w.s.m.m.a.RequestResponseBodyMethodProcessor - Read "application/json;charset=UTF-8" to [RegistrationDto(username=Admin, firstName=Иван, lastName=Петров, email=ivanpetrov@example.com, passw (truncated)...]
2026-03-16 20:36:59 [main] DEBUG o.s.w.s.m.m.a.ExceptionHandlerExceptionResolver - Using @ExceptionHandler com.example.bankcards.exception.GlobalExceptionHandler#handleAlreadyExists(AlreadyExistsException, HttpServletRequest)
2026-03-16 20:36:59 [main] DEBUG o.s.w.s.m.m.a.RequestResponseBodyMethodProcessor - Using 'application/json', given [*/*] and supported [application/json, application/*+json, application/yaml]
2026-03-16 20:36:59 [main] DEBUG o.s.w.s.m.m.a.RequestResponseBodyMethodProcessor - Writing [ErrorResponseDTO(timestamp=2026-03-16T20:36:59.085426700, path=/api/auth/registration, status=409, e (truncated)...]
2026-03-16 20:36:59 [main] DEBUG o.s.w.s.m.m.a.ExceptionHandlerExceptionResolver - Resolved [com.example.bankcards.exception.AlreadyExistsException: Имя пользователя уже занято]
2026-03-16 20:36:59 [main] DEBUG o.s.security.web.FilterChainProxy - Securing POST /api/auth/registration
2026-03-16 20:36:59 [main] DEBUG o.s.s.w.a.AnonymousAuthenticationFilter - Set SecurityContextHolder to anonymous SecurityContext
2026-03-16 20:36:59 [main] DEBUG o.s.security.web.FilterChainProxy - Secured POST /api/auth/registration
2026-03-16 20:36:59 [main] DEBUG o.s.w.s.m.m.a.RequestMappingHandlerMapping - Mapped to com.example.bankcards.controller.AuthController#register(RegistrationDto)
2026-03-16 20:36:59 [main] DEBUG o.s.w.s.m.m.a.RequestResponseBodyMethodProcessor - Read "application/json;charset=UTF-8" to [RegistrationDto(username=Admin, firstName=Иван, lastName=Петров, email=ivanpetrov@example.com, passw (truncated)...]
2026-03-16 20:36:59 [main] DEBUG o.s.w.s.m.m.a.HttpEntityMethodProcessor - Using 'text/plain', given [*/*] and supported [text/plain, */*, application/json, application/*+json, application/yaml]
2026-03-16 20:36:59 [main] DEBUG o.s.w.s.m.m.a.HttpEntityMethodProcessor - Writing ["Регистрация прошла успешно"]
2026-03-16 20:36:59 [main] DEBUG o.s.security.web.FilterChainProxy - Securing POST /api/auth/logout
2026-03-16 20:36:59 [main] DEBUG o.s.s.w.a.AnonymousAuthenticationFilter - Set SecurityContextHolder to anonymous SecurityContext
2026-03-16 20:36:59 [main] DEBUG o.s.security.web.FilterChainProxy - Secured POST /api/auth/logout
2026-03-16 20:36:59 [main] DEBUG o.s.w.s.m.m.a.RequestMappingHandlerMapping - Mapped to com.example.bankcards.controller.AuthController#logout(String)
2026-03-16 20:36:59 [main] DEBUG o.s.web.method.HandlerMethod - Could not resolve parameter [0] in public org.springframework.http.ResponseEntity<java.lang.Void> com.example.bankcards.controller.AuthController.logout(java.lang.String): Required request header 'Authorization' for method parameter type String is not present
2026-03-16 20:36:59 [main] DEBUG o.s.w.s.m.m.a.ExceptionHandlerExceptionResolver - Using @ExceptionHandler com.example.bankcards.exception.GlobalExceptionHandler#handleGenericException(Exception, HttpServletRequest)
2026-03-16 20:36:59 [main] DEBUG o.s.w.s.m.m.a.RequestResponseBodyMethodProcessor - Using 'application/json', given [*/*] and supported [application/json, application/*+json, application/yaml]
2026-03-16 20:36:59 [main] DEBUG o.s.w.s.m.m.a.RequestResponseBodyMethodProcessor - Writing [ErrorResponseDTO(timestamp=2026-03-16T20:36:59.116424400, path=/api/auth/logout, status=500, error=I (truncated)...]
2026-03-16 20:36:59 [main] DEBUG o.s.w.s.m.m.a.ExceptionHandlerExceptionResolver - Resolved [org.springframework.web.bind.MissingRequestHeaderException: Required request header 'Authorization' for method parameter type String is not present]
2026-03-16 20:36:59 [main] DEBUG o.s.security.web.FilterChainProxy - Securing POST /api/auth/registration
2026-03-16 20:36:59 [main] DEBUG o.s.s.w.a.AnonymousAuthenticationFilter - Set SecurityContextHolder to anonymous SecurityContext
2026-03-16 20:36:59 [main] DEBUG o.s.security.web.FilterChainProxy - Secured POST /api/auth/registration
2026-03-16 20:36:59 [main] DEBUG o.s.w.s.m.m.a.RequestMappingHandlerMapping - Mapped to com.example.bankcards.controller.AuthController#register(RegistrationDto)
2026-03-16 20:36:59 [main] DEBUG o.s.w.s.m.m.a.RequestResponseBodyMethodProcessor - Read "application/json;charset=UTF-8" to [RegistrationDto(username=, firstName=Иван, lastName=Петров, email=ivanpetrov@example.com, password=1 (truncated)...]
2026-03-16 20:36:59 [main] DEBUG o.s.w.s.m.m.a.ExceptionHandlerExceptionResolver - Using @ExceptionHandler com.example.bankcards.exception.GlobalExceptionHandler#handleMethodArgumentNotValidException(MethodArgumentNotValidException, HttpServletRequest)
2026-03-16 20:36:59 [main] DEBUG o.s.w.s.m.m.a.RequestResponseBodyMethodProcessor - Using 'application/json', given [*/*] and supported [application/json, application/*+json, application/yaml]
2026-03-16 20:36:59 [main] DEBUG o.s.w.s.m.m.a.RequestResponseBodyMethodProcessor - Writing [[ErrorResponseDTO(timestamp=2026-03-16T20:36:59.128423, path=/api/auth/registration, status=422, err (truncated)...]
2026-03-16 20:36:59 [main] DEBUG o.s.w.s.m.m.a.ExceptionHandlerExceptionResolver - Resolved [org.springframework.web.bind.MethodArgumentNotValidException: Validation failed for argument [0] in public org.springframework.http.ResponseEntity<java.lang.String> com.example.bankcards.controller.AuthController.register(com.example.bankcards.dto.RegistrationDto): [Field error in object 'registrationDto' on field 'username': rejected value []; codes [NotBlank.registrationDto.username,NotBlank.username,NotBlank.java.lang.String,NotBlank]; arguments [org.springframework.context.support.DefaultMessageSourceResolvable: codes [registrationDto.username,username]; arguments []; default message [username]]; default message [поле не может быть пустым]] ]
2026-03-16 20:36:59 [main] DEBUG o.s.security.web.FilterChainProxy - Securing POST /api/auth/registration_list
2026-03-16 20:36:59 [main] DEBUG o.s.s.w.a.AnonymousAuthenticationFilter - Set SecurityContextHolder to anonymous SecurityContext
2026-03-16 20:36:59 [main] DEBUG o.s.security.web.FilterChainProxy - Secured POST /api/auth/registration_list
2026-03-16 20:36:59 [main] DEBUG o.s.w.s.m.m.a.RequestMappingHandlerMapping - Mapped to com.example.bankcards.controller.AuthController#registerList(List)
2026-03-16 20:36:59 [main] DEBUG o.s.w.s.m.m.a.RequestResponseBodyMethodProcessor - Read "application/json;charset=UTF-8" to [[RegistrationDto(username=user1, firstName=Иван1, lastName=Петров1, email=ivanpetrov1@example.com, p (truncated)...]
2026-03-16 20:36:59 [main] DEBUG o.s.w.s.m.m.a.HttpEntityMethodProcessor - Using 'text/plain', given [*/*] and supported [text/plain, */*, application/json, application/*+json, application/yaml]
2026-03-16 20:36:59 [main] DEBUG o.s.w.s.m.m.a.HttpEntityMethodProcessor - Writing ["Регистрация прошла успешно"]
2026-03-16 20:36:59 [main] DEBUG o.s.security.web.FilterChainProxy - Securing POST /api/auth/registration
2026-03-16 20:36:59 [main] DEBUG o.s.s.w.a.AnonymousAuthenticationFilter - Set SecurityContextHolder to anonymous SecurityContext
2026-03-16 20:36:59 [main] DEBUG o.s.security.web.FilterChainProxy - Secured POST /api/auth/registration
2026-03-16 20:36:59 [main] DEBUG o.s.w.s.m.m.a.RequestMappingHandlerMapping - Mapped to com.example.bankcards.controller.AuthController#register(RegistrationDto)
2026-03-16 20:36:59 [main] DEBUG o.s.w.s.m.m.a.RequestResponseBodyMethodProcessor - Read "application/json;charset=UTF-8" to [RegistrationDto(username=Admin, firstName=Иван, lastName=Петров, email=ivanpetrov@example.com, passw (truncated)...]
2026-03-16 20:36:59 [main] DEBUG o.s.w.s.m.m.a.HttpEntityMethodProcessor - Using 'text/plain', given [*/*] and supported [text/plain, */*, application/json, application/*+json, application/yaml]
2026-03-16 20:36:59 [main] DEBUG o.s.w.s.m.m.a.HttpEntityMethodProcessor - Writing ["Регистрация прошла успешно"]
2026-03-16 20:36:59 [main] DEBUG o.s.security.web.FilterChainProxy - Securing POST /api/auth/registration
2026-03-16 20:36:59 [main] DEBUG o.s.s.w.a.AnonymousAuthenticationFilter - Set SecurityContextHolder to anonymous SecurityContext
2026-03-16 20:36:59 [main] DEBUG o.s.security.web.FilterChainProxy - Secured POST /api/auth/registration
2026-03-16 20:36:59 [main] DEBUG o.s.w.s.m.m.a.RequestMappingHandlerMapping - Mapped to com.example.bankcards.controller.AuthController#register(RegistrationDto)
2026-03-16 20:36:59 [main] DEBUG o.s.w.s.m.m.a.RequestResponseBodyMethodProcessor - Read "application/json;charset=UTF-8" to [RegistrationDto(username=null, firstName=Иван, lastName=Петров, email=ivanpetrov@example.com, passwo (truncated)...]
2026-03-16 20:36:59 [main] DEBUG o.s.w.s.m.m.a.ExceptionHandlerExceptionResolver - Using @ExceptionHandler com.example.bankcards.exception.GlobalExceptionHandler#handleMethodArgumentNotValidException(MethodArgumentNotValidException, HttpServletRequest)
2026-03-16 20:36:59 [main] DEBUG o.s.w.s.m.m.a.RequestResponseBodyMethodProcessor - Using 'application/json', given [*/*] and supported [application/json, application/*+json, application/yaml]
2026-03-16 20:36:59 [main] DEBUG o.s.w.s.m.m.a.RequestResponseBodyMethodProcessor - Writing [[ErrorResponseDTO(timestamp=2026-03-16T20:36:59.190766400, path=/api/auth/registration, status=422,  (truncated)...]
2026-03-16 20:36:59 [main] DEBUG o.s.w.s.m.m.a.ExceptionHandlerExceptionResolver - Resolved [org.springframework.web.bind.MethodArgumentNotValidException: Validation failed for argument [0] in public org.springframework.http.ResponseEntity<java.lang.String> com.example.bankcards.controller.AuthController.register(com.example.bankcards.dto.RegistrationDto): [Field error in object 'registrationDto' on field 'username': rejected value [null]; codes [NotBlank.registrationDto.username,NotBlank.username,NotBlank.java.lang.String,NotBlank]; arguments [org.springframework.context.support.DefaultMessageSourceResolvable: codes [registrationDto.username,username]; arguments []; default message [username]]; default message [поле не может быть пустым]] ]
2026-03-16 20:36:59 [main] DEBUG o.s.security.web.FilterChainProxy - Securing POST /api/auth/refresh_token
2026-03-16 20:36:59 [main] DEBUG o.s.s.w.a.AnonymousAuthenticationFilter - Set SecurityContextHolder to anonymous SecurityContext
2026-03-16 20:36:59 [main] DEBUG o.s.security.web.FilterChainProxy - Secured POST /api/auth/refresh_token
2026-03-16 20:36:59 [main] DEBUG o.s.w.s.m.m.a.RequestMappingHandlerMapping - Mapped to com.example.bankcards.controller.AuthController#refreshToken(HttpServletRequest, HttpServletResponse)
2026-03-16 20:36:59 [main] DEBUG o.s.w.s.m.m.a.HttpEntityMethodProcessor - Using 'application/json', given [*/*] and supported [application/json, application/*+json, application/yaml]
2026-03-16 20:36:59 [main] DEBUG o.s.w.s.m.m.a.HttpEntityMethodProcessor - Writing [TokenResponseDto(accessToken=access-token, refreshToken=refresh-token)]
2026-03-16 20:36:59 [main] DEBUG o.s.security.web.FilterChainProxy - Securing POST /api/auth/registration_list
2026-03-16 20:36:59 [main] DEBUG o.s.s.w.a.AnonymousAuthenticationFilter - Set SecurityContextHolder to anonymous SecurityContext
2026-03-16 20:36:59 [main] DEBUG o.s.security.web.FilterChainProxy - Secured POST /api/auth/registration_list
2026-03-16 20:36:59 [main] DEBUG o.s.w.s.m.m.a.RequestMappingHandlerMapping - Mapped to com.example.bankcards.controller.AuthController#registerList(List)
2026-03-16 20:36:59 [main] DEBUG o.s.w.s.m.m.a.RequestResponseBodyMethodProcessor - Read "application/json;charset=UTF-8" to [[RegistrationDto(username=user1, firstName=Иван1, lastName=Петров1, email=ivanpetrov1@example.com, p (truncated)...]
2026-03-16 20:36:59 [main] DEBUG o.s.w.s.m.m.a.HttpEntityMethodProcessor - Using 'text/plain', given [*/*] and supported [text/plain, */*, application/json, application/*+json, application/yaml]
2026-03-16 20:36:59 [main] DEBUG o.s.w.s.m.m.a.HttpEntityMethodProcessor - Writing ["Регистрация прошла успешно"]
2026-03-16 20:36:59 [SpringApplicationShutdownHook] DEBUG o.s.w.c.s.GenericWebApplicationContext - Closing org.springframework.web.context.support.GenericWebApplicationContext@1716e8c5, started on Mon Mar 16 20:36:57 GMT+05:00 2026
2026-03-16 20:37:24 [main] INFO  c.e.b.controller.AuthControllerTest - Starting AuthControllerTest using Java 25.0.2 with PID 9568 (started by gorin47 in D:\Projects\Bank_REST\bank_rest)
2026-03-16 20:37:24 [main] DEBUG c.e.b.controller.AuthControllerTest - Running with Spring Boot v4.0.2, Spring v7.0.3
2026-03-16 20:37:24 [main] INFO  c.e.b.controller.AuthControllerTest - No active profile set, falling back to 1 default profile: "default"
2026-03-16 20:37:24 [main] DEBUG o.s.w.c.s.GenericWebApplicationContext - Refreshing org.springframework.web.context.support.GenericWebApplicationContext@1716e8c5
2026-03-16 20:37:25 [main] INFO  o.s.s.c.a.a.c.InitializeUserDetailsBeanManagerConfigurer$InitializeUserDetailsManagerConfigurer - Global AuthenticationManager configured with UserDetailsService bean with name userService
2026-03-16 20:37:25 [main] DEBUG o.s.s.web.DefaultSecurityFilterChain - Will secure any request with filters: DisableEncodeUrlFilter, WebAsyncManagerIntegrationFilter, SecurityContextHolderFilter, HeaderWriterFilter, CorsFilter, LogoutFilter, JwtAuthenticationFilter, RequestCacheAwareFilter, SecurityContextHolderAwareRequestFilter, AnonymousAuthenticationFilter, SessionManagementFilter, ExceptionTranslationFilter, AuthorizationFilter
2026-03-16 20:37:25 [main] DEBUG o.s.w.s.m.m.a.RequestMappingHandlerMapping - 7 mappings in 'requestMappingHandlerMapping'
2026-03-16 20:37:25 [main] DEBUG o.s.w.s.h.SimpleUrlHandlerMapping - Patterns [/webjars/**, /**] in 'resourceHandlerMapping'
2026-03-16 20:37:25 [main] DEBUG o.s.w.s.m.m.a.RequestMappingHandlerAdapter - ControllerAdvice beans: 0 @ModelAttribute, 0 @InitBinder, 2 RequestBodyAdvice, 1 ResponseBodyAdvice
2026-03-16 20:37:25 [main] DEBUG o.s.w.s.m.m.a.ExceptionHandlerExceptionResolver - ControllerAdvice beans: 1 @ExceptionHandler, 1 ResponseBodyAdvice
2026-03-16 20:37:25 [main] DEBUG c.e.b.s.JwtAuthenticationFilter - Filter 'jwtAuthenticationFilter' configured for use
2026-03-16 20:37:25 [main] INFO  o.s.b.t.m.w.SpringBootMockServletContext - Initializing Spring TestDispatcherServlet ''
2026-03-16 20:37:25 [main] INFO  o.s.t.w.s.TestDispatcherServlet - Initializing Servlet ''
2026-03-16 20:37:25 [main] INFO  o.s.t.w.s.TestDispatcherServlet - Completed initialization in 1 ms
2026-03-16 20:37:25 [main] INFO  c.e.b.controller.AuthControllerTest - Started AuthControllerTest in 1.341 seconds (process running for 1.968)
2026-03-16 20:37:25 [main] DEBUG o.s.security.web.FilterChainProxy - Securing POST /api/auth/login
2026-03-16 20:37:25 [main] DEBUG o.s.s.w.a.AnonymousAuthenticationFilter - Set SecurityContextHolder to anonymous SecurityContext
2026-03-16 20:37:25 [main] DEBUG o.s.security.web.FilterChainProxy - Secured POST /api/auth/login
2026-03-16 20:37:25 [main] DEBUG o.s.w.s.m.m.a.RequestMappingHandlerMapping - Mapped to com.example.bankcards.controller.AuthController#login(LoginRequestDto)
2026-03-16 20:37:25 [main] DEBUG o.s.w.s.m.m.a.RequestResponseBodyMethodProcessor - Read "application/json;charset=UTF-8" to [LoginRequestDto(username=Admin, password=123)]
2026-03-16 20:37:25 [main] DEBUG o.s.w.s.m.m.a.HttpEntityMethodProcessor - Using 'application/json', given [*/*] and supported [application/json, application/*+json, application/yaml]
2026-03-16 20:37:25 [main] DEBUG o.s.w.s.m.m.a.HttpEntityMethodProcessor - Writing [TokenResponseDto(accessToken=access-token, refreshToken=refresh-token)]
2026-03-16 20:37:25 [main] DEBUG o.s.security.web.FilterChainProxy - Securing POST /api/auth/logout
2026-03-16 20:37:25 [main] DEBUG o.s.s.w.a.AnonymousAuthenticationFilter - Set SecurityContextHolder to anonymous SecurityContext
2026-03-16 20:37:25 [main] DEBUG o.s.security.web.FilterChainProxy - Secured POST /api/auth/logout
2026-03-16 20:37:25 [main] DEBUG o.s.w.s.m.m.a.RequestMappingHandlerMapping - Mapped to com.example.bankcards.controller.AuthController#logout(String)
2026-03-16 20:37:25 [main] DEBUG o.s.w.s.m.m.a.HttpEntityMethodProcessor - Using 'application/json', given [*/*] and supported [application/json, application/*+json, application/yaml]
2026-03-16 20:37:25 [main] DEBUG o.s.w.s.m.m.a.HttpEntityMethodProcessor - Nothing to write: null body
2026-03-16 20:37:25 [main] DEBUG o.s.security.web.FilterChainProxy - Securing POST /api/auth/registration
2026-03-16 20:37:25 [main] DEBUG o.s.s.w.a.AnonymousAuthenticationFilter - Set SecurityContextHolder to anonymous SecurityContext
2026-03-16 20:37:25 [main] DEBUG o.s.security.web.FilterChainProxy - Secured POST /api/auth/registration
2026-03-16 20:37:25 [main] DEBUG o.s.w.s.m.m.a.RequestMappingHandlerMapping - Mapped to com.example.bankcards.controller.AuthController#register(RegistrationDto)
2026-03-16 20:37:25 [main] DEBUG o.s.w.s.m.m.a.RequestResponseBodyMethodProcessor - Read "application/json;charset=UTF-8" to [RegistrationDto(username=Admin, firstName=Иван, lastName=Петров, email=ivanpetrov@example.com, passw (truncated)...]
2026-03-16 20:37:25 [main] DEBUG o.s.w.s.m.m.a.ExceptionHandlerExceptionResolver - Using @ExceptionHandler com.example.bankcards.exception.GlobalExceptionHandler#handleAlreadyExists(AlreadyExistsException, HttpServletRequest)
2026-03-16 20:37:25 [main] DEBUG o.s.w.s.m.m.a.RequestResponseBodyMethodProcessor - Using 'application/json', given [*/*] and supported [application/json, application/*+json, application/yaml]
2026-03-16 20:37:25 [main] DEBUG o.s.w.s.m.m.a.RequestResponseBodyMethodProcessor - Writing [ErrorResponseDTO(timestamp=2026-03-16T20:37:25.614887300, path=/api/auth/registration, status=409, e (truncated)...]
2026-03-16 20:37:25 [main] DEBUG o.s.w.s.m.m.a.ExceptionHandlerExceptionResolver - Resolved [com.example.bankcards.exception.AlreadyExistsException: Имя пользователя уже занято]
2026-03-16 20:37:25 [main] DEBUG o.s.security.web.FilterChainProxy - Securing POST /api/auth/registration
2026-03-16 20:37:25 [main] DEBUG o.s.s.w.a.AnonymousAuthenticationFilter - Set SecurityContextHolder to anonymous SecurityContext
2026-03-16 20:37:25 [main] DEBUG o.s.security.web.FilterChainProxy - Secured POST /api/auth/registration
2026-03-16 20:37:25 [main] DEBUG o.s.w.s.m.m.a.RequestMappingHandlerMapping - Mapped to com.example.bankcards.controller.AuthController#register(RegistrationDto)
2026-03-16 20:37:25 [main] DEBUG o.s.w.s.m.m.a.RequestResponseBodyMethodProcessor - Read "application/json;charset=UTF-8" to [RegistrationDto(username=Admin, firstName=Иван, lastName=Петров, email=ivanpetrov@example.com, passw (truncated)...]
2026-03-16 20:37:25 [main] DEBUG o.s.w.s.m.m.a.ExceptionHandlerExceptionResolver - Using @ExceptionHandler com.example.bankcards.exception.GlobalExceptionHandler#handleAlreadyExists(AlreadyExistsException, HttpServletRequest)
2026-03-16 20:37:25 [main] DEBUG o.s.w.s.m.m.a.RequestResponseBodyMethodProcessor - Using 'application/json', given [*/*] and supported [application/json, application/*+json, application/yaml]
2026-03-16 20:37:25 [main] DEBUG o.s.w.s.m.m.a.RequestResponseBodyMethodProcessor - Writing [ErrorResponseDTO(timestamp=2026-03-16T20:37:25.628887800, path=/api/auth/registration, status=409, e (truncated)...]
2026-03-16 20:37:25 [main] DEBUG o.s.w.s.m.m.a.ExceptionHandlerExceptionResolver - Resolved [com.example.bankcards.exception.AlreadyExistsException: Email уже занят]
2026-03-16 20:37:25 [main] DEBUG o.s.security.web.FilterChainProxy - Securing POST /api/auth/logout
2026-03-16 20:37:25 [main] DEBUG o.s.s.w.a.AnonymousAuthenticationFilter - Set SecurityContextHolder to anonymous SecurityContext
2026-03-16 20:37:25 [main] DEBUG o.s.security.web.FilterChainProxy - Secured POST /api/auth/logout
2026-03-16 20:37:25 [main] DEBUG o.s.w.s.m.m.a.RequestMappingHandlerMapping - Mapped to com.example.bankcards.controller.AuthController#logout(String)
2026-03-16 20:37:25 [main] DEBUG o.s.web.method.HandlerMethod - Could not resolve parameter [0] in public org.springframework.http.ResponseEntity<java.lang.Void> com.example.bankcards.controller.AuthController.logout(java.lang.String): Required request header 'Authorization' for method parameter type String is not present
2026-03-16 20:37:25 [main] DEBUG o.s.w.s.m.m.a.ExceptionHandlerExceptionResolver - Using @ExceptionHandler com.example.bankcards.exception.GlobalExceptionHandler#handleGenericException(Exception, HttpServletRequest)
2026-03-16 20:37:25 [main] DEBUG o.s.w.s.m.m.a.RequestResponseBodyMethodProcessor - Using 'application/json', given [*/*] and supported [application/json, application/*+json, application/yaml]
2026-03-16 20:37:25 [main] DEBUG o.s.w.s.m.m.a.RequestResponseBodyMethodProcessor - Writing [ErrorResponseDTO(timestamp=2026-03-16T20:37:25.639887, path=/api/auth/logout, status=500, error=Inte (truncated)...]
2026-03-16 20:37:25 [main] DEBUG o.s.w.s.m.m.a.ExceptionHandlerExceptionResolver - Resolved [org.springframework.web.bind.MissingRequestHeaderException: Required request header 'Authorization' for method parameter type String is not present]
2026-03-16 20:37:25 [main] DEBUG o.s.security.web.FilterChainProxy - Securing POST /api/auth/registration
2026-03-16 20:37:25 [main] DEBUG o.s.s.w.a.AnonymousAuthenticationFilter - Set SecurityContextHolder to anonymous SecurityContext
2026-03-16 20:37:25 [main] DEBUG o.s.security.web.FilterChainProxy - Secured POST /api/auth/registration
2026-03-16 20:37:25 [main] DEBUG o.s.w.s.m.m.a.RequestMappingHandlerMapping - Mapped to com.example.bankcards.controller.AuthController#register(RegistrationDto)
2026-03-16 20:37:25 [main] DEBUG o.s.w.s.m.m.a.RequestResponseBodyMethodProcessor - Read "application/json;charset=UTF-8" to [RegistrationDto(username=, firstName=Иван, lastName=Петров, email=ivanpetrov@example.com, password=1 (truncated)...]
2026-03-16 20:37:25 [main] DEBUG o.s.w.s.m.m.a.ExceptionHandlerExceptionResolver - Using @ExceptionHandler com.example.bankcards.exception.GlobalExceptionHandler#handleMethodArgumentNotValidException(MethodArgumentNotValidException, HttpServletRequest)
2026-03-16 20:37:25 [main] DEBUG o.s.w.s.m.m.a.RequestResponseBodyMethodProcessor - Using 'application/json', given [*/*] and supported [application/json, application/*+json, application/yaml]
2026-03-16 20:37:25 [main] DEBUG o.s.w.s.m.m.a.RequestResponseBodyMethodProcessor - Writing [[ErrorResponseDTO(timestamp=2026-03-16T20:37:25.651888400, path=/api/auth/registration, status=422,  (truncated)...]
2026-03-16 20:37:25 [main] DEBUG o.s.w.s.m.m.a.ExceptionHandlerExceptionResolver - Resolved [org.springframework.web.bind.MethodArgumentNotValidException: Validation failed for argument [0] in public org.springframework.http.ResponseEntity<java.lang.String> com.example.bankcards.controller.AuthController.register(com.example.bankcards.dto.RegistrationDto): [Field error in object 'registrationDto' on field 'username': rejected value []; codes [NotBlank.registrationDto.username,NotBlank.username,NotBlank.java.lang.String,NotBlank]; arguments [org.springframework.context.support.DefaultMessageSourceResolvable: codes [registrationDto.username,username]; arguments []; default message [username]]; default message [поле не может быть пустым]] ]
2026-03-16 20:37:25 [main] DEBUG o.s.security.web.FilterChainProxy - Securing POST /api/auth/registration_list
2026-03-16 20:37:25 [main] DEBUG o.s.s.w.a.AnonymousAuthenticationFilter - Set SecurityContextHolder to anonymous SecurityContext
2026-03-16 20:37:25 [main] DEBUG o.s.security.web.FilterChainProxy - Secured POST /api/auth/registration_list
2026-03-16 20:37:25 [main] DEBUG o.s.w.s.m.m.a.RequestMappingHandlerMapping - Mapped to com.example.bankcards.controller.AuthController#registerList(List)
2026-03-16 20:37:25 [main] DEBUG o.s.w.s.m.m.a.RequestResponseBodyMethodProcessor - Read "application/json;charset=UTF-8" to [[RegistrationDto(username=user1, firstName=Иван1, lastName=Петров1, email=ivanpetrov1@example.com, p (truncated)...]
2026-03-16 20:37:25 [main] DEBUG o.s.w.s.m.m.a.HttpEntityMethodProcessor - Using 'text/plain', given [*/*] and supported [text/plain, */*, application/json, application/*+json, application/yaml]
2026-03-16 20:37:25 [main] DEBUG o.s.w.s.m.m.a.HttpEntityMethodProcessor - Writing ["Регистрация прошла успешно"]
2026-03-16 20:37:25 [main] DEBUG o.s.security.web.FilterChainProxy - Securing POST /api/auth/registration
2026-03-16 20:37:25 [main] DEBUG o.s.s.w.a.AnonymousAuthenticationFilter - Set SecurityContextHolder to anonymous SecurityContext
2026-03-16 20:37:25 [main] DEBUG o.s.security.web.FilterChainProxy - Secured POST /api/auth/registration
2026-03-16 20:37:25 [main] DEBUG o.s.w.s.m.m.a.RequestMappingHandlerMapping - Mapped to com.example.bankcards.controller.AuthController#register(RegistrationDto)
2026-03-16 20:37:25 [main] DEBUG o.s.w.s.m.m.a.RequestResponseBodyMethodProcessor - Read "application/json;charset=UTF-8" to [RegistrationDto(username=Admin, firstName=Иван, lastName=Петров, email=ivanpetrov@example.com, passw (truncated)...]
2026-03-16 20:37:25 [main] DEBUG o.s.w.s.m.m.a.HttpEntityMethodProcessor - Using 'text/plain', given [*/*] and supported [text/plain, */*, application/json, application/*+json, application/yaml]
2026-03-16 20:37:25 [main] DEBUG o.s.w.s.m.m.a.HttpEntityMethodProcessor - Writing ["Регистрация прошла успешно"]
2026-03-16 20:37:25 [main] DEBUG o.s.security.web.FilterChainProxy - Securing POST /api/auth/registration
2026-03-16 20:37:25 [main] DEBUG o.s.s.w.a.AnonymousAuthenticationFilter - Set SecurityContextHolder to anonymous SecurityContext
2026-03-16 20:37:25 [main] DEBUG o.s.security.web.FilterChainProxy - Secured POST /api/auth/registration
2026-03-16 20:37:25 [main] DEBUG o.s.w.s.m.m.a.RequestMappingHandlerMapping - Mapped to com.example.bankcards.controller.AuthController#register(RegistrationDto)
2026-03-16 20:37:25 [main] DEBUG o.s.w.s.m.m.a.RequestResponseBodyMethodProcessor - Read "application/json;charset=UTF-8" to [RegistrationDto(username=null, firstName=Иван, lastName=Петров, email=ivanpetrov@example.com, passwo (truncated)...]
2026-03-16 20:37:25 [main] DEBUG o.s.w.s.m.m.a.ExceptionHandlerExceptionResolver - Using @ExceptionHandler com.example.bankcards.exception.GlobalExceptionHandler#handleMethodArgumentNotValidException(MethodArgumentNotValidException, HttpServletRequest)
2026-03-16 20:37:25 [main] DEBUG o.s.w.s.m.m.a.RequestResponseBodyMethodProcessor - Using 'application/json', given [*/*] and supported [application/json, application/*+json, application/yaml]
2026-03-16 20:37:25 [main] DEBUG o.s.w.s.m.m.a.RequestResponseBodyMethodProcessor - Writing [[ErrorResponseDTO(timestamp=2026-03-16T20:37:25.716890, path=/api/auth/registration, status=422, err (truncated)...]
2026-03-16 20:37:25 [main] DEBUG o.s.w.s.m.m.a.ExceptionHandlerExceptionResolver - Resolved [org.springframework.web.bind.MethodArgumentNotValidException: Validation failed for argument [0] in public org.springframework.http.ResponseEntity<java.lang.String> com.example.bankcards.controller.AuthController.register(com.example.bankcards.dto.RegistrationDto): [Field error in object 'registrationDto' on field 'username': rejected value [null]; codes [NotBlank.registrationDto.username,NotBlank.username,NotBlank.java.lang.String,NotBlank]; arguments [org.springframework.context.support.DefaultMessageSourceResolvable: codes [registrationDto.username,username]; arguments []; default message [username]]; default message [поле не может быть пустым]] ]
2026-03-16 20:37:25 [main] DEBUG o.s.security.web.FilterChainProxy - Securing POST /api/auth/refresh_token
2026-03-16 20:37:25 [main] DEBUG o.s.s.w.a.AnonymousAuthenticationFilter - Set SecurityContextHolder to anonymous SecurityContext
2026-03-16 20:37:25 [main] DEBUG o.s.security.web.FilterChainProxy - Secured POST /api/auth/refresh_token
2026-03-16 20:37:25 [main] DEBUG o.s.w.s.m.m.a.RequestMappingHandlerMapping - Mapped to com.example.bankcards.controller.AuthController#refreshToken(HttpServletRequest, HttpServletResponse)
2026-03-16 20:37:25 [main] DEBUG o.s.w.s.m.m.a.HttpEntityMethodProcessor - Using 'application/json', given [*/*] and supported [application/json, application/*+json, application/yaml]
2026-03-16 20:37:25 [main] DEBUG o.s.w.s.m.m.a.HttpEntityMethodProcessor - Writing [TokenResponseDto(accessToken=access-token, refreshToken=refresh-token)]
2026-03-16 20:37:25 [main] DEBUG o.s.security.web.FilterChainProxy - Securing POST /api/auth/registration_list
2026-03-16 20:37:25 [main] DEBUG o.s.s.w.a.AnonymousAuthenticationFilter - Set SecurityContextHolder to anonymous SecurityContext
2026-03-16 20:37:25 [main] DEBUG o.s.security.web.FilterChainProxy - Secured POST /api/auth/registration_list
2026-03-16 20:37:25 [main] DEBUG o.s.w.s.m.m.a.RequestMappingHandlerMapping - Mapped to com.example.bankcards.controller.AuthController#registerList(List)
2026-03-16 20:37:25 [main] DEBUG o.s.w.s.m.m.a.RequestResponseBodyMethodProcessor - Read "application/json;charset=UTF-8" to [[RegistrationDto(username=user1, firstName=Иван1, lastName=Петров1, email=ivanpetrov1@example.com, p (truncated)...]
2026-03-16 20:37:25 [main] DEBUG o.s.w.s.m.m.a.HttpEntityMethodProcessor - Using 'text/plain', given [*/*] and supported [text/plain, */*, application/json, application/*+json, application/yaml]
2026-03-16 20:37:25 [main] DEBUG o.s.w.s.m.m.a.HttpEntityMethodProcessor - Writing ["Регистрация прошла успешно"]
2026-03-16 20:37:25 [SpringApplicationShutdownHook] DEBUG o.s.w.c.s.GenericWebApplicationContext - Closing org.springframework.web.context.support.GenericWebApplicationContext@1716e8c5, started on Mon Mar 16 20:37:24 GMT+05:00 2026
2026-03-16 20:38:40 [main] INFO  c.e.b.controller.AuthControllerTest - Starting AuthControllerTest using Java 25.0.2 with PID 6816 (started by gorin47 in D:\Projects\Bank_REST\bank_rest)
2026-03-16 20:38:40 [main] DEBUG c.e.b.controller.AuthControllerTest - Running with Spring Boot v4.0.2, Spring v7.0.3
2026-03-16 20:38:40 [main] INFO  c.e.b.controller.AuthControllerTest - No active profile set, falling back to 1 default profile: "default"
2026-03-16 20:38:40 [main] DEBUG o.s.w.c.s.GenericWebApplicationContext - Refreshing org.springframework.web.context.support.GenericWebApplicationContext@1716e8c5
2026-03-16 20:38:40 [main] INFO  o.s.s.c.a.a.c.InitializeUserDetailsBeanManagerConfigurer$InitializeUserDetailsManagerConfigurer - Global AuthenticationManager configured with UserDetailsService bean with name userService
2026-03-16 20:38:41 [main] DEBUG o.s.s.web.DefaultSecurityFilterChain - Will secure any request with filters: DisableEncodeUrlFilter, WebAsyncManagerIntegrationFilter, SecurityContextHolderFilter, HeaderWriterFilter, CorsFilter, LogoutFilter, JwtAuthenticationFilter, RequestCacheAwareFilter, SecurityContextHolderAwareRequestFilter, AnonymousAuthenticationFilter, SessionManagementFilter, ExceptionTranslationFilter, AuthorizationFilter
2026-03-16 20:38:41 [main] DEBUG o.s.w.s.m.m.a.RequestMappingHandlerMapping - 7 mappings in 'requestMappingHandlerMapping'
2026-03-16 20:38:41 [main] DEBUG o.s.w.s.h.SimpleUrlHandlerMapping - Patterns [/webjars/**, /**] in 'resourceHandlerMapping'
2026-03-16 20:38:41 [main] DEBUG o.s.w.s.m.m.a.RequestMappingHandlerAdapter - ControllerAdvice beans: 0 @ModelAttribute, 0 @InitBinder, 2 RequestBodyAdvice, 1 ResponseBodyAdvice
2026-03-16 20:38:41 [main] DEBUG o.s.w.s.m.m.a.ExceptionHandlerExceptionResolver - ControllerAdvice beans: 1 @ExceptionHandler, 1 ResponseBodyAdvice
2026-03-16 20:38:41 [main] DEBUG c.e.b.s.JwtAuthenticationFilter - Filter 'jwtAuthenticationFilter' configured for use
2026-03-16 20:38:41 [main] INFO  o.s.b.t.m.w.SpringBootMockServletContext - Initializing Spring TestDispatcherServlet ''
2026-03-16 20:38:41 [main] INFO  o.s.t.w.s.TestDispatcherServlet - Initializing Servlet ''
2026-03-16 20:38:41 [main] INFO  o.s.t.w.s.TestDispatcherServlet - Completed initialization in 1 ms
2026-03-16 20:38:41 [main] INFO  c.e.b.controller.AuthControllerTest - Started AuthControllerTest in 1.354 seconds (process running for 1.976)
2026-03-16 20:38:41 [main] DEBUG o.s.security.web.FilterChainProxy - Securing POST /api/auth/login
2026-03-16 20:38:41 [main] DEBUG o.s.s.w.a.AnonymousAuthenticationFilter - Set SecurityContextHolder to anonymous SecurityContext
2026-03-16 20:38:41 [main] DEBUG o.s.security.web.FilterChainProxy - Secured POST /api/auth/login
2026-03-16 20:38:41 [main] DEBUG o.s.w.s.m.m.a.RequestMappingHandlerMapping - Mapped to com.example.bankcards.controller.AuthController#login(LoginRequestDto)
2026-03-16 20:38:41 [main] DEBUG o.s.w.s.m.m.a.RequestResponseBodyMethodProcessor - Read "application/json;charset=UTF-8" to [LoginRequestDto(username=Admin, password=123)]
2026-03-16 20:38:41 [main] DEBUG o.s.w.s.m.m.a.HttpEntityMethodProcessor - Using 'application/json', given [*/*] and supported [application/json, application/*+json, application/yaml]
2026-03-16 20:38:41 [main] DEBUG o.s.w.s.m.m.a.HttpEntityMethodProcessor - Writing [TokenResponseDto(accessToken=access-token, refreshToken=refresh-token)]
2026-03-16 20:38:41 [main] DEBUG o.s.security.web.FilterChainProxy - Securing POST /api/auth/logout
2026-03-16 20:38:41 [main] DEBUG o.s.s.w.a.AnonymousAuthenticationFilter - Set SecurityContextHolder to anonymous SecurityContext
2026-03-16 20:38:41 [main] DEBUG o.s.security.web.FilterChainProxy - Secured POST /api/auth/logout
2026-03-16 20:38:41 [main] DEBUG o.s.w.s.m.m.a.RequestMappingHandlerMapping - Mapped to com.example.bankcards.controller.AuthController#logout(String)
2026-03-16 20:38:41 [main] DEBUG o.s.w.s.m.m.a.HttpEntityMethodProcessor - Using 'application/json', given [*/*] and supported [application/json, application/*+json, application/yaml]
2026-03-16 20:38:41 [main] DEBUG o.s.w.s.m.m.a.HttpEntityMethodProcessor - Nothing to write: null body
2026-03-16 20:38:41 [main] DEBUG o.s.security.web.FilterChainProxy - Securing POST /api/auth/registration
2026-03-16 20:38:41 [main] DEBUG o.s.s.w.a.AnonymousAuthenticationFilter - Set SecurityContextHolder to anonymous SecurityContext
2026-03-16 20:38:41 [main] DEBUG o.s.security.web.FilterChainProxy - Secured POST /api/auth/registration
2026-03-16 20:38:41 [main] DEBUG o.s.w.s.m.m.a.RequestMappingHandlerMapping - Mapped to com.example.bankcards.controller.AuthController#register(RegistrationDto)
2026-03-16 20:38:41 [main] DEBUG o.s.w.s.m.m.a.RequestResponseBodyMethodProcessor - Read "application/json;charset=UTF-8" to [RegistrationDto(username=Admin, firstName=Иван, lastName=Петров, email=ivanpetrov@example.com, passw (truncated)...]
2026-03-16 20:38:41 [main] DEBUG o.s.w.s.m.m.a.ExceptionHandlerExceptionResolver - Using @ExceptionHandler com.example.bankcards.exception.GlobalExceptionHandler#handleAlreadyExists(AlreadyExistsException, HttpServletRequest)
2026-03-16 20:38:41 [main] DEBUG o.s.w.s.m.m.a.RequestResponseBodyMethodProcessor - Using 'application/json', given [*/*] and supported [application/json, application/*+json, application/yaml]
2026-03-16 20:38:41 [main] DEBUG o.s.w.s.m.m.a.RequestResponseBodyMethodProcessor - Writing [ErrorResponseDTO(timestamp=2026-03-16T20:38:41.434772100, path=/api/auth/registration, status=409, e (truncated)...]
2026-03-16 20:38:41 [main] DEBUG o.s.w.s.m.m.a.ExceptionHandlerExceptionResolver - Resolved [com.example.bankcards.exception.AlreadyExistsException: Имя пользователя уже занято]
2026-03-16 20:38:41 [main] DEBUG o.s.security.web.FilterChainProxy - Securing POST /api/auth/registration
2026-03-16 20:38:41 [main] DEBUG o.s.s.w.a.AnonymousAuthenticationFilter - Set SecurityContextHolder to anonymous SecurityContext
2026-03-16 20:38:41 [main] DEBUG o.s.security.web.FilterChainProxy - Secured POST /api/auth/registration
2026-03-16 20:38:41 [main] DEBUG o.s.w.s.m.m.a.RequestMappingHandlerMapping - Mapped to com.example.bankcards.controller.AuthController#register(RegistrationDto)
2026-03-16 20:38:41 [main] DEBUG o.s.w.s.m.m.a.RequestResponseBodyMethodProcessor - Read "application/json;charset=UTF-8" to [RegistrationDto(username=Admin, firstName=Иван, lastName=Петров, email=ivanpetrov@example.com, passw (truncated)...]
2026-03-16 20:38:41 [main] DEBUG o.s.w.s.m.m.a.ExceptionHandlerExceptionResolver - Using @ExceptionHandler com.example.bankcards.exception.GlobalExceptionHandler#handleAlreadyExists(AlreadyExistsException, HttpServletRequest)
2026-03-16 20:38:41 [main] DEBUG o.s.w.s.m.m.a.RequestResponseBodyMethodProcessor - Using 'application/json', given [*/*] and supported [application/json, application/*+json, application/yaml]
2026-03-16 20:38:41 [main] DEBUG o.s.w.s.m.m.a.RequestResponseBodyMethodProcessor - Writing [ErrorResponseDTO(timestamp=2026-03-16T20:38:41.451773200, path=/api/auth/registration, status=409, e (truncated)...]
2026-03-16 20:38:41 [main] DEBUG o.s.w.s.m.m.a.ExceptionHandlerExceptionResolver - Resolved [com.example.bankcards.exception.AlreadyExistsException: Email уже занят]
2026-03-16 20:38:41 [main] DEBUG o.s.security.web.FilterChainProxy - Securing POST /api/auth/logout
2026-03-16 20:38:41 [main] DEBUG o.s.s.w.a.AnonymousAuthenticationFilter - Set SecurityContextHolder to anonymous SecurityContext
2026-03-16 20:38:41 [main] DEBUG o.s.security.web.FilterChainProxy - Secured POST /api/auth/logout
2026-03-16 20:38:41 [main] DEBUG o.s.w.s.m.m.a.RequestMappingHandlerMapping - Mapped to com.example.bankcards.controller.AuthController#logout(String)
2026-03-16 20:38:41 [main] DEBUG o.s.web.method.HandlerMethod - Could not resolve parameter [0] in public org.springframework.http.ResponseEntity<java.lang.Void> com.example.bankcards.controller.AuthController.logout(java.lang.String): Required request header 'Authorization' for method parameter type String is not present
2026-03-16 20:38:41 [main] DEBUG o.s.w.s.m.m.a.ExceptionHandlerExceptionResolver - Using @ExceptionHandler com.example.bankcards.exception.GlobalExceptionHandler#handleGenericException(Exception, HttpServletRequest)
2026-03-16 20:38:41 [main] DEBUG o.s.w.s.m.m.a.RequestResponseBodyMethodProcessor - Using 'application/json', given [*/*] and supported [application/json, application/*+json, application/yaml]
2026-03-16 20:38:41 [main] DEBUG o.s.w.s.m.m.a.RequestResponseBodyMethodProcessor - Writing [ErrorResponseDTO(timestamp=2026-03-16T20:38:41.462772200, path=/api/auth/logout, status=500, error=I (truncated)...]
2026-03-16 20:38:41 [main] DEBUG o.s.w.s.m.m.a.ExceptionHandlerExceptionResolver - Resolved [org.springframework.web.bind.MissingRequestHeaderException: Required request header 'Authorization' for method parameter type String is not present]
2026-03-16 20:38:41 [main] DEBUG o.s.security.web.FilterChainProxy - Securing POST /api/auth/registration
2026-03-16 20:38:41 [main] DEBUG o.s.s.w.a.AnonymousAuthenticationFilter - Set SecurityContextHolder to anonymous SecurityContext
2026-03-16 20:38:41 [main] DEBUG o.s.security.web.FilterChainProxy - Secured POST /api/auth/registration
2026-03-16 20:38:41 [main] DEBUG o.s.w.s.m.m.a.RequestMappingHandlerMapping - Mapped to com.example.bankcards.controller.AuthController#register(RegistrationDto)
2026-03-16 20:38:41 [main] DEBUG o.s.w.s.m.m.a.RequestResponseBodyMethodProcessor - Read "application/json;charset=UTF-8" to [RegistrationDto(username=, firstName=Иван, lastName=Петров, email=ivanpetrov@example.com, password=1 (truncated)...]
2026-03-16 20:38:41 [main] DEBUG o.s.w.s.m.m.a.ExceptionHandlerExceptionResolver - Using @ExceptionHandler com.example.bankcards.exception.GlobalExceptionHandler#handleMethodArgumentNotValidException(MethodArgumentNotValidException, HttpServletRequest)
2026-03-16 20:38:41 [main] DEBUG o.s.w.s.m.m.a.RequestResponseBodyMethodProcessor - Using 'application/json', given [*/*] and supported [application/json, application/*+json, application/yaml]
2026-03-16 20:38:41 [main] DEBUG o.s.w.s.m.m.a.RequestResponseBodyMethodProcessor - Writing [[ErrorResponseDTO(timestamp=2026-03-16T20:38:41.474772600, path=/api/auth/registration, status=422,  (truncated)...]
2026-03-16 20:38:41 [main] DEBUG o.s.w.s.m.m.a.ExceptionHandlerExceptionResolver - Resolved [org.springframework.web.bind.MethodArgumentNotValidException: Validation failed for argument [0] in public org.springframework.http.ResponseEntity<java.lang.String> com.example.bankcards.controller.AuthController.register(com.example.bankcards.dto.RegistrationDto): [Field error in object 'registrationDto' on field 'username': rejected value []; codes [NotBlank.registrationDto.username,NotBlank.username,NotBlank.java.lang.String,NotBlank]; arguments [org.springframework.context.support.DefaultMessageSourceResolvable: codes [registrationDto.username,username]; arguments []; default message [username]]; default message [поле не может быть пустым]] ]
2026-03-16 20:38:41 [main] DEBUG o.s.security.web.FilterChainProxy - Securing POST /api/auth/registration_list
2026-03-16 20:38:41 [main] DEBUG o.s.s.w.a.AnonymousAuthenticationFilter - Set SecurityContextHolder to anonymous SecurityContext
2026-03-16 20:38:41 [main] DEBUG o.s.security.web.FilterChainProxy - Secured POST /api/auth/registration_list
2026-03-16 20:38:41 [main] DEBUG o.s.w.s.m.m.a.RequestMappingHandlerMapping - Mapped to com.example.bankcards.controller.AuthController#registerList(List)
2026-03-16 20:38:41 [main] DEBUG o.s.w.s.m.m.a.RequestResponseBodyMethodProcessor - Read "application/json;charset=UTF-8" to [[RegistrationDto(username=user1, firstName=Иван1, lastName=Петров1, email=ivanpetrov1@example.com, p (truncated)...]
2026-03-16 20:38:41 [main] DEBUG o.s.w.s.m.m.a.HttpEntityMethodProcessor - Using 'text/plain', given [*/*] and supported [text/plain, */*, application/json, application/*+json, application/yaml]
2026-03-16 20:38:41 [main] DEBUG o.s.w.s.m.m.a.HttpEntityMethodProcessor - Writing ["Регистрация прошла успешно"]
2026-03-16 20:38:41 [main] DEBUG o.s.security.web.FilterChainProxy - Securing POST /api/auth/registration
2026-03-16 20:38:41 [main] DEBUG o.s.s.w.a.AnonymousAuthenticationFilter - Set SecurityContextHolder to anonymous SecurityContext
2026-03-16 20:38:41 [main] DEBUG o.s.security.web.FilterChainProxy - Secured POST /api/auth/registration
2026-03-16 20:38:41 [main] DEBUG o.s.w.s.m.m.a.RequestMappingHandlerMapping - Mapped to com.example.bankcards.controller.AuthController#register(RegistrationDto)
2026-03-16 20:38:41 [main] DEBUG o.s.w.s.m.m.a.RequestResponseBodyMethodProcessor - Read "application/json;charset=UTF-8" to [RegistrationDto(username=Admin, firstName=Иван, lastName=Петров, email=ivanpetrov@example.com, passw (truncated)...]
2026-03-16 20:38:41 [main] DEBUG o.s.w.s.m.m.a.HttpEntityMethodProcessor - Using 'text/plain', given [*/*] and supported [text/plain, */*, application/json, application/*+json, application/yaml]
2026-03-16 20:38:41 [main] DEBUG o.s.w.s.m.m.a.HttpEntityMethodProcessor - Writing ["Регистрация прошла успешно"]
2026-03-16 20:38:41 [main] DEBUG o.s.security.web.FilterChainProxy - Securing POST /api/auth/registration
2026-03-16 20:38:41 [main] DEBUG o.s.s.w.a.AnonymousAuthenticationFilter - Set SecurityContextHolder to anonymous SecurityContext
2026-03-16 20:38:41 [main] DEBUG o.s.security.web.FilterChainProxy - Secured POST /api/auth/registration
2026-03-16 20:38:41 [main] DEBUG o.s.w.s.m.m.a.RequestMappingHandlerMapping - Mapped to com.example.bankcards.controller.AuthController#register(RegistrationDto)
2026-03-16 20:38:41 [main] DEBUG o.s.w.s.m.m.a.RequestResponseBodyMethodProcessor - Read "application/json;charset=UTF-8" to [RegistrationDto(username=null, firstName=Иван, lastName=Петров, email=ivanpetrov@example.com, passwo (truncated)...]
2026-03-16 20:38:41 [main] DEBUG o.s.w.s.m.m.a.ExceptionHandlerExceptionResolver - Using @ExceptionHandler com.example.bankcards.exception.GlobalExceptionHandler#handleMethodArgumentNotValidException(MethodArgumentNotValidException, HttpServletRequest)
2026-03-16 20:38:41 [main] DEBUG o.s.w.s.m.m.a.RequestResponseBodyMethodProcessor - Using 'application/json', given [*/*] and supported [application/json, application/*+json, application/yaml]
2026-03-16 20:38:41 [main] DEBUG o.s.w.s.m.m.a.RequestResponseBodyMethodProcessor - Writing [[ErrorResponseDTO(timestamp=2026-03-16T20:38:41.541773, path=/api/auth/registration, status=422, err (truncated)...]
2026-03-16 20:38:41 [main] DEBUG o.s.w.s.m.m.a.ExceptionHandlerExceptionResolver - Resolved [org.springframework.web.bind.MethodArgumentNotValidException: Validation failed for argument [0] in public org.springframework.http.ResponseEntity<java.lang.String> com.example.bankcards.controller.AuthController.register(com.example.bankcards.dto.RegistrationDto): [Field error in object 'registrationDto' on field 'username': rejected value [null]; codes [NotBlank.registrationDto.username,NotBlank.username,NotBlank.java.lang.String,NotBlank]; arguments [org.springframework.context.support.DefaultMessageSourceResolvable: codes [registrationDto.username,username]; arguments []; default message [username]]; default message [поле не может быть пустым]] ]
2026-03-16 20:38:41 [main] DEBUG o.s.security.web.FilterChainProxy - Securing POST /api/auth/refresh_token
2026-03-16 20:38:41 [main] DEBUG o.s.s.w.a.AnonymousAuthenticationFilter - Set SecurityContextHolder to anonymous SecurityContext
2026-03-16 20:38:41 [main] DEBUG o.s.security.web.FilterChainProxy - Secured POST /api/auth/refresh_token
2026-03-16 20:38:41 [main] DEBUG o.s.w.s.m.m.a.RequestMappingHandlerMapping - Mapped to com.example.bankcards.controller.AuthController#refreshToken(HttpServletRequest, HttpServletResponse)
2026-03-16 20:38:41 [main] DEBUG o.s.w.s.m.m.a.HttpEntityMethodProcessor - Using 'application/json', given [*/*] and supported [application/json, application/*+json, application/yaml]
2026-03-16 20:38:41 [main] DEBUG o.s.w.s.m.m.a.HttpEntityMethodProcessor - Writing [TokenResponseDto(accessToken=access-token, refreshToken=refresh-token)]
2026-03-16 20:38:41 [main] DEBUG o.s.security.web.FilterChainProxy - Securing POST /api/auth/registration_list
2026-03-16 20:38:41 [main] DEBUG o.s.s.w.a.AnonymousAuthenticationFilter - Set SecurityContextHolder to anonymous SecurityContext
2026-03-16 20:38:41 [main] DEBUG o.s.security.web.FilterChainProxy - Secured POST /api/auth/registration_list
2026-03-16 20:38:41 [main] DEBUG o.s.w.s.m.m.a.RequestMappingHandlerMapping - Mapped to com.example.bankcards.controller.AuthController#registerList(List)
2026-03-16 20:38:41 [main] DEBUG o.s.w.s.m.m.a.RequestResponseBodyMethodProcessor - Read "application/json;charset=UTF-8" to [[RegistrationDto(username=user1, firstName=Иван1, lastName=Петров1, email=ivanpetrov1@example.com, p (truncated)...]
2026-03-16 20:38:41 [main] DEBUG o.s.w.s.m.m.a.HttpEntityMethodProcessor - Using 'text/plain', given [*/*] and supported [text/plain, */*, application/json, application/*+json, application/yaml]
2026-03-16 20:38:41 [main] DEBUG o.s.w.s.m.m.a.HttpEntityMethodProcessor - Writing ["Регистрация прошла успешно"]
2026-03-16 20:38:41 [SpringApplicationShutdownHook] DEBUG o.s.w.c.s.GenericWebApplicationContext - Closing org.springframework.web.context.support.GenericWebApplicationContext@1716e8c5, started on Mon Mar 16 20:38:40 GMT+05:00 2026
2026-03-16 20:39:16 [main] INFO  c.e.b.controller.AuthControllerTest - Starting AuthControllerTest using Java 25.0.2 with PID 4484 (started by gorin47 in D:\Projects\Bank_REST\bank_rest)
2026-03-16 20:39:16 [main] DEBUG c.e.b.controller.AuthControllerTest - Running with Spring Boot v4.0.2, Spring v7.0.3
2026-03-16 20:39:16 [main] INFO  c.e.b.controller.AuthControllerTest - No active profile set, falling back to 1 default profile: "default"
2026-03-16 20:39:16 [main] DEBUG o.s.w.c.s.GenericWebApplicationContext - Refreshing org.springframework.web.context.support.GenericWebApplicationContext@1716e8c5
2026-03-16 20:39:17 [main] INFO  o.s.s.c.a.a.c.InitializeUserDetailsBeanManagerConfigurer$InitializeUserDetailsManagerConfigurer - Global AuthenticationManager configured with UserDetailsService bean with name userService
2026-03-16 20:39:17 [main] DEBUG o.s.s.web.DefaultSecurityFilterChain - Will secure any request with filters: DisableEncodeUrlFilter, WebAsyncManagerIntegrationFilter, SecurityContextHolderFilter, HeaderWriterFilter, CorsFilter, LogoutFilter, JwtAuthenticationFilter, RequestCacheAwareFilter, SecurityContextHolderAwareRequestFilter, AnonymousAuthenticationFilter, SessionManagementFilter, ExceptionTranslationFilter, AuthorizationFilter
2026-03-16 20:39:17 [main] DEBUG o.s.w.s.m.m.a.RequestMappingHandlerMapping - 7 mappings in 'requestMappingHandlerMapping'
2026-03-16 20:39:17 [main] DEBUG o.s.w.s.h.SimpleUrlHandlerMapping - Patterns [/webjars/**, /**] in 'resourceHandlerMapping'
2026-03-16 20:39:17 [main] DEBUG o.s.w.s.m.m.a.RequestMappingHandlerAdapter - ControllerAdvice beans: 0 @ModelAttribute, 0 @InitBinder, 2 RequestBodyAdvice, 1 ResponseBodyAdvice
2026-03-16 20:39:17 [main] DEBUG o.s.w.s.m.m.a.ExceptionHandlerExceptionResolver - ControllerAdvice beans: 1 @ExceptionHandler, 1 ResponseBodyAdvice
2026-03-16 20:39:17 [main] DEBUG c.e.b.s.JwtAuthenticationFilter - Filter 'jwtAuthenticationFilter' configured for use
2026-03-16 20:39:17 [main] INFO  o.s.b.t.m.w.SpringBootMockServletContext - Initializing Spring TestDispatcherServlet ''
2026-03-16 20:39:17 [main] INFO  o.s.t.w.s.TestDispatcherServlet - Initializing Servlet ''
2026-03-16 20:39:17 [main] INFO  o.s.t.w.s.TestDispatcherServlet - Completed initialization in 1 ms
2026-03-16 20:39:17 [main] INFO  c.e.b.controller.AuthControllerTest - Started AuthControllerTest in 1.36 seconds (process running for 1.97)
2026-03-16 20:39:17 [main] DEBUG o.s.security.web.FilterChainProxy - Securing POST /api/auth/login
2026-03-16 20:39:17 [main] DEBUG o.s.s.w.a.AnonymousAuthenticationFilter - Set SecurityContextHolder to anonymous SecurityContext
2026-03-16 20:39:17 [main] DEBUG o.s.security.web.FilterChainProxy - Secured POST /api/auth/login
2026-03-16 20:39:17 [main] DEBUG o.s.w.s.m.m.a.RequestMappingHandlerMapping - Mapped to com.example.bankcards.controller.AuthController#login(LoginRequestDto)
2026-03-16 20:39:17 [main] DEBUG o.s.w.s.m.m.a.RequestResponseBodyMethodProcessor - Read "application/json;charset=UTF-8" to [LoginRequestDto(username=Admin, password=123)]
2026-03-16 20:39:17 [main] DEBUG o.s.w.s.m.m.a.HttpEntityMethodProcessor - Using 'application/json', given [*/*] and supported [application/json, application/*+json, application/yaml]
2026-03-16 20:39:17 [main] DEBUG o.s.w.s.m.m.a.HttpEntityMethodProcessor - Writing [TokenResponseDto(accessToken=access-token, refreshToken=refresh-token)]
2026-03-16 20:39:17 [main] DEBUG o.s.security.web.FilterChainProxy - Securing POST /api/auth/logout
2026-03-16 20:39:17 [main] DEBUG o.s.s.w.a.AnonymousAuthenticationFilter - Set SecurityContextHolder to anonymous SecurityContext
2026-03-16 20:39:17 [main] DEBUG o.s.security.web.FilterChainProxy - Secured POST /api/auth/logout
2026-03-16 20:39:17 [main] DEBUG o.s.w.s.m.m.a.RequestMappingHandlerMapping - Mapped to com.example.bankcards.controller.AuthController#logout(String)
2026-03-16 20:39:17 [main] DEBUG o.s.w.s.m.m.a.HttpEntityMethodProcessor - Using 'application/json', given [*/*] and supported [application/json, application/*+json, application/yaml]
2026-03-16 20:39:17 [main] DEBUG o.s.w.s.m.m.a.HttpEntityMethodProcessor - Nothing to write: null body
2026-03-16 20:39:17 [main] DEBUG o.s.security.web.FilterChainProxy - Securing POST /api/auth/registration
2026-03-16 20:39:17 [main] DEBUG o.s.s.w.a.AnonymousAuthenticationFilter - Set SecurityContextHolder to anonymous SecurityContext
2026-03-16 20:39:17 [main] DEBUG o.s.security.web.FilterChainProxy - Secured POST /api/auth/registration
2026-03-16 20:39:17 [main] DEBUG o.s.w.s.m.m.a.RequestMappingHandlerMapping - Mapped to com.example.bankcards.controller.AuthController#register(RegistrationDto)
2026-03-16 20:39:17 [main] DEBUG o.s.w.s.m.m.a.RequestResponseBodyMethodProcessor - Read "application/json;charset=UTF-8" to [RegistrationDto(username=Admin, firstName=Иван, lastName=Петров, email=ivanpetrov@example.com, passw (truncated)...]
2026-03-16 20:39:17 [main] DEBUG o.s.w.s.m.m.a.ExceptionHandlerExceptionResolver - Using @ExceptionHandler com.example.bankcards.exception.GlobalExceptionHandler#handleAlreadyExists(AlreadyExistsException, HttpServletRequest)
2026-03-16 20:39:17 [main] DEBUG o.s.w.s.m.m.a.RequestResponseBodyMethodProcessor - Using 'application/json', given [*/*] and supported [application/json, application/*+json, application/yaml]
2026-03-16 20:39:17 [main] DEBUG o.s.w.s.m.m.a.RequestResponseBodyMethodProcessor - Writing [ErrorResponseDTO(timestamp=2026-03-16T20:39:17.779427500, path=/api/auth/registration, status=409, e (truncated)...]
2026-03-16 20:39:17 [main] DEBUG o.s.w.s.m.m.a.ExceptionHandlerExceptionResolver - Resolved [com.example.bankcards.exception.AlreadyExistsException: Имя пользователя уже занято]
2026-03-16 20:39:17 [main] DEBUG o.s.security.web.FilterChainProxy - Securing POST /api/auth/registration
2026-03-16 20:39:17 [main] DEBUG o.s.s.w.a.AnonymousAuthenticationFilter - Set SecurityContextHolder to anonymous SecurityContext
2026-03-16 20:39:17 [main] DEBUG o.s.security.web.FilterChainProxy - Secured POST /api/auth/registration
2026-03-16 20:39:17 [main] DEBUG o.s.w.s.m.m.a.RequestMappingHandlerMapping - Mapped to com.example.bankcards.controller.AuthController#register(RegistrationDto)
2026-03-16 20:39:17 [main] DEBUG o.s.w.s.m.m.a.RequestResponseBodyMethodProcessor - Read "application/json;charset=UTF-8" to [RegistrationDto(username=Admin, firstName=Иван, lastName=Петров, email=ivanpetrov@example.com, passw (truncated)...]
2026-03-16 20:39:17 [main] DEBUG o.s.w.s.m.m.a.ExceptionHandlerExceptionResolver - Using @ExceptionHandler com.example.bankcards.exception.GlobalExceptionHandler#handleAlreadyExists(AlreadyExistsException, HttpServletRequest)
2026-03-16 20:39:17 [main] DEBUG o.s.w.s.m.m.a.RequestResponseBodyMethodProcessor - Using 'application/json', given [*/*] and supported [application/json, application/*+json, application/yaml]
2026-03-16 20:39:17 [main] DEBUG o.s.w.s.m.m.a.RequestResponseBodyMethodProcessor - Writing [ErrorResponseDTO(timestamp=2026-03-16T20:39:17.795420700, path=/api/auth/registration, status=409, e (truncated)...]
2026-03-16 20:39:17 [main] DEBUG o.s.w.s.m.m.a.ExceptionHandlerExceptionResolver - Resolved [com.example.bankcards.exception.AlreadyExistsException: Email уже занят]
2026-03-16 20:39:17 [main] DEBUG o.s.security.web.FilterChainProxy - Securing POST /api/auth/logout
2026-03-16 20:39:17 [main] DEBUG o.s.s.w.a.AnonymousAuthenticationFilter - Set SecurityContextHolder to anonymous SecurityContext
2026-03-16 20:39:17 [main] DEBUG o.s.security.web.FilterChainProxy - Secured POST /api/auth/logout
2026-03-16 20:39:17 [main] DEBUG o.s.w.s.m.m.a.RequestMappingHandlerMapping - Mapped to com.example.bankcards.controller.AuthController#logout(String)
2026-03-16 20:39:17 [main] DEBUG o.s.web.method.HandlerMethod - Could not resolve parameter [0] in public org.springframework.http.ResponseEntity<java.lang.Void> com.example.bankcards.controller.AuthController.logout(java.lang.String): Required request header 'Authorization' for method parameter type String is not present
2026-03-16 20:39:17 [main] DEBUG o.s.w.s.m.m.a.ExceptionHandlerExceptionResolver - Using @ExceptionHandler com.example.bankcards.exception.GlobalExceptionHandler#handleGenericException(Exception, HttpServletRequest)
2026-03-16 20:39:17 [main] DEBUG o.s.w.s.m.m.a.RequestResponseBodyMethodProcessor - Using 'application/json', given [*/*] and supported [application/json, application/*+json, application/yaml]
2026-03-16 20:39:17 [main] DEBUG o.s.w.s.m.m.a.RequestResponseBodyMethodProcessor - Writing [ErrorResponseDTO(timestamp=2026-03-16T20:39:17.805419400, path=/api/auth/logout, status=500, error=I (truncated)...]
2026-03-16 20:39:17 [main] DEBUG o.s.w.s.m.m.a.ExceptionHandlerExceptionResolver - Resolved [org.springframework.web.bind.MissingRequestHeaderException: Required request header 'Authorization' for method parameter type String is not present]
2026-03-16 20:39:17 [main] DEBUG o.s.security.web.FilterChainProxy - Securing POST /api/auth/registration
2026-03-16 20:39:17 [main] DEBUG o.s.s.w.a.AnonymousAuthenticationFilter - Set SecurityContextHolder to anonymous SecurityContext
2026-03-16 20:39:17 [main] DEBUG o.s.security.web.FilterChainProxy - Secured POST /api/auth/registration
2026-03-16 20:39:17 [main] DEBUG o.s.w.s.m.m.a.RequestMappingHandlerMapping - Mapped to com.example.bankcards.controller.AuthController#register(RegistrationDto)
2026-03-16 20:39:17 [main] DEBUG o.s.w.s.m.m.a.RequestResponseBodyMethodProcessor - Read "application/json;charset=UTF-8" to [RegistrationDto(username=, firstName=Иван, lastName=Петров, email=ivanpetrov@example.com, password=1 (truncated)...]
2026-03-16 20:39:17 [main] DEBUG o.s.w.s.m.m.a.ExceptionHandlerExceptionResolver - Using @ExceptionHandler com.example.bankcards.exception.GlobalExceptionHandler#handleMethodArgumentNotValidException(MethodArgumentNotValidException, HttpServletRequest)
2026-03-16 20:39:17 [main] DEBUG o.s.w.s.m.m.a.RequestResponseBodyMethodProcessor - Using 'application/json', given [*/*] and supported [application/json, application/*+json, application/yaml]
2026-03-16 20:39:17 [main] DEBUG o.s.w.s.m.m.a.RequestResponseBodyMethodProcessor - Writing [[ErrorResponseDTO(timestamp=2026-03-16T20:39:17.818422400, path=/api/auth/registration, status=422,  (truncated)...]
2026-03-16 20:39:17 [main] DEBUG o.s.w.s.m.m.a.ExceptionHandlerExceptionResolver - Resolved [org.springframework.web.bind.MethodArgumentNotValidException: Validation failed for argument [0] in public org.springframework.http.ResponseEntity<java.lang.String> com.example.bankcards.controller.AuthController.register(com.example.bankcards.dto.RegistrationDto): [Field error in object 'registrationDto' on field 'username': rejected value []; codes [NotBlank.registrationDto.username,NotBlank.username,NotBlank.java.lang.String,NotBlank]; arguments [org.springframework.context.support.DefaultMessageSourceResolvable: codes [registrationDto.username,username]; arguments []; default message [username]]; default message [поле не может быть пустым]] ]
2026-03-16 20:39:17 [main] DEBUG o.s.security.web.FilterChainProxy - Securing POST /api/auth/registration_list
2026-03-16 20:39:17 [main] DEBUG o.s.s.w.a.AnonymousAuthenticationFilter - Set SecurityContextHolder to anonymous SecurityContext
2026-03-16 20:39:17 [main] DEBUG o.s.security.web.FilterChainProxy - Secured POST /api/auth/registration_list
2026-03-16 20:39:17 [main] DEBUG o.s.w.s.m.m.a.RequestMappingHandlerMapping - Mapped to com.example.bankcards.controller.AuthController#registerList(List)
2026-03-16 20:39:17 [main] DEBUG o.s.w.s.m.m.a.RequestResponseBodyMethodProcessor - Read "application/json;charset=UTF-8" to [[RegistrationDto(username=user1, firstName=Иван1, lastName=Петров1, email=ivanpetrov1@example.com, p (truncated)...]
2026-03-16 20:39:17 [main] DEBUG o.s.w.s.m.m.a.HttpEntityMethodProcessor - Using 'text/plain', given [*/*] and supported [text/plain, */*, application/json, application/*+json, application/yaml]
2026-03-16 20:39:17 [main] DEBUG o.s.w.s.m.m.a.HttpEntityMethodProcessor - Writing ["Регистрация прошла успешно"]
2026-03-16 20:39:17 [main] DEBUG o.s.security.web.FilterChainProxy - Securing POST /api/auth/registration
2026-03-16 20:39:17 [main] DEBUG o.s.s.w.a.AnonymousAuthenticationFilter - Set SecurityContextHolder to anonymous SecurityContext
2026-03-16 20:39:17 [main] DEBUG o.s.security.web.FilterChainProxy - Secured POST /api/auth/registration
2026-03-16 20:39:17 [main] DEBUG o.s.w.s.m.m.a.RequestMappingHandlerMapping - Mapped to com.example.bankcards.controller.AuthController#register(RegistrationDto)
2026-03-16 20:39:17 [main] DEBUG o.s.w.s.m.m.a.RequestResponseBodyMethodProcessor - Read "application/json;charset=UTF-8" to [RegistrationDto(username=Admin, firstName=Иван, lastName=Петров, email=ivanpetrov@example.com, passw (truncated)...]
2026-03-16 20:39:17 [main] DEBUG o.s.w.s.m.m.a.HttpEntityMethodProcessor - Using 'text/plain', given [*/*] and supported [text/plain, */*, application/json, application/*+json, application/yaml]
2026-03-16 20:39:17 [main] DEBUG o.s.w.s.m.m.a.HttpEntityMethodProcessor - Writing ["Регистрация прошла успешно"]
2026-03-16 20:39:17 [main] DEBUG o.s.security.web.FilterChainProxy - Securing POST /api/auth/registration
2026-03-16 20:39:17 [main] DEBUG o.s.s.w.a.AnonymousAuthenticationFilter - Set SecurityContextHolder to anonymous SecurityContext
2026-03-16 20:39:17 [main] DEBUG o.s.security.web.FilterChainProxy - Secured POST /api/auth/registration
2026-03-16 20:39:17 [main] DEBUG o.s.w.s.m.m.a.RequestMappingHandlerMapping - Mapped to com.example.bankcards.controller.AuthController#register(RegistrationDto)
2026-03-16 20:39:17 [main] DEBUG o.s.w.s.m.m.a.RequestResponseBodyMethodProcessor - Read "application/json;charset=UTF-8" to [RegistrationDto(username=null, firstName=Иван, lastName=Петров, email=ivanpetrov@example.com, passwo (truncated)...]
2026-03-16 20:39:17 [main] DEBUG o.s.w.s.m.m.a.ExceptionHandlerExceptionResolver - Using @ExceptionHandler com.example.bankcards.exception.GlobalExceptionHandler#handleMethodArgumentNotValidException(MethodArgumentNotValidException, HttpServletRequest)
2026-03-16 20:39:17 [main] DEBUG o.s.w.s.m.m.a.RequestResponseBodyMethodProcessor - Using 'application/json', given [*/*] and supported [application/json, application/*+json, application/yaml]
2026-03-16 20:39:17 [main] DEBUG o.s.w.s.m.m.a.RequestResponseBodyMethodProcessor - Writing [[ErrorResponseDTO(timestamp=2026-03-16T20:39:17.885420500, path=/api/auth/registration, status=422,  (truncated)...]
2026-03-16 20:39:17 [main] DEBUG o.s.w.s.m.m.a.ExceptionHandlerExceptionResolver - Resolved [org.springframework.web.bind.MethodArgumentNotValidException: Validation failed for argument [0] in public org.springframework.http.ResponseEntity<java.lang.String> com.example.bankcards.controller.AuthController.register(com.example.bankcards.dto.RegistrationDto): [Field error in object 'registrationDto' on field 'username': rejected value [null]; codes [NotBlank.registrationDto.username,NotBlank.username,NotBlank.java.lang.String,NotBlank]; arguments [org.springframework.context.support.DefaultMessageSourceResolvable: codes [registrationDto.username,username]; arguments []; default message [username]]; default message [поле не может быть пустым]] ]
2026-03-16 20:39:17 [main] DEBUG o.s.security.web.FilterChainProxy - Securing POST /api/auth/refresh_token
2026-03-16 20:39:17 [main] DEBUG o.s.s.w.a.AnonymousAuthenticationFilter - Set SecurityContextHolder to anonymous SecurityContext
2026-03-16 20:39:17 [main] DEBUG o.s.security.web.FilterChainProxy - Secured POST /api/auth/refresh_token
2026-03-16 20:39:17 [main] DEBUG o.s.w.s.m.m.a.RequestMappingHandlerMapping - Mapped to com.example.bankcards.controller.AuthController#refreshToken(HttpServletRequest, HttpServletResponse)
2026-03-16 20:39:17 [main] DEBUG o.s.w.s.m.m.a.HttpEntityMethodProcessor - Using 'application/json', given [*/*] and supported [application/json, application/*+json, application/yaml]
2026-03-16 20:39:17 [main] DEBUG o.s.w.s.m.m.a.HttpEntityMethodProcessor - Writing [TokenResponseDto(accessToken=access-token, refreshToken=refresh-token)]
2026-03-16 20:39:17 [main] DEBUG o.s.security.web.FilterChainProxy - Securing POST /api/auth/registration_list
2026-03-16 20:39:17 [main] DEBUG o.s.s.w.a.AnonymousAuthenticationFilter - Set SecurityContextHolder to anonymous SecurityContext
2026-03-16 20:39:17 [main] DEBUG o.s.security.web.FilterChainProxy - Secured POST /api/auth/registration_list
2026-03-16 20:39:17 [main] DEBUG o.s.w.s.m.m.a.RequestMappingHandlerMapping - Mapped to com.example.bankcards.controller.AuthController#registerList(List)
2026-03-16 20:39:17 [main] DEBUG o.s.w.s.m.m.a.RequestResponseBodyMethodProcessor - Read "application/json;charset=UTF-8" to [[RegistrationDto(username=user1, firstName=Иван1, lastName=Петров1, email=ivanpetrov1@example.com, p (truncated)...]
2026-03-16 20:39:17 [main] DEBUG o.s.w.s.m.m.a.HttpEntityMethodProcessor - Using 'text/plain', given [*/*] and supported [text/plain, */*, application/json, application/*+json, application/yaml]
2026-03-16 20:39:17 [main] DEBUG o.s.w.s.m.m.a.HttpEntityMethodProcessor - Writing ["Регистрация прошла успешно"]
2026-03-16 20:39:17 [SpringApplicationShutdownHook] DEBUG o.s.w.c.s.GenericWebApplicationContext - Closing org.springframework.web.context.support.GenericWebApplicationContext@1716e8c5, started on Mon Mar 16 20:39:16 GMT+05:00 2026
2026-03-16 20:39:48 [main] INFO  c.e.b.controller.AuthControllerTest - Starting AuthControllerTest using Java 25.0.2 with PID 12728 (started by gorin47 in D:\Projects\Bank_REST\bank_rest)
2026-03-16 20:39:48 [main] DEBUG c.e.b.controller.AuthControllerTest - Running with Spring Boot v4.0.2, Spring v7.0.3
2026-03-16 20:39:48 [main] INFO  c.e.b.controller.AuthControllerTest - No active profile set, falling back to 1 default profile: "default"
2026-03-16 20:39:48 [main] DEBUG o.s.w.c.s.GenericWebApplicationContext - Refreshing org.springframework.web.context.support.GenericWebApplicationContext@1716e8c5
2026-03-16 20:39:49 [main] INFO  o.s.s.c.a.a.c.InitializeUserDetailsBeanManagerConfigurer$InitializeUserDetailsManagerConfigurer - Global AuthenticationManager configured with UserDetailsService bean with name userService
2026-03-16 20:39:49 [main] DEBUG o.s.s.web.DefaultSecurityFilterChain - Will secure any request with filters: DisableEncodeUrlFilter, WebAsyncManagerIntegrationFilter, SecurityContextHolderFilter, HeaderWriterFilter, CorsFilter, LogoutFilter, JwtAuthenticationFilter, RequestCacheAwareFilter, SecurityContextHolderAwareRequestFilter, AnonymousAuthenticationFilter, SessionManagementFilter, ExceptionTranslationFilter, AuthorizationFilter
2026-03-16 20:39:49 [main] DEBUG o.s.w.s.m.m.a.RequestMappingHandlerMapping - 7 mappings in 'requestMappingHandlerMapping'
2026-03-16 20:39:49 [main] DEBUG o.s.w.s.h.SimpleUrlHandlerMapping - Patterns [/webjars/**, /**] in 'resourceHandlerMapping'
2026-03-16 20:39:49 [main] DEBUG o.s.w.s.m.m.a.RequestMappingHandlerAdapter - ControllerAdvice beans: 0 @ModelAttribute, 0 @InitBinder, 2 RequestBodyAdvice, 1 ResponseBodyAdvice
2026-03-16 20:39:49 [main] DEBUG o.s.w.s.m.m.a.ExceptionHandlerExceptionResolver - ControllerAdvice beans: 1 @ExceptionHandler, 1 ResponseBodyAdvice
2026-03-16 20:39:49 [main] DEBUG c.e.b.s.JwtAuthenticationFilter - Filter 'jwtAuthenticationFilter' configured for use
2026-03-16 20:39:49 [main] INFO  o.s.b.t.m.w.SpringBootMockServletContext - Initializing Spring TestDispatcherServlet ''
2026-03-16 20:39:49 [main] INFO  o.s.t.w.s.TestDispatcherServlet - Initializing Servlet ''
2026-03-16 20:39:49 [main] INFO  o.s.t.w.s.TestDispatcherServlet - Completed initialization in 1 ms
2026-03-16 20:39:49 [main] INFO  c.e.b.controller.AuthControllerTest - Started AuthControllerTest in 1.347 seconds (process running for 1.98)
2026-03-16 20:39:49 [main] DEBUG o.s.security.web.FilterChainProxy - Securing POST /api/auth/login
2026-03-16 20:39:49 [main] DEBUG o.s.s.w.a.AnonymousAuthenticationFilter - Set SecurityContextHolder to anonymous SecurityContext
2026-03-16 20:39:49 [main] DEBUG o.s.security.web.FilterChainProxy - Secured POST /api/auth/login
2026-03-16 20:39:49 [main] DEBUG o.s.w.s.m.m.a.RequestMappingHandlerMapping - Mapped to com.example.bankcards.controller.AuthController#login(LoginRequestDto)
2026-03-16 20:39:49 [main] DEBUG o.s.w.s.m.m.a.RequestResponseBodyMethodProcessor - Read "application/json;charset=UTF-8" to [LoginRequestDto(username=Admin, password=123)]
2026-03-16 20:39:49 [main] DEBUG o.s.w.s.m.m.a.HttpEntityMethodProcessor - Using 'application/json', given [*/*] and supported [application/json, application/*+json, application/yaml]
2026-03-16 20:39:49 [main] DEBUG o.s.w.s.m.m.a.HttpEntityMethodProcessor - Writing [TokenResponseDto(accessToken=access-token, refreshToken=refresh-token)]
2026-03-16 20:39:49 [main] DEBUG o.s.security.web.FilterChainProxy - Securing POST /api/auth/logout
2026-03-16 20:39:49 [main] DEBUG o.s.s.w.a.AnonymousAuthenticationFilter - Set SecurityContextHolder to anonymous SecurityContext
2026-03-16 20:39:49 [main] DEBUG o.s.security.web.FilterChainProxy - Secured POST /api/auth/logout
2026-03-16 20:39:49 [main] DEBUG o.s.w.s.m.m.a.RequestMappingHandlerMapping - Mapped to com.example.bankcards.controller.AuthController#logout(String)
2026-03-16 20:39:49 [main] DEBUG o.s.w.s.m.m.a.HttpEntityMethodProcessor - Using 'application/json', given [*/*] and supported [application/json, application/*+json, application/yaml]
2026-03-16 20:39:49 [main] DEBUG o.s.w.s.m.m.a.HttpEntityMethodProcessor - Nothing to write: null body
2026-03-16 20:39:50 [main] DEBUG o.s.security.web.FilterChainProxy - Securing POST /api/auth/registration
2026-03-16 20:39:50 [main] DEBUG o.s.s.w.a.AnonymousAuthenticationFilter - Set SecurityContextHolder to anonymous SecurityContext
2026-03-16 20:39:50 [main] DEBUG o.s.security.web.FilterChainProxy - Secured POST /api/auth/registration
2026-03-16 20:39:50 [main] DEBUG o.s.w.s.m.m.a.RequestMappingHandlerMapping - Mapped to com.example.bankcards.controller.AuthController#register(RegistrationDto)
2026-03-16 20:39:50 [main] DEBUG o.s.w.s.m.m.a.RequestResponseBodyMethodProcessor - Read "application/json;charset=UTF-8" to [RegistrationDto(username=Admin, firstName=Иван, lastName=Петров, email=ivanpetrov@example.com, passw (truncated)...]
2026-03-16 20:39:50 [main] DEBUG o.s.w.s.m.m.a.ExceptionHandlerExceptionResolver - Using @ExceptionHandler com.example.bankcards.exception.GlobalExceptionHandler#handleAlreadyExists(AlreadyExistsException, HttpServletRequest)
2026-03-16 20:39:50 [main] DEBUG o.s.w.s.m.m.a.RequestResponseBodyMethodProcessor - Using 'application/json', given [*/*] and supported [application/json, application/*+json, application/yaml]
2026-03-16 20:39:50 [main] DEBUG o.s.w.s.m.m.a.RequestResponseBodyMethodProcessor - Writing [ErrorResponseDTO(timestamp=2026-03-16T20:39:50.027369300, path=/api/auth/registration, status=409, e (truncated)...]
2026-03-16 20:39:50 [main] DEBUG o.s.w.s.m.m.a.ExceptionHandlerExceptionResolver - Resolved [com.example.bankcards.exception.AlreadyExistsException: Имя пользователя уже занято]
2026-03-16 20:39:50 [main] DEBUG o.s.security.web.FilterChainProxy - Securing POST /api/auth/registration
2026-03-16 20:39:50 [main] DEBUG o.s.s.w.a.AnonymousAuthenticationFilter - Set SecurityContextHolder to anonymous SecurityContext
2026-03-16 20:39:50 [main] DEBUG o.s.security.web.FilterChainProxy - Secured POST /api/auth/registration
2026-03-16 20:39:50 [main] DEBUG o.s.w.s.m.m.a.RequestMappingHandlerMapping - Mapped to com.example.bankcards.controller.AuthController#register(RegistrationDto)
2026-03-16 20:39:50 [main] DEBUG o.s.w.s.m.m.a.RequestResponseBodyMethodProcessor - Read "application/json;charset=UTF-8" to [RegistrationDto(username=Admin, firstName=Иван, lastName=Петров, email=ivanpetrov@example.com, passw (truncated)...]
2026-03-16 20:39:50 [main] DEBUG o.s.w.s.m.m.a.ExceptionHandlerExceptionResolver - Using @ExceptionHandler com.example.bankcards.exception.GlobalExceptionHandler#handleAlreadyExists(AlreadyExistsException, HttpServletRequest)
2026-03-16 20:39:50 [main] DEBUG o.s.w.s.m.m.a.RequestResponseBodyMethodProcessor - Using 'application/json', given [*/*] and supported [application/json, application/*+json, application/yaml]
2026-03-16 20:39:50 [main] DEBUG o.s.w.s.m.m.a.RequestResponseBodyMethodProcessor - Writing [ErrorResponseDTO(timestamp=2026-03-16T20:39:50.043368900, path=/api/auth/registration, status=409, e (truncated)...]
2026-03-16 20:39:50 [main] DEBUG o.s.w.s.m.m.a.ExceptionHandlerExceptionResolver - Resolved [com.example.bankcards.exception.AlreadyExistsException: Email уже занят]
2026-03-16 20:39:50 [main] DEBUG o.s.security.web.FilterChainProxy - Securing POST /api/auth/logout
2026-03-16 20:39:50 [main] DEBUG o.s.s.w.a.AnonymousAuthenticationFilter - Set SecurityContextHolder to anonymous SecurityContext
2026-03-16 20:39:50 [main] DEBUG o.s.security.web.FilterChainProxy - Secured POST /api/auth/logout
2026-03-16 20:39:50 [main] DEBUG o.s.w.s.m.m.a.RequestMappingHandlerMapping - Mapped to com.example.bankcards.controller.AuthController#logout(String)
2026-03-16 20:39:50 [main] DEBUG o.s.web.method.HandlerMethod - Could not resolve parameter [0] in public org.springframework.http.ResponseEntity<java.lang.Void> com.example.bankcards.controller.AuthController.logout(java.lang.String): Required request header 'Authorization' for method parameter type String is not present
2026-03-16 20:39:50 [main] DEBUG o.s.w.s.m.m.a.ExceptionHandlerExceptionResolver - Using @ExceptionHandler com.example.bankcards.exception.GlobalExceptionHandler#handleGenericException(Exception, HttpServletRequest)
2026-03-16 20:39:50 [main] DEBUG o.s.w.s.m.m.a.RequestResponseBodyMethodProcessor - Using 'application/json', given [*/*] and supported [application/json, application/*+json, application/yaml]
2026-03-16 20:39:50 [main] DEBUG o.s.w.s.m.m.a.RequestResponseBodyMethodProcessor - Writing [ErrorResponseDTO(timestamp=2026-03-16T20:39:50.054369100, path=/api/auth/logout, status=500, error=I (truncated)...]
2026-03-16 20:39:50 [main] DEBUG o.s.w.s.m.m.a.ExceptionHandlerExceptionResolver - Resolved [org.springframework.web.bind.MissingRequestHeaderException: Required request header 'Authorization' for method parameter type String is not present]
2026-03-16 20:39:50 [main] DEBUG o.s.security.web.FilterChainProxy - Securing POST /api/auth/registration
2026-03-16 20:39:50 [main] DEBUG o.s.s.w.a.AnonymousAuthenticationFilter - Set SecurityContextHolder to anonymous SecurityContext
2026-03-16 20:39:50 [main] DEBUG o.s.security.web.FilterChainProxy - Secured POST /api/auth/registration
2026-03-16 20:39:50 [main] DEBUG o.s.w.s.m.m.a.RequestMappingHandlerMapping - Mapped to com.example.bankcards.controller.AuthController#register(RegistrationDto)
2026-03-16 20:39:50 [main] DEBUG o.s.w.s.m.m.a.RequestResponseBodyMethodProcessor - Read "application/json;charset=UTF-8" to [RegistrationDto(username=, firstName=Иван, lastName=Петров, email=ivanpetrov@example.com, password=1 (truncated)...]
2026-03-16 20:39:50 [main] DEBUG o.s.w.s.m.m.a.ExceptionHandlerExceptionResolver - Using @ExceptionHandler com.example.bankcards.exception.GlobalExceptionHandler#handleMethodArgumentNotValidException(MethodArgumentNotValidException, HttpServletRequest)
2026-03-16 20:39:50 [main] DEBUG o.s.w.s.m.m.a.RequestResponseBodyMethodProcessor - Using 'application/json', given [*/*] and supported [application/json, application/*+json, application/yaml]
2026-03-16 20:39:50 [main] DEBUG o.s.w.s.m.m.a.RequestResponseBodyMethodProcessor - Writing [[ErrorResponseDTO(timestamp=2026-03-16T20:39:50.066375300, path=/api/auth/registration, status=422,  (truncated)...]
2026-03-16 20:39:50 [main] DEBUG o.s.w.s.m.m.a.ExceptionHandlerExceptionResolver - Resolved [org.springframework.web.bind.MethodArgumentNotValidException: Validation failed for argument [0] in public org.springframework.http.ResponseEntity<java.lang.String> com.example.bankcards.controller.AuthController.register(com.example.bankcards.dto.RegistrationDto): [Field error in object 'registrationDto' on field 'username': rejected value []; codes [NotBlank.registrationDto.username,NotBlank.username,NotBlank.java.lang.String,NotBlank]; arguments [org.springframework.context.support.DefaultMessageSourceResolvable: codes [registrationDto.username,username]; arguments []; default message [username]]; default message [поле не может быть пустым]] ]
2026-03-16 20:39:50 [main] DEBUG o.s.security.web.FilterChainProxy - Securing POST /api/auth/registration_list
2026-03-16 20:39:50 [main] DEBUG o.s.s.w.a.AnonymousAuthenticationFilter - Set SecurityContextHolder to anonymous SecurityContext
2026-03-16 20:39:50 [main] DEBUG o.s.security.web.FilterChainProxy - Secured POST /api/auth/registration_list
2026-03-16 20:39:50 [main] DEBUG o.s.w.s.m.m.a.RequestMappingHandlerMapping - Mapped to com.example.bankcards.controller.AuthController#registerList(List)
2026-03-16 20:39:50 [main] DEBUG o.s.w.s.m.m.a.RequestResponseBodyMethodProcessor - Read "application/json;charset=UTF-8" to [[RegistrationDto(username=user1, firstName=Иван1, lastName=Петров1, email=ivanpetrov1@example.com, p (truncated)...]
2026-03-16 20:39:50 [main] DEBUG o.s.w.s.m.m.a.HttpEntityMethodProcessor - Using 'text/plain', given [*/*] and supported [text/plain, */*, application/json, application/*+json, application/yaml]
2026-03-16 20:39:50 [main] DEBUG o.s.w.s.m.m.a.HttpEntityMethodProcessor - Writing ["Регистрация прошла успешно"]
2026-03-16 20:39:50 [main] DEBUG o.s.security.web.FilterChainProxy - Securing POST /api/auth/registration
2026-03-16 20:39:50 [main] DEBUG o.s.s.w.a.AnonymousAuthenticationFilter - Set SecurityContextHolder to anonymous SecurityContext
2026-03-16 20:39:50 [main] DEBUG o.s.security.web.FilterChainProxy - Secured POST /api/auth/registration
2026-03-16 20:39:50 [main] DEBUG o.s.w.s.m.m.a.RequestMappingHandlerMapping - Mapped to com.example.bankcards.controller.AuthController#register(RegistrationDto)
2026-03-16 20:39:50 [main] DEBUG o.s.w.s.m.m.a.RequestResponseBodyMethodProcessor - Read "application/json;charset=UTF-8" to [RegistrationDto(username=Admin, firstName=Иван, lastName=Петров, email=ivanpetrov@example.com, passw (truncated)...]
2026-03-16 20:39:50 [main] DEBUG o.s.w.s.m.m.a.HttpEntityMethodProcessor - Using 'text/plain', given [*/*] and supported [text/plain, */*, application/json, application/*+json, application/yaml]
2026-03-16 20:39:50 [main] DEBUG o.s.w.s.m.m.a.HttpEntityMethodProcessor - Writing ["Регистрация прошла успешно"]
2026-03-16 20:39:50 [main] DEBUG o.s.security.web.FilterChainProxy - Securing POST /api/auth/registration
2026-03-16 20:39:50 [main] DEBUG o.s.s.w.a.AnonymousAuthenticationFilter - Set SecurityContextHolder to anonymous SecurityContext
2026-03-16 20:39:50 [main] DEBUG o.s.security.web.FilterChainProxy - Secured POST /api/auth/registration
2026-03-16 20:39:50 [main] DEBUG o.s.w.s.m.m.a.RequestMappingHandlerMapping - Mapped to com.example.bankcards.controller.AuthController#register(RegistrationDto)
2026-03-16 20:39:50 [main] DEBUG o.s.w.s.m.m.a.RequestResponseBodyMethodProcessor - Read "application/json;charset=UTF-8" to [RegistrationDto(username=null, firstName=Иван, lastName=Петров, email=ivanpetrov@example.com, passwo (truncated)...]
2026-03-16 20:39:50 [main] DEBUG o.s.w.s.m.m.a.ExceptionHandlerExceptionResolver - Using @ExceptionHandler com.example.bankcards.exception.GlobalExceptionHandler#handleMethodArgumentNotValidException(MethodArgumentNotValidException, HttpServletRequest)
2026-03-16 20:39:50 [main] DEBUG o.s.w.s.m.m.a.RequestResponseBodyMethodProcessor - Using 'application/json', given [*/*] and supported [application/json, application/*+json, application/yaml]
2026-03-16 20:39:50 [main] DEBUG o.s.w.s.m.m.a.RequestResponseBodyMethodProcessor - Writing [[ErrorResponseDTO(timestamp=2026-03-16T20:39:50.132367600, path=/api/auth/registration, status=422,  (truncated)...]
2026-03-16 20:39:50 [main] DEBUG o.s.w.s.m.m.a.ExceptionHandlerExceptionResolver - Resolved [org.springframework.web.bind.MethodArgumentNotValidException: Validation failed for argument [0] in public org.springframework.http.ResponseEntity<java.lang.String> com.example.bankcards.controller.AuthController.register(com.example.bankcards.dto.RegistrationDto): [Field error in object 'registrationDto' on field 'username': rejected value [null]; codes [NotBlank.registrationDto.username,NotBlank.username,NotBlank.java.lang.String,NotBlank]; arguments [org.springframework.context.support.DefaultMessageSourceResolvable: codes [registrationDto.username,username]; arguments []; default message [username]]; default message [поле не может быть пустым]] ]
2026-03-16 20:39:50 [main] DEBUG o.s.security.web.FilterChainProxy - Securing POST /api/auth/refresh_token
2026-03-16 20:39:50 [main] DEBUG o.s.s.w.a.AnonymousAuthenticationFilter - Set SecurityContextHolder to anonymous SecurityContext
2026-03-16 20:39:50 [main] DEBUG o.s.security.web.FilterChainProxy - Secured POST /api/auth/refresh_token
2026-03-16 20:39:50 [main] DEBUG o.s.w.s.m.m.a.RequestMappingHandlerMapping - Mapped to com.example.bankcards.controller.AuthController#refreshToken(HttpServletRequest, HttpServletResponse)
2026-03-16 20:39:50 [main] DEBUG o.s.w.s.m.m.a.HttpEntityMethodProcessor - Using 'application/json', given [*/*] and supported [application/json, application/*+json, application/yaml]
2026-03-16 20:39:50 [main] DEBUG o.s.w.s.m.m.a.HttpEntityMethodProcessor - Writing [TokenResponseDto(accessToken=access-token, refreshToken=refresh-token)]
2026-03-16 20:39:50 [main] DEBUG o.s.security.web.FilterChainProxy - Securing POST /api/auth/registration_list
2026-03-16 20:39:50 [main] DEBUG o.s.s.w.a.AnonymousAuthenticationFilter - Set SecurityContextHolder to anonymous SecurityContext
2026-03-16 20:39:50 [main] DEBUG o.s.security.web.FilterChainProxy - Secured POST /api/auth/registration_list
2026-03-16 20:39:50 [main] DEBUG o.s.w.s.m.m.a.RequestMappingHandlerMapping - Mapped to com.example.bankcards.controller.AuthController#registerList(List)
2026-03-16 20:39:50 [main] DEBUG o.s.w.s.m.m.a.RequestResponseBodyMethodProcessor - Read "application/json;charset=UTF-8" to [[RegistrationDto(username=user1, firstName=Иван1, lastName=Петров1, email=ivanpetrov1@example.com, p (truncated)...]
2026-03-16 20:39:50 [main] DEBUG o.s.w.s.m.m.a.ExceptionHandlerExceptionResolver - Using @ExceptionHandler com.example.bankcards.exception.GlobalExceptionHandler#handleAlreadyExists(AlreadyExistsException, HttpServletRequest)
2026-03-16 20:39:50 [main] DEBUG o.s.w.s.m.m.a.RequestResponseBodyMethodProcessor - Using 'application/json', given [*/*] and supported [application/json, application/*+json, application/yaml]
2026-03-16 20:39:50 [main] DEBUG o.s.w.s.m.m.a.RequestResponseBodyMethodProcessor - Writing [ErrorResponseDTO(timestamp=2026-03-16T20:39:50.149368100, path=/api/auth/registration_list, status=4 (truncated)...]
2026-03-16 20:39:50 [main] DEBUG o.s.w.s.m.m.a.ExceptionHandlerExceptionResolver - Resolved [com.example.bankcards.exception.AlreadyExistsException: Имя пользователя 'user2' уже занято]
2026-03-16 20:39:50 [SpringApplicationShutdownHook] DEBUG o.s.w.c.s.GenericWebApplicationContext - Closing org.springframework.web.context.support.GenericWebApplicationContext@1716e8c5, started on Mon Mar 16 20:39:48 GMT+05:00 2026
2026-03-16 20:40:04 [main] INFO  c.e.b.controller.AuthControllerTest - Starting AuthControllerTest using Java 25.0.2 with PID 1812 (started by gorin47 in D:\Projects\Bank_REST\bank_rest)
2026-03-16 20:40:04 [main] DEBUG c.e.b.controller.AuthControllerTest - Running with Spring Boot v4.0.2, Spring v7.0.3
2026-03-16 20:40:04 [main] INFO  c.e.b.controller.AuthControllerTest - No active profile set, falling back to 1 default profile: "default"
2026-03-16 20:40:04 [main] DEBUG o.s.w.c.s.GenericWebApplicationContext - Refreshing org.springframework.web.context.support.GenericWebApplicationContext@1716e8c5
2026-03-16 20:40:05 [main] INFO  o.s.s.c.a.a.c.InitializeUserDetailsBeanManagerConfigurer$InitializeUserDetailsManagerConfigurer - Global AuthenticationManager configured with UserDetailsService bean with name userService
2026-03-16 20:40:05 [main] DEBUG o.s.s.web.DefaultSecurityFilterChain - Will secure any request with filters: DisableEncodeUrlFilter, WebAsyncManagerIntegrationFilter, SecurityContextHolderFilter, HeaderWriterFilter, CorsFilter, LogoutFilter, JwtAuthenticationFilter, RequestCacheAwareFilter, SecurityContextHolderAwareRequestFilter, AnonymousAuthenticationFilter, SessionManagementFilter, ExceptionTranslationFilter, AuthorizationFilter
2026-03-16 20:40:05 [main] DEBUG o.s.w.s.m.m.a.RequestMappingHandlerMapping - 7 mappings in 'requestMappingHandlerMapping'
2026-03-16 20:40:05 [main] DEBUG o.s.w.s.h.SimpleUrlHandlerMapping - Patterns [/webjars/**, /**] in 'resourceHandlerMapping'
2026-03-16 20:40:05 [main] DEBUG o.s.w.s.m.m.a.RequestMappingHandlerAdapter - ControllerAdvice beans: 0 @ModelAttribute, 0 @InitBinder, 2 RequestBodyAdvice, 1 ResponseBodyAdvice
2026-03-16 20:40:05 [main] DEBUG o.s.w.s.m.m.a.ExceptionHandlerExceptionResolver - ControllerAdvice beans: 1 @ExceptionHandler, 1 ResponseBodyAdvice
2026-03-16 20:40:05 [main] DEBUG c.e.b.s.JwtAuthenticationFilter - Filter 'jwtAuthenticationFilter' configured for use
2026-03-16 20:40:05 [main] INFO  o.s.b.t.m.w.SpringBootMockServletContext - Initializing Spring TestDispatcherServlet ''
2026-03-16 20:40:05 [main] INFO  o.s.t.w.s.TestDispatcherServlet - Initializing Servlet ''
2026-03-16 20:40:05 [main] INFO  o.s.t.w.s.TestDispatcherServlet - Completed initialization in 1 ms
2026-03-16 20:40:05 [main] INFO  c.e.b.controller.AuthControllerTest - Started AuthControllerTest in 1.356 seconds (process running for 1.976)
2026-03-16 20:40:05 [main] DEBUG o.s.security.web.FilterChainProxy - Securing POST /api/auth/login
2026-03-16 20:40:05 [main] DEBUG o.s.s.w.a.AnonymousAuthenticationFilter - Set SecurityContextHolder to anonymous SecurityContext
2026-03-16 20:40:05 [main] DEBUG o.s.security.web.FilterChainProxy - Secured POST /api/auth/login
2026-03-16 20:40:05 [main] DEBUG o.s.w.s.m.m.a.RequestMappingHandlerMapping - Mapped to com.example.bankcards.controller.AuthController#login(LoginRequestDto)
2026-03-16 20:40:05 [main] DEBUG o.s.w.s.m.m.a.RequestResponseBodyMethodProcessor - Read "application/json;charset=UTF-8" to [LoginRequestDto(username=Admin, password=123)]
2026-03-16 20:40:05 [main] DEBUG o.s.w.s.m.m.a.HttpEntityMethodProcessor - Using 'application/json', given [*/*] and supported [application/json, application/*+json, application/yaml]
2026-03-16 20:40:05 [main] DEBUG o.s.w.s.m.m.a.HttpEntityMethodProcessor - Writing [TokenResponseDto(accessToken=access-token, refreshToken=refresh-token)]
2026-03-16 20:40:05 [main] DEBUG o.s.security.web.FilterChainProxy - Securing POST /api/auth/logout
2026-03-16 20:40:05 [main] DEBUG o.s.s.w.a.AnonymousAuthenticationFilter - Set SecurityContextHolder to anonymous SecurityContext
2026-03-16 20:40:05 [main] DEBUG o.s.security.web.FilterChainProxy - Secured POST /api/auth/logout
2026-03-16 20:40:05 [main] DEBUG o.s.w.s.m.m.a.RequestMappingHandlerMapping - Mapped to com.example.bankcards.controller.AuthController#logout(String)
2026-03-16 20:40:05 [main] DEBUG o.s.w.s.m.m.a.HttpEntityMethodProcessor - Using 'application/json', given [*/*] and supported [application/json, application/*+json, application/yaml]
2026-03-16 20:40:05 [main] DEBUG o.s.w.s.m.m.a.HttpEntityMethodProcessor - Nothing to write: null body
2026-03-16 20:40:05 [main] DEBUG o.s.security.web.FilterChainProxy - Securing POST /api/auth/registration
2026-03-16 20:40:05 [main] DEBUG o.s.s.w.a.AnonymousAuthenticationFilter - Set SecurityContextHolder to anonymous SecurityContext
2026-03-16 20:40:05 [main] DEBUG o.s.security.web.FilterChainProxy - Secured POST /api/auth/registration
2026-03-16 20:40:05 [main] DEBUG o.s.w.s.m.m.a.RequestMappingHandlerMapping - Mapped to com.example.bankcards.controller.AuthController#register(RegistrationDto)
2026-03-16 20:40:05 [main] DEBUG o.s.w.s.m.m.a.RequestResponseBodyMethodProcessor - Read "application/json;charset=UTF-8" to [RegistrationDto(username=Admin, firstName=Иван, lastName=Петров, email=ivanpetrov@example.com, passw (truncated)...]
2026-03-16 20:40:05 [main] DEBUG o.s.w.s.m.m.a.ExceptionHandlerExceptionResolver - Using @ExceptionHandler com.example.bankcards.exception.GlobalExceptionHandler#handleAlreadyExists(AlreadyExistsException, HttpServletRequest)
2026-03-16 20:40:05 [main] DEBUG o.s.w.s.m.m.a.RequestResponseBodyMethodProcessor - Using 'application/json', given [*/*] and supported [application/json, application/*+json, application/yaml]
2026-03-16 20:40:05 [main] DEBUG o.s.w.s.m.m.a.RequestResponseBodyMethodProcessor - Writing [ErrorResponseDTO(timestamp=2026-03-16T20:40:05.596344, path=/api/auth/registration, status=409, erro (truncated)...]
2026-03-16 20:40:05 [main] DEBUG o.s.w.s.m.m.a.ExceptionHandlerExceptionResolver - Resolved [com.example.bankcards.exception.AlreadyExistsException: Имя пользователя уже занято]
2026-03-16 20:40:05 [main] DEBUG o.s.security.web.FilterChainProxy - Securing POST /api/auth/registration
2026-03-16 20:40:05 [main] DEBUG o.s.s.w.a.AnonymousAuthenticationFilter - Set SecurityContextHolder to anonymous SecurityContext
2026-03-16 20:40:05 [main] DEBUG o.s.security.web.FilterChainProxy - Secured POST /api/auth/registration
2026-03-16 20:40:05 [main] DEBUG o.s.w.s.m.m.a.RequestMappingHandlerMapping - Mapped to com.example.bankcards.controller.AuthController#register(RegistrationDto)
2026-03-16 20:40:05 [main] DEBUG o.s.w.s.m.m.a.RequestResponseBodyMethodProcessor - Read "application/json;charset=UTF-8" to [RegistrationDto(username=Admin, firstName=Иван, lastName=Петров, email=ivanpetrov@example.com, passw (truncated)...]
2026-03-16 20:40:05 [main] DEBUG o.s.w.s.m.m.a.ExceptionHandlerExceptionResolver - Using @ExceptionHandler com.example.bankcards.exception.GlobalExceptionHandler#handleAlreadyExists(AlreadyExistsException, HttpServletRequest)
2026-03-16 20:40:05 [main] DEBUG o.s.w.s.m.m.a.RequestResponseBodyMethodProcessor - Using 'application/json', given [*/*] and supported [application/json, application/*+json, application/yaml]
2026-03-16 20:40:05 [main] DEBUG o.s.w.s.m.m.a.RequestResponseBodyMethodProcessor - Writing [ErrorResponseDTO(timestamp=2026-03-16T20:40:05.613341800, path=/api/auth/registration, status=409, e (truncated)...]
2026-03-16 20:40:05 [main] DEBUG o.s.w.s.m.m.a.ExceptionHandlerExceptionResolver - Resolved [com.example.bankcards.exception.AlreadyExistsException: Email уже занят]
2026-03-16 20:40:05 [main] DEBUG o.s.security.web.FilterChainProxy - Securing POST /api/auth/logout
2026-03-16 20:40:05 [main] DEBUG o.s.s.w.a.AnonymousAuthenticationFilter - Set SecurityContextHolder to anonymous SecurityContext
2026-03-16 20:40:05 [main] DEBUG o.s.security.web.FilterChainProxy - Secured POST /api/auth/logout
2026-03-16 20:40:05 [main] DEBUG o.s.w.s.m.m.a.RequestMappingHandlerMapping - Mapped to com.example.bankcards.controller.AuthController#logout(String)
2026-03-16 20:40:05 [main] DEBUG o.s.web.method.HandlerMethod - Could not resolve parameter [0] in public org.springframework.http.ResponseEntity<java.lang.Void> com.example.bankcards.controller.AuthController.logout(java.lang.String): Required request header 'Authorization' for method parameter type String is not present
2026-03-16 20:40:05 [main] DEBUG o.s.w.s.m.m.a.ExceptionHandlerExceptionResolver - Using @ExceptionHandler com.example.bankcards.exception.GlobalExceptionHandler#handleGenericException(Exception, HttpServletRequest)
2026-03-16 20:40:05 [main] DEBUG o.s.w.s.m.m.a.RequestResponseBodyMethodProcessor - Using 'application/json', given [*/*] and supported [application/json, application/*+json, application/yaml]
2026-03-16 20:40:05 [main] DEBUG o.s.w.s.m.m.a.RequestResponseBodyMethodProcessor - Writing [ErrorResponseDTO(timestamp=2026-03-16T20:40:05.623341600, path=/api/auth/logout, status=500, error=I (truncated)...]
2026-03-16 20:40:05 [main] DEBUG o.s.w.s.m.m.a.ExceptionHandlerExceptionResolver - Resolved [org.springframework.web.bind.MissingRequestHeaderException: Required request header 'Authorization' for method parameter type String is not present]
2026-03-16 20:40:05 [main] DEBUG o.s.security.web.FilterChainProxy - Securing POST /api/auth/registration
2026-03-16 20:40:05 [main] DEBUG o.s.s.w.a.AnonymousAuthenticationFilter - Set SecurityContextHolder to anonymous SecurityContext
2026-03-16 20:40:05 [main] DEBUG o.s.security.web.FilterChainProxy - Secured POST /api/auth/registration
2026-03-16 20:40:05 [main] DEBUG o.s.w.s.m.m.a.RequestMappingHandlerMapping - Mapped to com.example.bankcards.controller.AuthController#register(RegistrationDto)
2026-03-16 20:40:05 [main] DEBUG o.s.w.s.m.m.a.RequestResponseBodyMethodProcessor - Read "application/json;charset=UTF-8" to [RegistrationDto(username=, firstName=Иван, lastName=Петров, email=ivanpetrov@example.com, password=1 (truncated)...]
2026-03-16 20:40:05 [main] DEBUG o.s.w.s.m.m.a.ExceptionHandlerExceptionResolver - Using @ExceptionHandler com.example.bankcards.exception.GlobalExceptionHandler#handleMethodArgumentNotValidException(MethodArgumentNotValidException, HttpServletRequest)
2026-03-16 20:40:05 [main] DEBUG o.s.w.s.m.m.a.RequestResponseBodyMethodProcessor - Using 'application/json', given [*/*] and supported [application/json, application/*+json, application/yaml]
2026-03-16 20:40:05 [main] DEBUG o.s.w.s.m.m.a.RequestResponseBodyMethodProcessor - Writing [[ErrorResponseDTO(timestamp=2026-03-16T20:40:05.636341200, path=/api/auth/registration, status=422,  (truncated)...]
2026-03-16 20:40:05 [main] DEBUG o.s.w.s.m.m.a.ExceptionHandlerExceptionResolver - Resolved [org.springframework.web.bind.MethodArgumentNotValidException: Validation failed for argument [0] in public org.springframework.http.ResponseEntity<java.lang.String> com.example.bankcards.controller.AuthController.register(com.example.bankcards.dto.RegistrationDto): [Field error in object 'registrationDto' on field 'username': rejected value []; codes [NotBlank.registrationDto.username,NotBlank.username,NotBlank.java.lang.String,NotBlank]; arguments [org.springframework.context.support.DefaultMessageSourceResolvable: codes [registrationDto.username,username]; arguments []; default message [username]]; default message [поле не может быть пустым]] ]
2026-03-16 20:40:05 [main] DEBUG o.s.security.web.FilterChainProxy - Securing POST /api/auth/registration_list
2026-03-16 20:40:05 [main] DEBUG o.s.s.w.a.AnonymousAuthenticationFilter - Set SecurityContextHolder to anonymous SecurityContext
2026-03-16 20:40:05 [main] DEBUG o.s.security.web.FilterChainProxy - Secured POST /api/auth/registration_list
2026-03-16 20:40:05 [main] DEBUG o.s.w.s.m.m.a.RequestMappingHandlerMapping - Mapped to com.example.bankcards.controller.AuthController#registerList(List)
2026-03-16 20:40:05 [main] DEBUG o.s.w.s.m.m.a.RequestResponseBodyMethodProcessor - Read "application/json;charset=UTF-8" to [[RegistrationDto(username=user1, firstName=Иван1, lastName=Петров1, email=ivanpetrov1@example.com, p (truncated)...]
2026-03-16 20:40:05 [main] DEBUG o.s.w.s.m.m.a.HttpEntityMethodProcessor - Using 'text/plain', given [*/*] and supported [text/plain, */*, application/json, application/*+json, application/yaml]
2026-03-16 20:40:05 [main] DEBUG o.s.w.s.m.m.a.HttpEntityMethodProcessor - Writing ["Регистрация прошла успешно"]
2026-03-16 20:40:05 [main] DEBUG o.s.security.web.FilterChainProxy - Securing POST /api/auth/registration
2026-03-16 20:40:05 [main] DEBUG o.s.s.w.a.AnonymousAuthenticationFilter - Set SecurityContextHolder to anonymous SecurityContext
2026-03-16 20:40:05 [main] DEBUG o.s.security.web.FilterChainProxy - Secured POST /api/auth/registration
2026-03-16 20:40:05 [main] DEBUG o.s.w.s.m.m.a.RequestMappingHandlerMapping - Mapped to com.example.bankcards.controller.AuthController#register(RegistrationDto)
2026-03-16 20:40:05 [main] DEBUG o.s.w.s.m.m.a.RequestResponseBodyMethodProcessor - Read "application/json;charset=UTF-8" to [RegistrationDto(username=Admin, firstName=Иван, lastName=Петров, email=ivanpetrov@example.com, passw (truncated)...]
2026-03-16 20:40:05 [main] DEBUG o.s.w.s.m.m.a.HttpEntityMethodProcessor - Using 'text/plain', given [*/*] and supported [text/plain, */*, application/json, application/*+json, application/yaml]
2026-03-16 20:40:05 [main] DEBUG o.s.w.s.m.m.a.HttpEntityMethodProcessor - Writing ["Регистрация прошла успешно"]
2026-03-16 20:40:05 [main] DEBUG o.s.security.web.FilterChainProxy - Securing POST /api/auth/registration
2026-03-16 20:40:05 [main] DEBUG o.s.s.w.a.AnonymousAuthenticationFilter - Set SecurityContextHolder to anonymous SecurityContext
2026-03-16 20:40:05 [main] DEBUG o.s.security.web.FilterChainProxy - Secured POST /api/auth/registration
2026-03-16 20:40:05 [main] DEBUG o.s.w.s.m.m.a.RequestMappingHandlerMapping - Mapped to com.example.bankcards.controller.AuthController#register(RegistrationDto)
2026-03-16 20:40:05 [main] DEBUG o.s.w.s.m.m.a.RequestResponseBodyMethodProcessor - Read "application/json;charset=UTF-8" to [RegistrationDto(username=null, firstName=Иван, lastName=Петров, email=ivanpetrov@example.com, passwo (truncated)...]
2026-03-16 20:40:05 [main] DEBUG o.s.w.s.m.m.a.ExceptionHandlerExceptionResolver - Using @ExceptionHandler com.example.bankcards.exception.GlobalExceptionHandler#handleMethodArgumentNotValidException(MethodArgumentNotValidException, HttpServletRequest)
2026-03-16 20:40:05 [main] DEBUG o.s.w.s.m.m.a.RequestResponseBodyMethodProcessor - Using 'application/json', given [*/*] and supported [application/json, application/*+json, application/yaml]
2026-03-16 20:40:05 [main] DEBUG o.s.w.s.m.m.a.RequestResponseBodyMethodProcessor - Writing [[ErrorResponseDTO(timestamp=2026-03-16T20:40:05.706342500, path=/api/auth/registration, status=422,  (truncated)...]
2026-03-16 20:40:05 [main] DEBUG o.s.w.s.m.m.a.ExceptionHandlerExceptionResolver - Resolved [org.springframework.web.bind.MethodArgumentNotValidException: Validation failed for argument [0] in public org.springframework.http.ResponseEntity<java.lang.String> com.example.bankcards.controller.AuthController.register(com.example.bankcards.dto.RegistrationDto): [Field error in object 'registrationDto' on field 'username': rejected value [null]; codes [NotBlank.registrationDto.username,NotBlank.username,NotBlank.java.lang.String,NotBlank]; arguments [org.springframework.context.support.DefaultMessageSourceResolvable: codes [registrationDto.username,username]; arguments []; default message [username]]; default message [поле не может быть пустым]] ]
2026-03-16 20:40:05 [main] DEBUG o.s.security.web.FilterChainProxy - Securing POST /api/auth/refresh_token
2026-03-16 20:40:05 [main] DEBUG o.s.s.w.a.AnonymousAuthenticationFilter - Set SecurityContextHolder to anonymous SecurityContext
2026-03-16 20:40:05 [main] DEBUG o.s.security.web.FilterChainProxy - Secured POST /api/auth/refresh_token
2026-03-16 20:40:05 [main] DEBUG o.s.w.s.m.m.a.RequestMappingHandlerMapping - Mapped to com.example.bankcards.controller.AuthController#refreshToken(HttpServletRequest, HttpServletResponse)
2026-03-16 20:40:05 [main] DEBUG o.s.w.s.m.m.a.HttpEntityMethodProcessor - Using 'application/json', given [*/*] and supported [application/json, application/*+json, application/yaml]
2026-03-16 20:40:05 [main] DEBUG o.s.w.s.m.m.a.HttpEntityMethodProcessor - Writing [TokenResponseDto(accessToken=access-token, refreshToken=refresh-token)]
2026-03-16 20:40:05 [main] DEBUG o.s.security.web.FilterChainProxy - Securing POST /api/auth/registration_list
2026-03-16 20:40:05 [main] DEBUG o.s.s.w.a.AnonymousAuthenticationFilter - Set SecurityContextHolder to anonymous SecurityContext
2026-03-16 20:40:05 [main] DEBUG o.s.security.web.FilterChainProxy - Secured POST /api/auth/registration_list
2026-03-16 20:40:05 [main] DEBUG o.s.w.s.m.m.a.RequestMappingHandlerMapping - Mapped to com.example.bankcards.controller.AuthController#registerList(List)
2026-03-16 20:40:05 [main] DEBUG o.s.w.s.m.m.a.RequestResponseBodyMethodProcessor - Read "application/json;charset=UTF-8" to [[RegistrationDto(username=user1, firstName=Иван1, lastName=Петров1, email=ivanpetrov1@example.com, p (truncated)...]
2026-03-16 20:40:05 [main] DEBUG o.s.w.s.m.m.a.ExceptionHandlerExceptionResolver - Using @ExceptionHandler com.example.bankcards.exception.GlobalExceptionHandler#handleAlreadyExists(AlreadyExistsException, HttpServletRequest)
2026-03-16 20:40:05 [main] DEBUG o.s.w.s.m.m.a.RequestResponseBodyMethodProcessor - Using 'application/json', given [*/*] and supported [application/json, application/*+json, application/yaml]
2026-03-16 20:40:05 [main] DEBUG o.s.w.s.m.m.a.RequestResponseBodyMethodProcessor - Writing [ErrorResponseDTO(timestamp=2026-03-16T20:40:05.723343200, path=/api/auth/registration_list, status=4 (truncated)...]
2026-03-16 20:40:05 [main] DEBUG o.s.w.s.m.m.a.ExceptionHandlerExceptionResolver - Resolved [com.example.bankcards.exception.AlreadyExistsException: Имя пользователя 'user2' уже занято]
2026-03-16 20:40:05 [SpringApplicationShutdownHook] DEBUG o.s.w.c.s.GenericWebApplicationContext - Closing org.springframework.web.context.support.GenericWebApplicationContext@1716e8c5, started on Mon Mar 16 20:40:04 GMT+05:00 2026
2026-03-16 20:40:17 [main] INFO  c.e.b.controller.AuthControllerTest - Starting AuthControllerTest using Java 25.0.2 with PID 3960 (started by gorin47 in D:\Projects\Bank_REST\bank_rest)
2026-03-16 20:40:17 [main] DEBUG c.e.b.controller.AuthControllerTest - Running with Spring Boot v4.0.2, Spring v7.0.3
2026-03-16 20:40:17 [main] INFO  c.e.b.controller.AuthControllerTest - No active profile set, falling back to 1 default profile: "default"
2026-03-16 20:40:17 [main] DEBUG o.s.w.c.s.GenericWebApplicationContext - Refreshing org.springframework.web.context.support.GenericWebApplicationContext@1716e8c5
2026-03-16 20:40:18 [main] INFO  o.s.s.c.a.a.c.InitializeUserDetailsBeanManagerConfigurer$InitializeUserDetailsManagerConfigurer - Global AuthenticationManager configured with UserDetailsService bean with name userService
2026-03-16 20:40:18 [main] DEBUG o.s.s.web.DefaultSecurityFilterChain - Will secure any request with filters: DisableEncodeUrlFilter, WebAsyncManagerIntegrationFilter, SecurityContextHolderFilter, HeaderWriterFilter, CorsFilter, LogoutFilter, JwtAuthenticationFilter, RequestCacheAwareFilter, SecurityContextHolderAwareRequestFilter, AnonymousAuthenticationFilter, SessionManagementFilter, ExceptionTranslationFilter, AuthorizationFilter
2026-03-16 20:40:18 [main] DEBUG o.s.w.s.m.m.a.RequestMappingHandlerMapping - 7 mappings in 'requestMappingHandlerMapping'
2026-03-16 20:40:18 [main] DEBUG o.s.w.s.h.SimpleUrlHandlerMapping - Patterns [/webjars/**, /**] in 'resourceHandlerMapping'
2026-03-16 20:40:18 [main] DEBUG o.s.w.s.m.m.a.RequestMappingHandlerAdapter - ControllerAdvice beans: 0 @ModelAttribute, 0 @InitBinder, 2 RequestBodyAdvice, 1 ResponseBodyAdvice
2026-03-16 20:40:18 [main] DEBUG o.s.w.s.m.m.a.ExceptionHandlerExceptionResolver - ControllerAdvice beans: 1 @ExceptionHandler, 1 ResponseBodyAdvice
2026-03-16 20:40:18 [main] DEBUG c.e.b.s.JwtAuthenticationFilter - Filter 'jwtAuthenticationFilter' configured for use
2026-03-16 20:40:18 [main] INFO  o.s.b.t.m.w.SpringBootMockServletContext - Initializing Spring TestDispatcherServlet ''
2026-03-16 20:40:18 [main] INFO  o.s.t.w.s.TestDispatcherServlet - Initializing Servlet ''
2026-03-16 20:40:18 [main] INFO  o.s.t.w.s.TestDispatcherServlet - Completed initialization in 0 ms
2026-03-16 20:40:18 [main] INFO  c.e.b.controller.AuthControllerTest - Started AuthControllerTest in 1.326 seconds (process running for 1.943)
2026-03-16 20:40:18 [main] DEBUG o.s.security.web.FilterChainProxy - Securing POST /api/auth/login
2026-03-16 20:40:18 [main] DEBUG o.s.s.w.a.AnonymousAuthenticationFilter - Set SecurityContextHolder to anonymous SecurityContext
2026-03-16 20:40:18 [main] DEBUG o.s.security.web.FilterChainProxy - Secured POST /api/auth/login
2026-03-16 20:40:18 [main] DEBUG o.s.w.s.m.m.a.RequestMappingHandlerMapping - Mapped to com.example.bankcards.controller.AuthController#login(LoginRequestDto)
2026-03-16 20:40:18 [main] DEBUG o.s.w.s.m.m.a.RequestResponseBodyMethodProcessor - Read "application/json;charset=UTF-8" to [LoginRequestDto(username=Admin, password=123)]
2026-03-16 20:40:18 [main] DEBUG o.s.w.s.m.m.a.HttpEntityMethodProcessor - Using 'application/json', given [*/*] and supported [application/json, application/*+json, application/yaml]
2026-03-16 20:40:18 [main] DEBUG o.s.w.s.m.m.a.HttpEntityMethodProcessor - Writing [TokenResponseDto(accessToken=access-token, refreshToken=refresh-token)]
2026-03-16 20:40:19 [main] DEBUG o.s.security.web.FilterChainProxy - Securing POST /api/auth/logout
2026-03-16 20:40:19 [main] DEBUG o.s.s.w.a.AnonymousAuthenticationFilter - Set SecurityContextHolder to anonymous SecurityContext
2026-03-16 20:40:19 [main] DEBUG o.s.security.web.FilterChainProxy - Secured POST /api/auth/logout
2026-03-16 20:40:19 [main] DEBUG o.s.w.s.m.m.a.RequestMappingHandlerMapping - Mapped to com.example.bankcards.controller.AuthController#logout(String)
2026-03-16 20:40:19 [main] DEBUG o.s.w.s.m.m.a.HttpEntityMethodProcessor - Using 'application/json', given [*/*] and supported [application/json, application/*+json, application/yaml]
2026-03-16 20:40:19 [main] DEBUG o.s.w.s.m.m.a.HttpEntityMethodProcessor - Nothing to write: null body
2026-03-16 20:40:19 [main] DEBUG o.s.security.web.FilterChainProxy - Securing POST /api/auth/registration
2026-03-16 20:40:19 [main] DEBUG o.s.s.w.a.AnonymousAuthenticationFilter - Set SecurityContextHolder to anonymous SecurityContext
2026-03-16 20:40:19 [main] DEBUG o.s.security.web.FilterChainProxy - Secured POST /api/auth/registration
2026-03-16 20:40:19 [main] DEBUG o.s.w.s.m.m.a.RequestMappingHandlerMapping - Mapped to com.example.bankcards.controller.AuthController#register(RegistrationDto)
2026-03-16 20:40:19 [main] DEBUG o.s.w.s.m.m.a.RequestResponseBodyMethodProcessor - Read "application/json;charset=UTF-8" to [RegistrationDto(username=Admin, firstName=Иван, lastName=Петров, email=ivanpetrov@example.com, passw (truncated)...]
2026-03-16 20:40:19 [main] DEBUG o.s.w.s.m.m.a.ExceptionHandlerExceptionResolver - Using @ExceptionHandler com.example.bankcards.exception.GlobalExceptionHandler#handleAlreadyExists(AlreadyExistsException, HttpServletRequest)
2026-03-16 20:40:19 [main] DEBUG o.s.w.s.m.m.a.RequestResponseBodyMethodProcessor - Using 'application/json', given [*/*] and supported [application/json, application/*+json, application/yaml]
2026-03-16 20:40:19 [main] DEBUG o.s.w.s.m.m.a.RequestResponseBodyMethodProcessor - Writing [ErrorResponseDTO(timestamp=2026-03-16T20:40:19.070339800, path=/api/auth/registration, status=409, e (truncated)...]
2026-03-16 20:40:19 [main] DEBUG o.s.w.s.m.m.a.ExceptionHandlerExceptionResolver - Resolved [com.example.bankcards.exception.AlreadyExistsException: Имя пользователя уже занято]
2026-03-16 20:40:19 [main] DEBUG o.s.security.web.FilterChainProxy - Securing POST /api/auth/registration
2026-03-16 20:40:19 [main] DEBUG o.s.s.w.a.AnonymousAuthenticationFilter - Set SecurityContextHolder to anonymous SecurityContext
2026-03-16 20:40:19 [main] DEBUG o.s.security.web.FilterChainProxy - Secured POST /api/auth/registration
2026-03-16 20:40:19 [main] DEBUG o.s.w.s.m.m.a.RequestMappingHandlerMapping - Mapped to com.example.bankcards.controller.AuthController#register(RegistrationDto)
2026-03-16 20:40:19 [main] DEBUG o.s.w.s.m.m.a.RequestResponseBodyMethodProcessor - Read "application/json;charset=UTF-8" to [RegistrationDto(username=Admin, firstName=Иван, lastName=Петров, email=ivanpetrov@example.com, passw (truncated)...]
2026-03-16 20:40:19 [main] DEBUG o.s.w.s.m.m.a.ExceptionHandlerExceptionResolver - Using @ExceptionHandler com.example.bankcards.exception.GlobalExceptionHandler#handleAlreadyExists(AlreadyExistsException, HttpServletRequest)
2026-03-16 20:40:19 [main] DEBUG o.s.w.s.m.m.a.RequestResponseBodyMethodProcessor - Using 'application/json', given [*/*] and supported [application/json, application/*+json, application/yaml]
2026-03-16 20:40:19 [main] DEBUG o.s.w.s.m.m.a.RequestResponseBodyMethodProcessor - Writing [ErrorResponseDTO(timestamp=2026-03-16T20:40:19.085336800, path=/api/auth/registration, status=409, e (truncated)...]
2026-03-16 20:40:19 [main] DEBUG o.s.w.s.m.m.a.ExceptionHandlerExceptionResolver - Resolved [com.example.bankcards.exception.AlreadyExistsException: Email уже занят]
2026-03-16 20:40:19 [main] DEBUG o.s.security.web.FilterChainProxy - Securing POST /api/auth/logout
2026-03-16 20:40:19 [main] DEBUG o.s.s.w.a.AnonymousAuthenticationFilter - Set SecurityContextHolder to anonymous SecurityContext
2026-03-16 20:40:19 [main] DEBUG o.s.security.web.FilterChainProxy - Secured POST /api/auth/logout
2026-03-16 20:40:19 [main] DEBUG o.s.w.s.m.m.a.RequestMappingHandlerMapping - Mapped to com.example.bankcards.controller.AuthController#logout(String)
2026-03-16 20:40:19 [main] DEBUG o.s.web.method.HandlerMethod - Could not resolve parameter [0] in public org.springframework.http.ResponseEntity<java.lang.Void> com.example.bankcards.controller.AuthController.logout(java.lang.String): Required request header 'Authorization' for method parameter type String is not present
2026-03-16 20:40:19 [main] DEBUG o.s.w.s.m.m.a.ExceptionHandlerExceptionResolver - Using @ExceptionHandler com.example.bankcards.exception.GlobalExceptionHandler#handleGenericException(Exception, HttpServletRequest)
2026-03-16 20:40:19 [main] DEBUG o.s.w.s.m.m.a.RequestResponseBodyMethodProcessor - Using 'application/json', given [*/*] and supported [application/json, application/*+json, application/yaml]
2026-03-16 20:40:19 [main] DEBUG o.s.w.s.m.m.a.RequestResponseBodyMethodProcessor - Writing [ErrorResponseDTO(timestamp=2026-03-16T20:40:19.095336800, path=/api/auth/logout, status=500, error=I (truncated)...]
2026-03-16 20:40:19 [main] DEBUG o.s.w.s.m.m.a.ExceptionHandlerExceptionResolver - Resolved [org.springframework.web.bind.MissingRequestHeaderException: Required request header 'Authorization' for method parameter type String is not present]
2026-03-16 20:40:19 [main] DEBUG o.s.security.web.FilterChainProxy - Securing POST /api/auth/registration
2026-03-16 20:40:19 [main] DEBUG o.s.s.w.a.AnonymousAuthenticationFilter - Set SecurityContextHolder to anonymous SecurityContext
2026-03-16 20:40:19 [main] DEBUG o.s.security.web.FilterChainProxy - Secured POST /api/auth/registration
2026-03-16 20:40:19 [main] DEBUG o.s.w.s.m.m.a.RequestMappingHandlerMapping - Mapped to com.example.bankcards.controller.AuthController#register(RegistrationDto)
2026-03-16 20:40:19 [main] DEBUG o.s.w.s.m.m.a.RequestResponseBodyMethodProcessor - Read "application/json;charset=UTF-8" to [RegistrationDto(username=, firstName=Иван, lastName=Петров, email=ivanpetrov@example.com, password=1 (truncated)...]
2026-03-16 20:40:19 [main] DEBUG o.s.w.s.m.m.a.ExceptionHandlerExceptionResolver - Using @ExceptionHandler com.example.bankcards.exception.GlobalExceptionHandler#handleMethodArgumentNotValidException(MethodArgumentNotValidException, HttpServletRequest)
2026-03-16 20:40:19 [main] DEBUG o.s.w.s.m.m.a.RequestResponseBodyMethodProcessor - Using 'application/json', given [*/*] and supported [application/json, application/*+json, application/yaml]
2026-03-16 20:40:19 [main] DEBUG o.s.w.s.m.m.a.RequestResponseBodyMethodProcessor - Writing [[ErrorResponseDTO(timestamp=2026-03-16T20:40:19.107336700, path=/api/auth/registration, status=422,  (truncated)...]
2026-03-16 20:40:19 [main] DEBUG o.s.w.s.m.m.a.ExceptionHandlerExceptionResolver - Resolved [org.springframework.web.bind.MethodArgumentNotValidException: Validation failed for argument [0] in public org.springframework.http.ResponseEntity<java.lang.String> com.example.bankcards.controller.AuthController.register(com.example.bankcards.dto.RegistrationDto): [Field error in object 'registrationDto' on field 'username': rejected value []; codes [NotBlank.registrationDto.username,NotBlank.username,NotBlank.java.lang.String,NotBlank]; arguments [org.springframework.context.support.DefaultMessageSourceResolvable: codes [registrationDto.username,username]; arguments []; default message [username]]; default message [поле не может быть пустым]] ]
2026-03-16 20:40:19 [main] DEBUG o.s.security.web.FilterChainProxy - Securing POST /api/auth/registration_list
2026-03-16 20:40:19 [main] DEBUG o.s.s.w.a.AnonymousAuthenticationFilter - Set SecurityContextHolder to anonymous SecurityContext
2026-03-16 20:40:19 [main] DEBUG o.s.security.web.FilterChainProxy - Secured POST /api/auth/registration_list
2026-03-16 20:40:19 [main] DEBUG o.s.w.s.m.m.a.RequestMappingHandlerMapping - Mapped to com.example.bankcards.controller.AuthController#registerList(List)
2026-03-16 20:40:19 [main] DEBUG o.s.w.s.m.m.a.RequestResponseBodyMethodProcessor - Read "application/json;charset=UTF-8" to [[RegistrationDto(username=user1, firstName=Иван1, lastName=Петров1, email=ivanpetrov1@example.com, p (truncated)...]
2026-03-16 20:40:19 [main] DEBUG o.s.w.s.m.m.a.HttpEntityMethodProcessor - Using 'text/plain', given [*/*] and supported [text/plain, */*, application/json, application/*+json, application/yaml]
2026-03-16 20:40:19 [main] DEBUG o.s.w.s.m.m.a.HttpEntityMethodProcessor - Writing ["Регистрация прошла успешно"]
2026-03-16 20:40:19 [main] DEBUG o.s.security.web.FilterChainProxy - Securing POST /api/auth/registration
2026-03-16 20:40:19 [main] DEBUG o.s.s.w.a.AnonymousAuthenticationFilter - Set SecurityContextHolder to anonymous SecurityContext
2026-03-16 20:40:19 [main] DEBUG o.s.security.web.FilterChainProxy - Secured POST /api/auth/registration
2026-03-16 20:40:19 [main] DEBUG o.s.w.s.m.m.a.RequestMappingHandlerMapping - Mapped to com.example.bankcards.controller.AuthController#register(RegistrationDto)
2026-03-16 20:40:19 [main] DEBUG o.s.w.s.m.m.a.RequestResponseBodyMethodProcessor - Read "application/json;charset=UTF-8" to [RegistrationDto(username=Admin, firstName=Иван, lastName=Петров, email=ivanpetrov@example.com, passw (truncated)...]
2026-03-16 20:40:19 [main] DEBUG o.s.w.s.m.m.a.HttpEntityMethodProcessor - Using 'text/plain', given [*/*] and supported [text/plain, */*, application/json, application/*+json, application/yaml]
2026-03-16 20:40:19 [main] DEBUG o.s.w.s.m.m.a.HttpEntityMethodProcessor - Writing ["Регистрация прошла успешно"]
2026-03-16 20:40:19 [main] DEBUG o.s.security.web.FilterChainProxy - Securing POST /api/auth/registration
2026-03-16 20:40:19 [main] DEBUG o.s.s.w.a.AnonymousAuthenticationFilter - Set SecurityContextHolder to anonymous SecurityContext
2026-03-16 20:40:19 [main] DEBUG o.s.security.web.FilterChainProxy - Secured POST /api/auth/registration
2026-03-16 20:40:19 [main] DEBUG o.s.w.s.m.m.a.RequestMappingHandlerMapping - Mapped to com.example.bankcards.controller.AuthController#register(RegistrationDto)
2026-03-16 20:40:19 [main] DEBUG o.s.w.s.m.m.a.RequestResponseBodyMethodProcessor - Read "application/json;charset=UTF-8" to [RegistrationDto(username=null, firstName=Иван, lastName=Петров, email=ivanpetrov@example.com, passwo (truncated)...]
2026-03-16 20:40:19 [main] DEBUG o.s.w.s.m.m.a.ExceptionHandlerExceptionResolver - Using @ExceptionHandler com.example.bankcards.exception.GlobalExceptionHandler#handleMethodArgumentNotValidException(MethodArgumentNotValidException, HttpServletRequest)
2026-03-16 20:40:19 [main] DEBUG o.s.w.s.m.m.a.RequestResponseBodyMethodProcessor - Using 'application/json', given [*/*] and supported [application/json, application/*+json, application/yaml]
2026-03-16 20:40:19 [main] DEBUG o.s.w.s.m.m.a.RequestResponseBodyMethodProcessor - Writing [[ErrorResponseDTO(timestamp=2026-03-16T20:40:19.171337100, path=/api/auth/registration, status=422,  (truncated)...]
2026-03-16 20:40:19 [main] DEBUG o.s.w.s.m.m.a.ExceptionHandlerExceptionResolver - Resolved [org.springframework.web.bind.MethodArgumentNotValidException: Validation failed for argument [0] in public org.springframework.http.ResponseEntity<java.lang.String> com.example.bankcards.controller.AuthController.register(com.example.bankcards.dto.RegistrationDto): [Field error in object 'registrationDto' on field 'username': rejected value [null]; codes [NotBlank.registrationDto.username,NotBlank.username,NotBlank.java.lang.String,NotBlank]; arguments [org.springframework.context.support.DefaultMessageSourceResolvable: codes [registrationDto.username,username]; arguments []; default message [username]]; default message [поле не может быть пустым]] ]
2026-03-16 20:40:19 [main] DEBUG o.s.security.web.FilterChainProxy - Securing POST /api/auth/refresh_token
2026-03-16 20:40:19 [main] DEBUG o.s.s.w.a.AnonymousAuthenticationFilter - Set SecurityContextHolder to anonymous SecurityContext
2026-03-16 20:40:19 [main] DEBUG o.s.security.web.FilterChainProxy - Secured POST /api/auth/refresh_token
2026-03-16 20:40:19 [main] DEBUG o.s.w.s.m.m.a.RequestMappingHandlerMapping - Mapped to com.example.bankcards.controller.AuthController#refreshToken(HttpServletRequest, HttpServletResponse)
2026-03-16 20:40:19 [main] DEBUG o.s.w.s.m.m.a.HttpEntityMethodProcessor - Using 'application/json', given [*/*] and supported [application/json, application/*+json, application/yaml]
2026-03-16 20:40:19 [main] DEBUG o.s.w.s.m.m.a.HttpEntityMethodProcessor - Writing [TokenResponseDto(accessToken=access-token, refreshToken=refresh-token)]
2026-03-16 20:40:19 [main] DEBUG o.s.security.web.FilterChainProxy - Securing POST /api/auth/registration_list
2026-03-16 20:40:19 [main] DEBUG o.s.s.w.a.AnonymousAuthenticationFilter - Set SecurityContextHolder to anonymous SecurityContext
2026-03-16 20:40:19 [main] DEBUG o.s.security.web.FilterChainProxy - Secured POST /api/auth/registration_list
2026-03-16 20:40:19 [main] DEBUG o.s.w.s.m.m.a.RequestMappingHandlerMapping - Mapped to com.example.bankcards.controller.AuthController#registerList(List)
2026-03-16 20:40:19 [main] DEBUG o.s.w.s.m.m.a.RequestResponseBodyMethodProcessor - Read "application/json;charset=UTF-8" to [[RegistrationDto(username=user1, firstName=Иван1, lastName=Петров1, email=ivanpetrov1@example.com, p (truncated)...]
2026-03-16 20:40:19 [main] DEBUG o.s.w.s.m.m.a.ExceptionHandlerExceptionResolver - Using @ExceptionHandler com.example.bankcards.exception.GlobalExceptionHandler#handleAlreadyExists(AlreadyExistsException, HttpServletRequest)
2026-03-16 20:40:19 [main] DEBUG o.s.w.s.m.m.a.RequestResponseBodyMethodProcessor - Using 'application/json', given [*/*] and supported [application/json, application/*+json, application/yaml]
2026-03-16 20:40:19 [main] DEBUG o.s.w.s.m.m.a.RequestResponseBodyMethodProcessor - Writing [ErrorResponseDTO(timestamp=2026-03-16T20:40:19.187338300, path=/api/auth/registration_list, status=4 (truncated)...]
2026-03-16 20:40:19 [main] DEBUG o.s.w.s.m.m.a.ExceptionHandlerExceptionResolver - Resolved [com.example.bankcards.exception.AlreadyExistsException: Имя пользователя 'user2' уже занято]
2026-03-16 20:40:19 [SpringApplicationShutdownHook] DEBUG o.s.w.c.s.GenericWebApplicationContext - Closing org.springframework.web.context.support.GenericWebApplicationContext@1716e8c5, started on Mon Mar 16 20:40:17 GMT+05:00 2026
